article_id,case_id,window_type,window_start,window_end,query_text,title,source,published_date,url,curation_status,curator_note
b99cf20cae2447fc94db93df,HUGGINGFACE-00ab1bad61ad,appeal_stage_pre_decision_media,2009-07-05,2012-02-26,"""פרנסואה אבוטבול""",פרנסואה אבוטבול העסיק עובדים לא חוקיים - ynet.co.il,ynet.co.il,2011-03-10,https://news.google.com/rss/articles/CBMiZ0FVX3lxTFBoM3RQVFBWQl8xREhjSm53RkdZTTE3UmsxbkUtOEdsQk00WHVabzlLRElBbERjZDQ4R1VNQU5NbUpxRTB2YWlxX295Smp5eV9ENl9IMVJWWW12UDVuZmMxekdyV1VJVlk?oc=5,included,
56b4150306d9c35f7e899a61,HUGGINGFACE-00ab1bad61ad,appeal_stage_pre_decision_media,2009-07-05,2012-02-26,"""פרנסואה אבוטבול""",העבריין פרנסואה אבוטבול חוסל ביריות | N12 - mako,mako,2011-07-30,https://news.google.com/rss/articles/CBMid0FVX3lxTE5wZ2F2emt5SkdxdVB4V3ZBTW1JNFJTU2ZSQkdCdjJYU0hyS1YtQU1WNGdzRXNoQ3pneGxpTmZvYVdxYk1ydWFwVkpXQUp1SC1oTVBSOVFzalQyQURVRm9vR0tGY18zM3RRZjFxRXNNZndaTG1XTG9N?oc=5,included,
5d196f025e8ee4ee5e5e1364,HUGGINGFACE-00ab1bad61ad,appeal_stage_pre_decision_media,2009-07-05,2012-02-26,"""פרנסואה אבוטבול""",לוויית אבוטבול: 'מי שעשה זאת ישלם עוד השבוע' - ynet.co.il,ynet.co.il,2011-07-31,https://news.google.com/rss/articles/CBMiZ0FVX3lxTE9ZTnhxNm9yckhWWTByczJSMEV5X2h5R1Z2dUZnc1FxNkNJbFNac2djRWdpUHg5MFBVVThfcTdJbW5VeS0tYUx1aVoxSGw5UmpOdUJXZkVzbDNXM1k4a0JzbTFGVXBMZVE?oc=5,included,
0e096e6f1099929822be2b08,HUGGINGFACE-00ab1bad61ad,appeal_stage_pre_decision_media,2009-07-05,2012-02-26,"""פרנסואה אבוטבול""",פרנסואה אבוטבול חוסל בתחנת דלק סמוך לנתניה - ynet.co.il,ynet.co.il,2011-07-31,https://news.google.com/rss/articles/CBMiZ0FVX3lxTFA2UVRpcUJzNUlDbWxsOGd3Uk9DUlA1RTkweGxGNFNDcU5DUEktTlBaWHU1cW4wNHBXeXJGYmJtQmtScC1sWVVaUXdCZXh3VGdoQ2dvZUd1dHloUkVXT182S3FxcnF1LVE?oc=5,included,
d4d09668b8d712b25c49be24,HUGGINGFACE-00ab1bad61ad,appeal_stage_pre_decision_media,2009-07-05,2012-02-26,"""פרנסואה אבוטבול""",העבריין פרנסואה אבוטבול חוסל ביריות בתחנת דלק - גלובס,גלובס,2011-07-31,https://news.google.com/rss/articles/CBMiaEFVX3lxTE12SWZqTE9BeG9OVVRvMExJcmdpbENFejN5NXJYT0Q5Yl9PT0E4Wk9zRHBrNzYxTEd4X0hsaml3NmNaZzlteDFUVnRpaC1zNEJXZFo5RjNRNEpXRFl4ck5FMVVKQnBfV21J?oc=5,included,
ef5775783ee52c4c08342a26,HUGGINGFACE-00ab1bad61ad,appeal_stage_pre_decision_media,2009-07-05,2012-02-26,"""פרנסואה אבוטבול""",פרנסואה אבוטבול חוסל ביריות - ערוץ 7,ערוץ 7,2011-07-31,https://news.google.com/rss/articles/CBMiSEFVX3lxTE43aS1ac3lsVjJwV3JldlFBdkZjaG1uUEhuRzc2STA0YVktbk5WQzF1enk1X3BRT1h5c01mN1c2dl9yNmpXYTJuMQ?oc=5,included,
504481f5dffbf9c2e9e5e82a,HUGGINGFACE-00ab1bad61ad,appeal_stage_pre_decision_media,2009-07-05,2012-02-26,"""פרנסואה אבוטבול""",חיסול בצמרת עולם הפשע: מי היה פרנסואה אבוטבול? - רשת 13,רשת 13,2011-07-31,https://news.google.com/rss/articles/CBMiYEFVX3lxTE1xaUJRd1pnRWdqMV8tQkhxd3Z1bkNza3MyN2dJWkJhMHpoWi1ucUtlX3djMWJ1bHZGeVp1bUpYekMwREFpY2RESFZUdGF4WEpwMm9BcE14YmZzVDBnd3AzYQ?oc=5,included,
52bfc704737fbfa02bff275b,HUGGINGFACE-00ab1bad61ad,appeal_stage_pre_decision_media,2009-07-05,2012-02-26,"""פרנסואה אבוטבול""",חדשות - בארץ nrg - עלייתם ונפילתם של בני משפחת אבוטבול - מקור ראשון,מקור ראשון,2011-08-01,https://news.google.com/rss/articles/CBMibEFVX3lxTE56QW5qQzBpT3I2SEZGd21TSzJ4dnZKem11MWhTMjhKMGF0UFZiQVU5eUpUQnpJei1mYU1YWTNGVmFJdkZTX3l6WURPLXhkU2lKSndhNE1yLXNGSkwwNlNhZmtIdmIyMWgzX3JCdA?oc=5,included,
fb0592b1a368249c0c0c929b,HUGGINGFACE-00ab1bad61ad,appeal_stage_pre_decision_media,2009-07-05,2012-02-26,"""פרנסואה אבוטבול""",סוגרים חשבון: החיסולים הגדולים בעולם התחתון בישראל - mako,mako,2011-08-04,https://news.google.com/rss/articles/CBMiggFBVV95cUxNcGVCVHdMUEJkYXo4bDFjT0drZDZlRzAyaTh2QTdvSWo5bFRQNGFUdW1JWG15LVptNC10TlliVDVlTXc3REM5dFNlM0FxS2FmeHFOOGMxUWxwSWs4dmlJcVowMjR2UmM1bmZqOW8xeDVlTDVyN0NDdk5sbFRsV1liQ1JB?oc=5,included,
30149ee7551bbff7a25433c6,HUGGINGFACE-00ab1bad61ad,appeal_stage_pre_decision_media,2009-07-05,2012-02-26,"""פרנסואה אבוטבול""","הנפילה של משפ' אבוטבול: ""לא נשאר מי שיגיב"" - ynet.co.il",ynet.co.il,2011-08-07,https://news.google.com/rss/articles/CBMiZ0FVX3lxTE51N3N5UkFhckZZVVctY0x1V2J6ZktHLTE0dmFEMTdQUkJDQkdSM00yamcybFphV094bFNlQmVEOVRuZkxuS1NTdGpiNFBubVByMy0tc2w5TmVzNXNINmZndmlBQ3R0T3c?oc=5,included,
9659649099c07cc70f5ec383,HUGGINGFACE-00ab1bad61ad,appeal_stage_pre_decision_media,2009-07-05,2012-02-26,"""פרנסואה אבוטבול""",שבוע לרצח אבוטבול: ילד השמנת שהפך לעבריין - וואלה חדשות,וואלה חדשות,2011-08-07,https://news.google.com/rss/articles/CBMiTkFVX3lxTE9UVXNPRHdSWExYMXNMY00wT1ZncFc0ckJVc2p0VTQ3TnBJWDZUcmNHbm53ODhTZHEyZWU0MkdKMlZPUHp4MEJqeThuVnh6Zw?oc=5,included,
56dfaa055092620816d96b95,HUGGINGFACE-00ab1bad61ad,appeal_stage_pre_decision_media,2009-07-05,2012-02-26,"""פרנסואה אבוטבול""","""זה נגמר"": האם ארגון הפשיעה של משפחת אבוטבול מתרסק? - מקור ראשון",מקור ראשון,2011-08-07,https://news.google.com/rss/articles/CBMibkFVX3lxTFB3RU1wcno5dVJ2VHY3NHQ0d3hzdWxBN0txbFkxQ3FKSlJEZ2M5UmNLVmlrVFF6bzNUUkNBOE5GYnlwNVdlcFdhSEUtbzJNazMzNFU1TU9IdENNelVZS1FkbTVra3ZQVXMyem9CY29R?oc=5,included,
c46ea8b45424764efe67c0e0,HUGGINGFACE-00ab1bad61ad,appeal_stage_pre_decision_media,2009-07-05,2012-02-26,"""פרנסואה אבוטבול""","העבריין צ'רלי אבוטבול זומן למשרדי היאחב""ל - וואלה חדשות",וואלה חדשות,2011-08-15,https://news.google.com/rss/articles/CBMiTkFVX3lxTFAzWGkyTGQ5SjdLZTJ4QTNvQ1FhVUtCWmNFNGZBblZBckRiTThvR0RCY1U4LWZycmpqVWN4cHZGUGJwWURuZGUyQ3h6SVEyQQ?oc=5,included,
3d1e0e00f72c8059fd7c587c,HUGGINGFACE-00ab1bad61ad,appeal_stage_pre_decision_media,2009-07-05,2012-02-26,"""פרנסואה אבוטבול""","בכיר בארגונו של אסי אבוטבול חוסל ליד בי""ח וולפסון בחולון - מקור ראשון",מקור ראשון,2011-12-19,https://news.google.com/rss/articles/CBMibkFVX3lxTE9Xd2ZxRkZneXNjQlEySnRQRUN1YnVRN2prYkFRMHVKUG5icVNSMGFzVDlaZlkyN2QzeVJxOXFoTThCV0hvSFE1ak9BM2ZiTS03R3dtYnE0YjZZUHJZRXY1V1BNSDZvOE1RcU5Ibzh3?oc=5,included,
c3d592032eb317ad2192e264,HUGGINGFACE-00ab1bad61ad,appeal_stage_pre_decision_media,2009-07-05,2012-02-26,"""פרנסואה אבוטבול""",גובה חובות אכזר: על החבר הטוב של אסי אבוטבול - וואלה חדשות,וואלה חדשות,2011-12-20,https://news.google.com/rss/articles/CBMiTkFVX3lxTE9CdmxaMjQ1VDBuWjg1MlBPbWdFMENSbDR0RFBEellKcDVRMGh3QUZIa2t6N2RSeEltMzVMcGN6U0FaQ2hCM0s3SzF4cXRiUQ?oc=5,included,
295533b7dc58376be7a2b275,HUGGINGFACE-00ab1bad61ad,appeal_stage_pre_decision_media,2009-07-05,2012-02-26,"""פרנסואה אבוטבול""",חיסול ידוע מראש - היום,היום,2012-01-13,https://news.google.com/rss/articles/CBMiVkFVX3lxTE5JbVU0VXhhODgzYzdoZFd0RGtmcGRmRURPVEU5TGVKazdQN2p6RVF3YjJKTXVkdmEydnlQMjBveWxMNjNKLXhRdkgtMm9RcHd0ZEVsZTJn?oc=5,included,
11de2c809d1e2240cee98fe9,HUGGINGFACE-00ab1bad61ad,appeal_stage_pre_decision_media,2009-07-05,2012-02-26,"""פרנסואה אבוטבול""","""נכניס את כולם לכלא"" - היום",היום,2012-01-21,https://news.google.com/rss/articles/CBMiVkFVX3lxTFBHUElBSHo0NVpITlllWWs5ZDhOMUFPV2p4NEZpTXJRdTU3WFhUdFdpLU9IU29sUGM2WENaMXJ2VGwxUmpJVU1Mb1JZT21wamVxMGNWcFVR0gFeQVVfeXFMT0VER3h0UUVVSlFPTU5xMXA4WHVtTDJBQWNiY2ZnSUhaWTVzUXMxLXREOFBzbmdrdEZWV1pyamwxZTk5dDAtUHI2RUhuWUZlZjZRQWVxZTJ1ZU9uVXpJUQ?oc=5,included,
631cec679af02caeaa8e98a4,HUGGINGFACE-00ab1bad61ad,appeal_stage_pre_decision_media,2009-07-05,2012-02-26,"""פרנסואה אבוטבול""",פרנסואה אבוטבול נשאר בינתיים בצפון: בית המשפט עיכב זמנית העברתו לכלא רמון - רשת 13,רשת 13,2012-01-24,https://news.google.com/rss/articles/CBMiYEFVX3lxTFBFR2swdFZSdFVjbnpyZ012ckxuTG1VcUpwMjF6NzhKMjJ3MzlnYnVVaS12NXk3MGN2QlZ1UnFqSW9kSGdnempyOVEwR0NxQmRSMUhaQndLdy1sTEQtSlJ1cw?oc=5,included,
efba8218bf9626e0cfd527f7,HUGGINGFACE-00ab1bad61ad,appeal_stage_pre_decision_media,2009-07-05,2012-02-26,"""פרנסואה אבוטבול""",עיר בלי ראש - האם הפשע בנתניה עדיין מאורגן - ynet.co.il,ynet.co.il,2012-01-30,https://news.google.com/rss/articles/CBMiZ0FVX3lxTFBqQnBjaHp4NTZGMzcxaGNGdHVmbzR5TFd4U1RNb1VXdHJ5dlBXUGQ3Rkc5WENyM1R4QXB0cnF0MjA4MmtwbmtxNjhKS2Y2N0VmMWh6YmlIemxncFA5REM5V3picVVCbGM?oc=5,included,
83c7d0f667804b0bdb143408,HUGGINGFACE-00ab1bad61ad,appeal_stage_pre_decision_media,2009-07-05,2012-02-26,"""פרנסואה אבוטבול""","משפחתו של לוי ז""ל לאבוטבול: ""רוצח"" - mako",mako,2012-02-26,https://news.google.com/rss/articles/CBMid0FVX3lxTE5tLTFkaHd3cXgzTHFaOGZPaDlIZXM1OHh6cTYzamFNR25HZ2pnLTZiX0lsZF9nemxuTkhjWnN0dGx5STF5TmJwOFhGOUVLOWxmRzFHbkJRMEZ3TEZOdlhnT2t6b2Q5d2ljb0VwaHB1cEk2dzBSbEpv?oc=5,included,
4707d3bfab6dcf4a95e8e241,HUGGINGFACE-00ab1bad61ad,appeal_stage_pre_decision_media,2009-07-05,2012-02-26,"""פרנסואה אבוטבול""",הערעור נדחה: פרנסואה אבוטבול למאסר עולם - ynet.co.il,ynet.co.il,2012-02-27,https://news.google.com/rss/articles/CBMiZ0FVX3lxTE15WE9sVy12ejRRUmJDeXNHTmhyRWNERWw2OXRIdkhSUkhfSWJUS09HaG1ITGQ1aXY1S0dfcUQ2QS1DRXdrb2JVejlmWkJ4M0VWbTdGTXpHX3ZoVS0wRERUZElmWl9WbWc?oc=5,excluded_after_window,
c7e32238ab10549c7c11e8b4,HUGGINGFACE-00ab1bad61ad,appeal_stage_pre_decision_media,2009-07-05,2012-02-26,"""פרנסואה אבוטבול""","נדחה ערעורו של פרנסואה אבוטבול, שרצח נער ב-2004 - וואלה חדשות",וואלה חדשות,2012-02-27,https://news.google.com/rss/articles/CBMiTkFVX3lxTE5uVUNtZ3hVcXljT2pibDBXZm5DTWh2elZpY2VHc1VDVHBUakxVV1dNN3BKNjNjM05MVlpNMnJnc0Q5aHVGZ1hhV09pQ1kyZw?oc=5,excluded_after_window,
4f463c4e5bb64678af79e79a,HUGGINGFACE-00ab1bad61ad,appeal_stage_pre_decision_media,2009-07-05,2012-02-26,"""פרנסואה אבוטבול""",חדשות - בארץ nrg - רצח רענן לוי: נדחה הערעור של אבוטבול - מקור ראשון,מקור ראשון,2012-02-27,https://news.google.com/rss/articles/CBMibEFVX3lxTE1nSXdjQjR0d05FM2lSZEFwNF9zNmpCdzJPYzlBeHlWSV9qeXFUamwybS16bUJ5eXFsV0lrbG9wS2NJR1hYVDdhdjNSZlE3a09GS3EtUmVFOU9id1J4U2hCa2lXNDF5eklnZ09MWA?oc=5,excluded_after_window,
e7924b0d11c365ded702d2e3,HUGGINGFACE-00ab1bad61ad,appeal_stage_pre_decision_media,2009-07-05,2012-02-26,"""פרנסואה אבוטבול""",העליון דחה את הערעור: פרנסואה אבוטבול ימשיך לרצות מאסר עולם - רשת 13,רשת 13,2012-02-27,https://news.google.com/rss/articles/CBMiYEFVX3lxTFBrYVhpdU13UVcwRnhqVTlWR2VCMjgzUTlwQjFXNWdiMU9vRWR4ZlQ0Y2h3ZlpVOHRjOUkwOHdJTmhCbnJSdlJrODBHWHRYaFBxRjZsUzQyM3FZSkhYd2ZEaA?oc=5,excluded_after_window,
1f42f3c62cd145f781714977,HUGGINGFACE-00ab1bad61ad,district_verdict_stage_media,2009-06-28,2009-08-04,"""פרנסואה אבוטבול""","אבי אבוטבול לשי שירזי: ""שים להם איזה מטען לא משנה למי ביניהם"" - וואלה חדשות",וואלה חדשות,2009-06-30,https://news.google.com/rss/articles/CBMiTkFVX3lxTFA1M1hNX3lLVE9WRjZZUmhoM0lpZ0NoZXdpQXdfd3Q5SXA0TXloa2xwblJXZjJDbWdwWkpkN0otdzVSOEJXMkVRT20xbmh1UQ?oc=5,included,
b8b2212ee6148eee1522272f,HUGGINGFACE-00ab1bad61ad,district_verdict_stage_media,2009-06-28,2009-08-04,"""פרנסואה אבוטבול""",אישום: אבי אבוטבול ביקש לפגוע בבן דודו - וואלה חדשות,וואלה חדשות,2009-07-02,https://news.google.com/rss/articles/CBMiTkFVX3lxTE1feW9CczJBV196aFk4YTFOanhwRTNUcVVkY3hjZnlfOTBmZlBUcnAweVgtakVTNzNXVGotcHVPUEt2ZHpxbWR3SlZmUGgxQQ?oc=5,included,
da84607a02a446e555a7a677,HUGGINGFACE-00ab1bad61ad,district_verdict_stage_media,2009-06-28,2009-08-04,"""פרנסואה אבוטבול""",חדשות - בארץ nrg - ...אבי אבוטבול מואשם שתכנן לפגוע בבן - מקור ראשון,מקור ראשון,2009-07-02,https://news.google.com/rss/articles/CBMibEFVX3lxTFBPLXhwbzg0RUQ1NFBYNzZOUnAwcy1reEhWbjYweU9ENHAxaVZQQzJzdWExMXpjbHF5dVY4YkNhMnJ3a1AybWIwMGVsTlNCekhIbnF0R1preU9fbFRTTmxHcDU2aUZlREFiejcwOA?oc=5,included,
c0bfdfd9c7f7021a0e936f62,HUGGINGFACE-00ab1bad61ad,district_verdict_stage_media,2009-06-28,2009-08-04,"""פרנסואה אבוטבול""",פרסום ראשון: התובעת של אבוטבול צמודה למאבטח - mako,mako,2009-07-05,https://news.google.com/rss/articles/CBMid0FVX3lxTFBVSEJnRWMxTm1FM3NncHdJVmcwMGQyTUplcXlwNFZRVkswLWc3cHBseG83N182R1VSV1M5cEs1NGVFYXZfN3p4Tm9nWkVGYzhWMVNGNWFsbXZTODNZTGxTSE1oUk16YlowS3hHSXpBRWlQZDB0TTdr?oc=5,included,
b4a99594b1d1ea65be01fe2e,HUGGINGFACE-00ab1bad61ad,district_verdict_stage_media,2009-06-28,2009-08-04,"""פרנסואה אבוטבול""",רצח רענן לוי: מאסר עולם לפרנסואה אבוטבול - ynet.co.il,ynet.co.il,2009-07-05,https://news.google.com/rss/articles/CBMiZ0FVX3lxTE1sc0FnaFRYTW5fd1JBVXFZMFhUSFNpZVppN09iejRRQWNWeFhJSGxLVV9zdG9MU2U1UmxIQzRHclVrelBFUndlRGVBeTlnRHloU3F0dWQwcm9tTUNCNno2MEpURTVIRnc?oc=5,included,
02b22f004eefcfb99fdf8c5a,HUGGINGFACE-00ab1bad61ad,district_verdict_stage_media,2009-06-28,2009-08-04,"""פרנסואה אבוטבול""",מאסר עולם לפרנסואה אבוטבול שהורשע ברצח הנער רענן לוי - גלובס,גלובס,2009-07-05,https://news.google.com/rss/articles/CBMiaEFVX3lxTE1CTGV6S1psMjFQRUN6NmRXSmwtTFBranZabkhWU0JSWFhIQU82My1nMzV6bnpHSU9YSTFDWTFadVl2UHR1cnNBdDVNbWp3VmJ4enMwRDJzbFNWQ1ZJa2FEVF9zaVpOYU9Y?oc=5,included,
62b030f4e2d952d635fa88c2,HUGGINGFACE-00ab1bad61ad,district_verdict_stage_media,2009-06-28,2009-08-04,"""פרנסואה אבוטבול""","פרקליטי אבוטבול: ""פסק הדין לא הגיוני, נערער"" - וואלה חדשות",וואלה חדשות,2009-07-05,https://news.google.com/rss/articles/CBMiTkFVX3lxTFBTYWVfVUp1WVJjOGkyTjd5bXZ0bEVlOHp0aHE0M0pLZ3d2U3VSY2x4bUE5aW44dHM2bVEwVXdYTzFaZXRfSmZiSXRWUE80UQ?oc=5,included,
82fd7cf845c44126c50b0b87,HUGGINGFACE-00ab1bad61ad,district_verdict_stage_media,2009-06-28,2009-08-04,"""פרנסואה אבוטבול""",חדשות - בארץ nrg - סיפור המשל שהפליל את פרנסואה אבוטבול - מקור ראשון,מקור ראשון,2009-07-05,https://news.google.com/rss/articles/CBMibEFVX3lxTFB0RHJra1dvZlNUaFpHTC1ibUozal83Wk13ZFVfWnlfUEc1ZFBfUGtHN0xSNkxtQ2JlZ3pYZmZIcjBsczFRY1VQZ3NhUWZZUDB2c09kWElxN3dtODg0MHd6dFpxRTNXd2czSi1qVg?oc=5,included,
b0b84ea6d044950d8876298c,HUGGINGFACE-00ab1bad61ad,district_verdict_stage_media,2009-06-28,2009-08-04,"""פרנסואה אבוטבול""",התפוררות: עלייתה ונפילתה של משפחת אבוטבול - ynet.co.il,ynet.co.il,2009-07-06,https://news.google.com/rss/articles/CBMiZ0FVX3lxTE1pUHFpM3c4c2VwWWR5NkMxdVFBMzIwX0p0UGt4UW9VVWRFS3VqcGNYNlpuemZRb0NhdlBUMUxkTVdBVVV2WV9qLXRDT3ZKVjZraFhsZXV2d25LYnJ1WWR5Y0JTb0VlWTA?oc=5,included,
b2df02bdc147eb293b246c34,HUGGINGFACE-00ab1bad61ad,district_verdict_stage_media,2009-06-28,2009-08-04,"""פרנסואה אבוטבול""",האחים פרנסואה ואסי אבוטבול ירצו את מאסרם בתא משותף - וואלה חדשות,וואלה חדשות,2009-07-13,https://news.google.com/rss/articles/CBMiTkFVX3lxTFBwQ2xrY25QZ3haWFl2MW5fTnJKempJNzNGSTZHd0s5VnJLbVJYZVlFUXlfRm1pWktyWHJVd3VlTVBxbU1GY3FmMlFsVXQxZw?oc=5,included,
450ae088cb73fc8d342ed906,HUGGINGFACE-029159f13383,appeal_stage_pre_decision_media,2014-07-22,2017-01-09,"""אלי פחימה""",היועץ וינשטיין: לסיים בהקדם חקירת שרה נתניהו - ynet.co.il,ynet.co.il,2016-01-11,https://news.google.com/rss/articles/CBMiZ0FVX3lxTE9WY3k3ZWV2NEswMkN6VDZaYnVFM3lHNDRadUxEd3poNEF4Zk8wcFBPcHRkQm1OUEtMak5GN0V6S21RU0xZTnd5VXFOWkh1ZzlLYWllcHcyNmFBQ0kxZWZQNE95NkV0QjQ?oc=5,included,
45758f9966441b97dc1a9be7,HUGGINGFACE-02a763ded951,appeal_stage_pre_decision_media,2018-09-06,2019-04-30,"""איימן כורד""","ביהמ""ש גזר 35 שנות מאסר על מחבל שדקר שוטרת והותיר אותה משותקת - הארץ",הארץ,2018-09-12,https://news.google.com/rss/articles/CBMipAFBVV95cUxOYUhoWjlaRTA4VWFSbTM5WVZickV6UkhsR2poR0ZvZGNYa1F4ZF80VDZiYUFLZllLc1IzdlJLTDZ5R1JHVHJycHFGeFlaemM1UjdRWmZseHVQZ3k3SjU4S2ozdmVWb2JjOWg0VVFXUHNudTY3MFRYMjJoNHBiR2FWc3BOQnhIQm4tdEdhLS1CeUJicGdndExrSzh5eFBCbHJMMjFBbw?oc=5,included,
a56f51bf37e04836fcfa9add,HUGGINGFACE-02a763ded951,district_verdict_stage_media,2018-08-30,2018-10-06,"""איימן כורד""","ביהמ""ש גזר 35 שנות מאסר על מחבל שדקר שוטרת והותיר אותה משותקת - הארץ",הארץ,2018-09-12,https://news.google.com/rss/articles/CBMipAFBVV95cUxOYUhoWjlaRTA4VWFSbTM5WVZickV6UkhsR2poR0ZvZGNYa1F4ZF80VDZiYUFLZllLc1IzdlJLTDZ5R1JHVHJycHFGeFlaemM1UjdRWmZseHVQZ3k3SjU4S2ozdmVWb2JjOWg0VVFXUHNudTY3MFRYMjJoNHBiR2FWc3BOQnhIQm4tdEdhLS1CeUJicGdndExrSzh5eFBCbHJMMjFBbw?oc=5,included,
3f2845a3546038933cd0b5e6,HUGGINGFACE-0602fabdbd9a,appeal_stage_pre_decision_media,2019-07-02,2020-01-20,"""פריסיליה קשתי""","במציאות פריסיליה קשתי בכלא, באינסטגרם היא בלאס וגאס - mako",mako,2019-12-05,https://news.google.com/rss/articles/CBMigAFBVV95cUxOZ1dpalRfSGQtSW1DTURac0dGeXdJVU9fVE53V2JJX0xzLWFKSDROVUoyQzhRczBKTlczS21KN3MtODVoWXo5NmJxNW5DYXM3OUwtampWcWRFYnlvZWRIUTRUNG5TXzgzalM5dHFsakdBUTJvM2E3cmJuRV91THlkNQ?oc=5,included,
de3087cd6b987e198b2131f7,HUGGINGFACE-0602fabdbd9a,appeal_stage_pre_decision_media,2019-07-02,2020-01-20,"""פריסיליה קשתי""",הצעירה שהורשעה בדריסת קשיש והפקרתו – ממשיכה לחגוג באינסטגרם - השקמה ראשון לציון,השקמה ראשון לציון,2019-12-17,https://news.google.com/rss/articles/CBMiYkFVX3lxTE1hZnFyazJNUnRpMGhEVTJHTWVOaGlDWHVQbDZLOW9zbmZRWkRKQVNmR2VkakVfY2pRZThvbnZVMldZV0FuQ3lNWWs5M3lDc2p5aVIyQ2FvRzh1eXB5Z2Uxcnhn?oc=5,included,
7b789a6be749ef3fec9d8d43,HUGGINGFACE-0602fabdbd9a,appeal_stage_pre_decision_media,2019-07-02,2020-01-20,"""פריסיליה קשתי""","פרסיליה קשתי בבית המשפט בדיון על קיצור עונשה: ""אני מתה מבפנים יום יום"" - mako",mako,2020-01-13,https://news.google.com/rss/articles/CBMijgFBVV95cUxPYzg2N0QyWWRidG9jU09EUEh1eGpYbkRsOGR6REZxc3Z6UnBIMGgtSl9maEl3TW9UNmtVLUhpSFlGRkNxU3FIU0FPRVNpWTZLblR6eTdfeDlCS2ZnSVR0bUpVQ1RacVhrMzU2WEFhWjFraC1ucHNFQ2kzdFNSeGZuNVJPLWFsZ2ZLZHA0VU1n?oc=5,included,
1b669292a188227109bd6697,HUGGINGFACE-080535609159,appeal_stage_pre_decision_media,2011-10-23,2013-06-30,"""טל מור""",(הכותרת הוסתרה: הכתבה אינה עוסקת בתיק),ynet.co.il,2013-04-15,,excluded_wrong_case,הוחרג בבדיקה ידנית: הכתבה אינה עוסקת בתיק (אדם אחר בעל אותו שם או עניין אחר)
b33b4f238063ddb3e486b7c3,HUGGINGFACE-080535609159,district_verdict_stage_media,2011-10-16,2011-11-22,"""טל מור""","12 שנות מאסר בפועל לטל מור שדרס, הרג והפקיר את שניאור חשין ז""ל - mako",mako,2011-10-23,https://news.google.com/rss/articles/CBMid0FVX3lxTE9HT09SbFk2cEZGWXozbHgzVVIweW1Yb1NVdl9LMW15WUR4WHhUa1hCNDA2WHhwaGFUNV9xNUo0T09DNGE3bm9EWHJKYjdCMlZWRFc5ZFA0TEFxX3ZEcExUXzVhYVJnbWZjNDI4RGxQaGp5ZmxYTzJj?oc=5,included,
e5dbc78f170e1272797c2dc4,HUGGINGFACE-080535609159,district_verdict_stage_media,2011-10-16,2011-11-22,"""טל מור""","אביו של טל מור: ""השופטים הם חברים של חשין"" - mako",mako,2011-10-23,https://news.google.com/rss/articles/CBMid0FVX3lxTE5Bb0NLSU5BbmhiaEptMTJLbWZtMVNNb0piUXppaWJtOVV0MUlMRm5BcEZQVVhqazRLZkgteDVVMTVGM3ZENzNLZUlIX0FJMG1fWkpBQjRuNFIyVUh0b0hVX3lxN1d0eVdYaFpfSFJGY01BVTFvUGRV?oc=5,included,
0a696752780ffdc1f474cf0a,HUGGINGFACE-080535609159,district_verdict_stage_media,2011-10-16,2011-11-22,"""טל מור""","12 שנות מאסר לטל מור על דריסת שניאור חשין; השופט: ""כדאי להדביק גזר דין זה על קירות בפאבים"" - גלובס",גלובס,2011-10-23,https://news.google.com/rss/articles/CBMiaEFVX3lxTFBHS1dqYzFYZXpRR0YxU0Q1cTU1U2s5dDFTUjlKTDIzdHkyTmk2bEIySFdZWEdfRGhXdnQxNVAtQ25qaHhHeEdtZXhFZzNpbTFYVXBjQmdHVHB3WmxQeHhULVROQlk3M2I1?oc=5,included,
65b98a811751c19892362451,HUGGINGFACE-080535609159,district_verdict_stage_media,2011-10-16,2011-11-22,"""טל מור""",12 שנות מאסר לטל מור שדרס והפקיר את שניאור חשין - הארץ,הארץ,2011-10-23,https://news.google.com/rss/articles/CBMimAFBVV95cUxNNi1saEhKZmVZUFVBZEhjQUxKdHE5REo4ZnpzSXRRcG43ZzhVNkgwdDViMTN3c0JZT2pTaGJTOUI5LXVyMWRaeTBrU2p5MnVzUUJnLVg3bjJaMHF2MDdmSVl4NlRGX2tCeXZuREs4cGFFb2pfTEE3alU0SlhHUWpzOXJKNUZjYkZCU2RZN3JLc3R2dGZDOFJhRg?oc=5,included,
3899438a697af8c0e542cade,HUGGINGFACE-080535609159,district_verdict_stage_media,2011-10-16,2011-11-22,"""טל מור""",בית המשפט גזר 12 שנות מאסר על טל מור - וואלה חדשות,וואלה חדשות,2011-10-23,https://news.google.com/rss/articles/CBMiTkFVX3lxTE5LZ0ZWVjFaUTIwcHV3S2Vmc0pPZ3I3V25IcXJubF9xWjFOQ2JGdFQ2ODd1SmZMSmpIQTRfNElMWDFXRXRvS2JibF9Cam44Zw?oc=5,included,
1714a976ebeb4a5b3d657089,HUGGINGFACE-080535609159,district_verdict_stage_media,2011-10-16,2011-11-22,"""טל מור""",(הכותרת הוסתרה: הכתבה אינה עוסקת בתיק),רשת 13,2011-10-23,,excluded_wrong_case,הוחרג בבדיקה ידנית: הכתבה אינה עוסקת בתיק (אדם אחר בעל אותו שם או עניין אחר)
65dfe19d84fd0c926524025e,HUGGINGFACE-080535609159,district_verdict_stage_media,2011-10-16,2011-11-22,"""טל מור""","12 שנות מאסר לטל מור, הנהג שדרס את שניאור חשין - שוונג",שוונג,2011-10-23,https://news.google.com/rss/articles/CBMizgJBVV95cUxPQ042N1RITnBUZ0tGeEJmMzkwRXRyUzBta24zaDI1RXdQS21QbmIwV3pMZ05wSmFKbFNac1RSNzZlQVJWNld2dzEyc01PbEVXTWFtWGRGNU1mYW44cHFZQXlfNzNDNFpqdVJYaTd3b1YtdXFuVXRkd2dpbk9hcUtNeFJWUGpmalVNNVZqTlRiblhzU2NZdUhkT1lNVlozR1Q1VzZxWXl1QmdRQWVkLWFpeFRJNHpEcE9ueXVLWkllZ2lwdVBiZ1VJaFpNam5RLWV1a0xmcjJDMWRxVzFTcEVvd2ZiemdyYWFGYUtHdzRZZHdnaTBSV2R4RU1BWEZCc1FCRFZpZGoyTTdLcGg3WjNjczFLZmRaZFZNWEx3ZEc1ZHdtdzA5SUN2NEY0VGk3MWQ2M1c3T2FlOXJqZWxmd2hIOEEzdUpnZ1I2WnpnTC1B?oc=5,included,
09771aaeadc5a23e465d14e6,HUGGINGFACE-080535609159,district_verdict_stage_media,2011-10-16,2011-11-22,"""טל מור""",צפו: טל מור בחדר החקירות - mako,mako,2011-10-25,https://news.google.com/rss/articles/CBMid0FVX3lxTE1Ea1M3YjNMZHFqM0lyY3ZpaC1VcDZNX3lPM0lBN2VYZWQ0d1lBSi1PdVdQdzJYSnVITy00MGNCU0YyRm1CdFRTSVFpZFk0R1VoY1cyempnNTJEc3dyYTlfMzBEVnBxV1dRTC1qOEVnNHktTUg0dG4w?oc=5,included,
e1c76adec70c796e793e5390,HUGGINGFACE-080535609159,district_verdict_stage_media,2011-10-16,2011-11-22,"""טל מור""","טל מור מתפרץ: ""אני לא פושע"". תיעוד מהחקירה - ynet.co.il",ynet.co.il,2011-10-25,https://news.google.com/rss/articles/CBMiZ0FVX3lxTE9GRHJkRFYzQVdMNlZjdUdZNjJxOGlhN2pOZFE3U3AwSF9fUlhvQi1EOHV1dVpZZ0FuZFMzN2trdzNUTzVvX0pCMWR0MS1HVlRaNXAtcjFJVU4wZ2V4SWotOU9Ha0d4SWs?oc=5,included,
1dc8e5231a0e004473858f7b,HUGGINGFACE-080535609159,district_verdict_stage_media,2011-10-16,2011-11-22,"""טל מור""",(הכותרת הוסתרה: הכתבה אינה עוסקת בתיק),ynet.co.il,2011-10-26,,excluded_wrong_case,הוחרג בבדיקה ידנית: הכתבה אינה עוסקת בתיק (אדם אחר בעל אותו שם או עניין אחר)
727b16089582bf0201ac977d,HUGGINGFACE-0944e472bb9c,district_verdict_stage_media,2011-07-06,2011-08-12,"""אמיר עטאללה""",דורס השופטת נשלח ל-15 שנות מאסר | N12 - mako,mako,2011-07-13,https://news.google.com/rss/articles/CBMid0FVX3lxTFAwU19iUGRucklRUmdSNFBtbHRpRlJqUGVrQ2F2VlVzWGF6N1UwamtZaS1aWkg2MXVTalRaN2djZEFsdENYMjBrX2lnbHB5UjJHcXNyc0hPaUhodjM0NF9oMHNHb20xMGl4QUlOeU9FZV9kbEU2Y2xV?oc=5,included,
76a618b0c448b72d2f9900b0,HUGGINGFACE-0944e472bb9c,district_verdict_stage_media,2011-07-06,2011-08-12,"""אמיר עטאללה""","15 שנים לנהג שיכור שהרג ארבעה, בהם שופטת - ynet.co.il",ynet.co.il,2011-07-13,https://news.google.com/rss/articles/CBMiZ0FVX3lxTFBPWTBQbGtDN0lzeUxFTFlya2JaajhBSnNJLTZGcUQzMFRqRFZSNVZYZ2RaNnBuVnpXNUI0RF9pQ21iREI0RElUSFZfaHJKakVWd2l3WllOVERwN2pwZDJKLThEelJzUVE?oc=5,included,
79950cce58059ffb12a4d02b,HUGGINGFACE-0b09591fce80,appeal_stage_pre_decision_media,2011-06-13,2014-12-10,"""רוני רון""",(הכותרת הוסתרה: הכתבה אינה עוסקת בתיק),calcalist,2014-03-26,,excluded_wrong_case,הוחרג בבדיקה ידנית: הכתבה אינה עוסקת בתיק (אדם אחר בעל אותו שם או עניין אחר)
27f62e64940c271e15857c67,HUGGINGFACE-0b09591fce80,appeal_stage_pre_decision_media,2011-06-13,2014-12-10,"""רוני רון""",בית המשפט העליון: מארי פיזם רצחה את בתה - mako,mako,2014-12-10,https://news.google.com/rss/articles/CBMiggFBVV95cUxQUHBNanlsM3hyRi01VHdHSUNuVTFLODZCMDh4aFVkQnVDOHdYNXJPbnNUVmdNQUNBSXNEZTB2b2ZGVnBpSWdtLWViTFBUdFI5RlhyZUptYjBwMEVzWjAyTThNeFprUEVkci1kelhCVHB0WnJJaHhJaVIyN0xfVzl0aTR3?oc=5,excluded_after_window,manual spot audit 2026-05-26: source page date is on Supreme Court decision date; excluded from pre-decision predictor
551f9a55207bdb1917997305,HUGGINGFACE-0b09591fce80,appeal_stage_pre_decision_media,2011-06-13,2014-12-10,"""רוני רון""",העליון קבע: מארי פיזם רוצחת - ynet.co.il,ynet.co.il,2014-12-11,https://news.google.com/rss/articles/CBMiZ0FVX3lxTE5tZHVwOXFydUJpVnhJWDBJOEh0LU9ZMkw4bzFMcldPYlFTcE5JYU13eWNhcE5LdEl3d3BIOHdqcE5kSW5DRVQwWENfV1lnZjkwTmFwYnhXQ1RsMGM0UnlVYm9wc19maFk?oc=5,excluded_after_window,
5976963ab1dd09fd4a34c289,HUGGINGFACE-0b09591fce80,appeal_stage_pre_decision_media,2011-06-13,2014-12-10,"""רוני רון""",העליון הרשיע את אמה של רוז פיזם ברצח - במקום בשידול - גלובס,גלובס,2014-12-11,https://news.google.com/rss/articles/CBMiaEFVX3lxTE9rSGY1anVCQy1jcnZHVC1DdEVPVGZlRnhfT2l0bUl3aDFmcmJ0bmg5ZzJKd0JDTVBOVExfc3FSLWptMDA4QTJsd1ZVWFU3a1hTRkVvNVc3c3hBQU0zVl8zS2c3TFNna0Zq?oc=5,excluded_after_window,
df2c7a020ee2a8b35ace56ef,HUGGINGFACE-0b09591fce80,appeal_stage_pre_decision_media,2011-06-13,2014-12-10,"""רוני רון""",העליון החמיר את הרשעת מארי פיזם לרצח - עונשה לא ישתנה - משפט ופלילים - הארץ,הארץ,2014-12-11,https://news.google.com/rss/articles/CBMimAFBVV95cUxOQ2NzODhsMEFIWkJnWHc5WDJTejVDNTZmbU12c05xeTBYc1Z4R1RhSExPdnhvX29heHVZdFl4cDJwU1FnSzNkRjNYMGhDOW9ZeGg5ZHNib2l2VHZkNl93dXlmQ0FQWWd1d0RUMG1hV0U5X0h4TFFqaURhQnRrTDRSLUNvTHRMQzhSVkJhY1Ytd2Z6MFJFeGl5TA?oc=5,excluded_after_window,
12733230fe9c334bfb1263e7,HUGGINGFACE-0b09591fce80,appeal_stage_pre_decision_media,2011-06-13,2014-12-10,"""רוני רון""",דרמה בעליון: אמה של רוז פיזם הורשעה ברצח - וואלה חדשות,וואלה חדשות,2014-12-11,https://news.google.com/rss/articles/CBMiTkFVX3lxTE8zeFFiOFFvcXRfYXZjdkczNy1BRDI4dloySG10LVBqUXBFcEhLLTMtQVUzdFVKUHJzVXJaVU5vVklDU0RveTBmN19ISDZfUQ?oc=5,excluded_after_window,
f20528240fdb0c01c7a5447f,HUGGINGFACE-0b09591fce80,appeal_stage_pre_decision_media,2011-06-13,2014-12-10,"""רוני רון""",בית המשפט העליון הרשיע את מארי פיזם ברצח בתה רוז - מעריב,מעריב,2014-12-11,https://news.google.com/rss/articles/CBMiYEFVX3lxTE5UZFhKaFZUQkVGTGpkNXFIdDRmZW1SY1BpX29wNkx0YTE0bUtNb0ZpVFI3YkZoNFBId0pFRnFGTjVDQld3bXBYRW52OVFGQk1fX2FqWWJ2ekJaaTJVMkMzdQ?oc=5,excluded_after_window,
2a0ba8288f4521acdd8f9bef,HUGGINGFACE-0b09591fce80,district_verdict_stage_media,2011-06-06,2011-07-13,"""רוני רון""",רוני רון: רוז נהרגה כי למדתי אומנויות לחימה - ynet.co.il,ynet.co.il,2011-06-12,https://news.google.com/rss/articles/CBMiZ0FVX3lxTE1odGx0N0dfZ3ZIcDgxUVRDeGx3YTFJNDJtSGhfNVBzV0V2UXlubHk5QzBpTFJZNnY1UVV4NGJDNmJIR1ByLUZRdVczU2RpOEFjcW5lOGl3NDh2eFNmclVMemV4bjh6QTg?oc=5,included,
cb5cc248fe675735d85446f4,HUGGINGFACE-0b09591fce80,district_verdict_stage_media,2011-06-06,2011-07-13,"""רוני רון""",עונש מאסר עולם לרוני רון ומארי פיזם על רצח הילדה רוז - גלובס,גלובס,2011-06-13,https://news.google.com/rss/articles/CBMiaEFVX3lxTE1aNU1aWUN2Y3JiMmt0ZHI4cWVWTUNPbTJ6TzlIMFdlVWZ3NVRoVkVVd3FpRWR0TzA5UThXOEkydDVTME5uTHQtQ2luV0JmWGtEcW55Mlk4TGZ6cFFTSTIzWjQyN1B5XzRi?oc=5,included,
57ae856e42e0610a69d664c6,HUGGINGFACE-0b09591fce80,district_verdict_stage_media,2011-06-06,2011-07-13,"""רוני רון""",רצח הילדה רוז פיזם: מאסרי עולם לרוני רון ומארי פיזם - רשת 13,רשת 13,2011-06-13,https://news.google.com/rss/articles/CBMiYEFVX3lxTE5WRXdlcTdMTHE5dlhuR3A5bGh4Vl95Y2pnZE5COURaTm5BVXNRb21Va09tUU5YVkhPTWJVN0VOQUVUUFBnRV9KX1YxcTZYWUNWU19QMGR6WW01TDBhUFdfUw?oc=5,included,
42d1e93d81aafe6f44efc1b8,HUGGINGFACE-0b09591fce80,district_verdict_stage_media,2011-06-06,2011-07-13,"""רוני רון""",השבוע/ ממד הזמן - calcalist,calcalist,2011-06-16,https://news.google.com/rss/articles/CBMidkFVX3lxTE9NREV5STRvZ0N6SGZvc1BjQUJPLWloaENPMWpRalB1WG9aMXBoODRONkdGODE1Z2oycWJRclRSeUZRQkFLVkJGS1BDVzJsdHZLRkFhSExPTy01N19zaFVFbUo4V3RQRlFLRzU1TmtEWnZQRkZGT0E?oc=5,included,
04c14b045272a84869f249c1,HUGGINGFACE-0b09591fce80,district_verdict_stage_media,2011-06-06,2011-07-13,"""רוני רון""","""סוד הרצח של רוז"": פרשת רוז פיזם קמה לתחייה בסרט התיעודי - וואלה תרבות",וואלה תרבות,2011-06-27,https://news.google.com/rss/articles/CBMiSkFVX3lxTE1xaVhuWmFCWmtYQ1RWQTg1Z1R0SUxwVExUbU51MjBrQnJObHRTaGlyRmg3eGxldlFIcFFMLURHRHFQMU85ZmVQRVJB?oc=5,included,
5b72c515375c0ee19624d4e5,HUGGINGFACE-0b09591fce80,district_verdict_stage_media,2011-06-06,2011-07-13,"""רוני רון""",רוז פיזם: כל מקרה לגופו הקטן - ynet.co.il,ynet.co.il,2011-06-28,https://news.google.com/rss/articles/CBMiZ0FVX3lxTE5rQzdBOUgzekNUU1NTbjhFMlpUWFlCaldubGpkWTduQUhlbmdwNWd1c01IOWNicm0wbnFaaDF5SG9mTkN2X3llV3lndWd3VlBtQmZRcTFESHo4VlFpemVZal92Q0FNLWM?oc=5,included,
51693ae6d3bf364ee6ab6902,HUGGINGFACE-0db82fe6d11a,appeal_stage_pre_decision_media,2019-11-03,2020-05-05,"""מעיין קריף""","""לקחה לי את הילד"": 4 שנות מאסר בפועל נגזרו על מעיין קריף - mako",mako,2019-11-02,https://news.google.com/rss/articles/CBMiggFBVV95cUxOVUQ1Yk1NTE9QTElrSW5WV0hjdmF4bkp1ZGFCeDM0T0ktYnhwc3VMa3JMTDE3TDVOb1dJVy1fVFBfa3ZYZHhEVzIyTVpUT09Eekp5Q1NnTjMxd1VoaTlRMklFN3RkY0FmNDB1WnhlLUFfbnp3eVV2QVg1RmQya2U3V0RR?oc=5,excluded_after_window,manual media test 2 2026-05-26: excluded because published date is outside the stored media window
c0c5315542482cf5ec4780c9,HUGGINGFACE-0db82fe6d11a,appeal_stage_pre_decision_media,2019-11-03,2020-05-05,"""מעיין קריף""",4 שנות מאסר לצעירה שהרגה רוכב אופנוע; תיעוד: כך חצתה באדום ופגעה - ynet.co.il,ynet.co.il,2019-11-03,https://news.google.com/rss/articles/CBMiZ0FVX3lxTE5MS25ZTkhxUURTZFNOZEVPbjZ0N3FuZmMwaE95MWNONnpKajJjVG1vdi1qOWdSek5Sc3JPeTNzXzRjZUFqQnNZRlZmX0pFa085VzZBQW1OdUt0Yk1xYjNtUmloWVMtSmM?oc=5,included,
5869c2b7d6e59d7a302228f8,HUGGINGFACE-0db82fe6d11a,appeal_stage_pre_decision_media,2019-11-03,2020-05-05,"""מעיין קריף""",ארבע שנות מאסר לנהגת שגרמה למותו של אופנוען בבת ים - מעריב,מעריב,2019-11-03,https://news.google.com/rss/articles/CBMiXEFVX3lxTE1kTjRBMW42cVEzMlNURDAyTnB2dnNwUnFvT2lYTk1aTHBBOWVVblJCeGpRMFI1NWJhQWg5aWNpQml1UlZ0aFRLaG9FZkszcXF4S1BXYkJxeGV1T0NQ?oc=5,included,
d7aa6e61cb48462aa4533a0f,HUGGINGFACE-0db82fe6d11a,district_verdict_stage_media,2019-10-27,2019-12-03,"""מעיין קריף""","""לקחה לי את הילד"": 4 שנות מאסר בפועל נגזרו על מעיין קריף - mako",mako,2019-11-02,https://news.google.com/rss/articles/CBMiggFBVV95cUxOVUQ1Yk1NTE9QTElrSW5WV0hjdmF4bkp1ZGFCeDM0T0ktYnhwc3VMa3JMTDE3TDVOb1dJVy1fVFBfa3ZYZHhEVzIyTVpUT09Eekp5Q1NnTjMxd1VoaTlRMklFN3RkY0FmNDB1WnhlLUFfbnp3eVV2QVg1RmQya2U3V0RR?oc=5,included,
82e6475c77c6a0a3032a1ceb,HUGGINGFACE-0db82fe6d11a,district_verdict_stage_media,2019-10-27,2019-12-03,"""מעיין קריף""",4 שנות מאסר לצעירה שהרגה רוכב אופנוע; תיעוד: כך חצתה באדום ופגעה - ynet.co.il,ynet.co.il,2019-11-03,https://news.google.com/rss/articles/CBMiZ0FVX3lxTE5MS25ZTkhxUURTZFNOZEVPbjZ0N3FuZmMwaE95MWNONnpKajJjVG1vdi1qOWdSek5Sc3JPeTNzXzRjZUFqQnNZRlZmX0pFa085VzZBQW1OdUt0Yk1xYjNtUmloWVMtSmM?oc=5,included,
c4f7f3f49d8b662173330863,HUGGINGFACE-0db82fe6d11a,district_verdict_stage_media,2019-10-27,2019-12-03,"""מעיין קריף""",ארבע שנות מאסר לנהגת שגרמה למותו של אופנוען בבת ים - מעריב,מעריב,2019-11-03,https://news.google.com/rss/articles/CBMiXEFVX3lxTE1kTjRBMW42cVEzMlNURDAyTnB2dnNwUnFvT2lYTk1aTHBBOWVVblJCeGpRMFI1NWJhQWg5aWNpQml1UlZ0aFRLaG9FZkszcXF4S1BXYkJxeGV1T0NQ?oc=5,included,
affd9f6d356f1e100e0c915e,HUGGINGFACE-0e798a715c64,appeal_stage_pre_decision_media,2010-04-27,2013-03-05,"""שמעון לוי""",(הכותרת הוסתרה: הכתבה אינה עוסקת בתיק),ynet.co.il,2012-05-14,,excluded_wrong_case,הוחרג בבדיקה ידנית: הכתבה אינה עוסקת בתיק (אדם אחר בעל אותו שם או עניין אחר)
9877938bf6f122c70ccfe4ea,HUGGINGFACE-0e798a715c64,appeal_stage_pre_decision_media,2010-04-27,2013-03-05,"""שמעון לוי""",(הכותרת הוסתרה: הכתבה אינה עוסקת בתיק),היום,2012-05-14,,excluded_wrong_case,הוחרג בבדיקה ידנית: הכתבה אינה עוסקת בתיק (אדם אחר בעל אותו שם או עניין אחר)
8ff7a4dd98a1f764f84aa159,HUGGINGFACE-0e798a715c64,appeal_stage_pre_decision_media,2010-04-27,2013-03-05,"""שמעון לוי""",(הכותרת הוסתרה: הכתבה אינה עוסקת בתיק),מקור ראשון,2012-06-15,,excluded_wrong_case,הוחרג בבדיקה ידנית: הכתבה אינה עוסקת בתיק (אדם אחר בעל אותו שם או עניין אחר)
3d34d6b54dfcef9eddc34214,HUGGINGFACE-0e798a715c64,appeal_stage_pre_decision_media,2010-04-27,2013-03-05,"""שמעון לוי""",(הכותרת הוסתרה: הכתבה אינה עוסקת בתיק),מקור ראשון,2012-06-16,,excluded_wrong_case,הוחרג בבדיקה ידנית: הכתבה אינה עוסקת בתיק (אדם אחר בעל אותו שם או עניין אחר)
4d30f846e86d51f4636dff72,HUGGINGFACE-0e798a715c64,appeal_stage_pre_decision_media,2010-04-27,2013-03-05,"""שמעון לוי""",(הכותרת הוסתרה: הכתבה אינה עוסקת בתיק),מגפון ניוז,2012-10-14,,excluded_wrong_case,הוחרג בבדיקה ידנית: הכתבה אינה עוסקת בתיק (אדם אחר בעל אותו שם או עניין אחר)
0cc6f464ad1b8aea43bd1a27,HUGGINGFACE-0e798a715c64,appeal_stage_pre_decision_media,2010-04-27,2013-03-05,"""שמעון לוי""",(הכותרת הוסתרה: הכתבה אינה עוסקת בתיק),mako,2012-11-13,,excluded_wrong_case,הוחרג בבדיקה ידנית: הכתבה אינה עוסקת בתיק (אדם אחר בעל אותו שם או עניין אחר)
f92a6f8742061402f6ab6a83,HUGGINGFACE-0e798a715c64,appeal_stage_pre_decision_media,2010-04-27,2013-03-05,"""שמעון לוי""",(הכותרת הוסתרה: הכתבה אינה עוסקת בתיק),ynet.co.il,2012-12-06,,excluded_wrong_case,הוחרג בבדיקה ידנית: הכתבה אינה עוסקת בתיק (אדם אחר בעל אותו שם או עניין אחר)
499bbbb562313d6ed69687a9,HUGGINGFACE-0e798a715c64,district_verdict_stage_media,2010-04-20,2010-05-27,"""שמעון לוי""","הרצח ב""חצי חינם"": שני רוצחיו של יום טוב דואק ז""ל - למאסר עולם - mako",mako,2010-04-27,https://news.google.com/rss/articles/CBMid0FVX3lxTE9Dc1pvbC1qV0lKVFN5WTF1dWk3dEwzUTY1c2FVWmpWWjVLMHRyckRVS3dCQ0w4V3dyaFZ6VDU2RllNVW54RGxXZW1sSU1UdE5tU1pfTlRyMjh6SXYwNXJhOW1McnY5Z09DeHkwWHhBUlk0S0l5dkpr?oc=5,included,
d5367362f24cf5cb70751a52,HUGGINGFACE-0e798a715c64,district_verdict_stage_media,2010-04-20,2010-05-27,"""שמעון לוי""","מאסר עולם לרוצחי המאבטח ב""חצי חינם"" בחולון - ynet.co.il",ynet.co.il,2010-04-27,https://news.google.com/rss/articles/CBMiZ0FVX3lxTE9nTERkNGNHQXdfRXczTU14VEJzRjRtNnk1ZWFuenNFM2Q0QkRuNkJtMFROcEhxOFQxU2FRTTVnSkpxZEg2NTRUdTlRRzUwVlJpN1FULTVTNkhSak9OQjh5VU5acmc0RUk?oc=5,included,
01124b4c0f2fb29d1f841848,HUGGINGFACE-0e798a715c64,district_verdict_stage_media,2010-04-20,2010-05-27,"""שמעון לוי""","מאסר עולם לרוצחי מאבטח ""חצי חינם"" בחולון - וואלה חדשות",וואלה חדשות,2010-04-27,https://news.google.com/rss/articles/CBMiTkFVX3lxTE5qcVNCWnctOEpNc2dtblRIVGxrUHJrN2ljbUJIVHJGVDV2R3hwUDRod1pNNkNRXzF2U1pFbnNoZktMTGJseVc1aGtPdFZSQQ?oc=5,included,
9475e7c19dc5353cd94f7bfa,HUGGINGFACE-0e798a715c64,district_verdict_stage_media,2010-04-20,2010-05-27,"""שמעון לוי""","חדשות - בארץ nrg - ...מאסר עולם לרוצחי המאבטח ב""חצי חינם"" - מקור ראשון",מקור ראשון,2010-04-27,https://news.google.com/rss/articles/CBMibEFVX3lxTE5CMDZZOWFYSjBDdXhyNTVYZ1dsNTNBSERBQW5mQXNQR2UzMUZRM1RJczZkYnlfVjZwZzFXUXBQaThFMGFNWXg1YnJhQzh0MlF0OVY3LTlzdW9FTjZyZ195blhNT3FfckplUU14aQ?oc=5,included,
57eca7040e95390a7da7ef9a,HUGGINGFACE-0f0b5ed95038,district_verdict_stage_media,2011-03-24,2011-04-30,"""נביל פרעוני""",חדשות - בארץ nrg - 4 שנות מאסר לעבריין שנמלט ממעצר הבית - מקור ראשון,מקור ראשון,2011-03-31,https://news.google.com/rss/articles/CBMibEFVX3lxTE1PaHNKN3BLR1hyUllYcW1kNkEtN2l3V01xQ0lDM1luM3RsYldPemU5U0JKU25hTXpLX2k1SWxjdzBJbDNBZGJGdl9hNlJydnN1RHNRV0Y3OUFuTC02LUVFY2NDSzNPZ1M5OURxbg?oc=5,included,
89783f1c43406d2fa26acd8a,HUGGINGFACE-0f542538203a,district_verdict_stage_media,2011-04-23,2011-05-30,"""גור פינקלשטיין""",בת 3 ואביה ניצלו מחיסול: פינקלשטיין רצה נקמה - ynet.co.il,ynet.co.il,2011-05-17,https://news.google.com/rss/articles/CBMiZ0FVX3lxTE51XzB6aVBxM1RrWl9hU3JnX3FlemNfT2JoNDNRUWR1eHJFYzQ3aS1PNGtFSEdMbVlNbkNlSnF3d3AyVzR3bGQzMWtyT1Q5dGdGYk1ySVNSbkp0ZUp0YndsVml5XzkzQU0?oc=5,included,
4edbb09af78967bc4fae6e6b,HUGGINGFACE-0f542538203a,district_verdict_stage_media,2011-04-23,2011-05-30,"""גור פינקלשטיין""","הטיפ והבינגו: כך נחשפה ""כנופיית הפרקליט"" מיפו - ynet.co.il",ynet.co.il,2011-05-17,https://news.google.com/rss/articles/CBMiZ0FVX3lxTE9MeF8yYWpWcDRLc29Fa2hzQ25Pd2lhNUVOVlMwS1FObk5fRjR4VEp2OXFYb1d3YndDZGJwaGx5Q1k3V0w5TWQzQllqQ042WEFsbDhzbzBrSHJJcUlKWUxOSzRTV3o3TmM?oc=5,included,
9563c729013090fe77702731,HUGGINGFACE-0f542538203a,district_verdict_stage_media,2011-04-23,2011-05-30,"""גור פינקלשטיין""","המזימה: פיצוץ במסגד ביפו, ""תג מחיר"" להסוואה - ynet.co.il",ynet.co.il,2011-05-17,https://news.google.com/rss/articles/CBMiZ0FVX3lxTFBxM1lPdENnbnM2QXhCUEVlSEl4R1lBSFJONXIyNFdJSkhGUGZMcWJZX1FrSFZuS1ptcHhWS3lGUGFsbG1pWmVyQ2xGTVZRVlN1d1FhZk5wODNpZnctODAzMmkzUnRWaXc?oc=5,included,
f95bc44fb77af25d74022c5e,HUGGINGFACE-0f542538203a,district_verdict_stage_media,2011-04-23,2011-05-30,"""גור פינקלשטיין""","יעד החיסול של העו""ד: אי אפשר להסתיר מהילדים - ynet.co.il",ynet.co.il,2011-05-17,https://news.google.com/rss/articles/CBMiZ0FVX3lxTE93bkp5Y0cyMFR6VjhZNlF6YVlHQUFFVlp2dUJDSEZFUThGQnp4SDQ5YmJoZ1ZhNktJLWdqTzZhLWFOMk9qZzBlemR0SmxvMWh1bmowYnVhZjFjcmZlQktxWTBrSTV4VHc?oc=5,included,
e4cf55053f7fa5d06e91e99b,HUGGINGFACE-0f542538203a,district_verdict_stage_media,2011-04-23,2011-05-30,"""גור פינקלשטיין""",סיינטולוגיה: ההיסטוריה של הדת השנויה במחלוקת - mako,mako,2011-05-18,https://news.google.com/rss/articles/CBMiigFBVV95cUxPbEVzbUFOWjVHanpTQmNFMEkxOExRRzUxQVp5dG83czVMYmdLd2NrbzRfWGFBdjkxTnp5OHExNjA0TU1jUmJGcTRBc0oxLVlLYkpVTDFyZU0zbkpaR0pUckw4b3BnNnlMdExWYkE4MkhkOFVzM2NsOUd3bzc1NWlhcmUtN0l6OEpKSVE?oc=5,included,
ee3df23783f88cafbb2b1ed9,HUGGINGFACE-0f542538203a,district_verdict_stage_media,2011-04-23,2011-05-30,"""גור פינקלשטיין""","חוזרים למסגד ביפו: ""לא נרשה לזרוק אפילו אבן"" - ynet.co.il",ynet.co.il,2011-05-18,https://news.google.com/rss/articles/CBMiZ0FVX3lxTFBWdTd0WG9seXcxMk93ZTMxVEhpSi13WjgyS0lSemVqZS16ejRORlJwVXowMkQ1WWZRUUlQNmYtMFl0aUZMRy1mVzloU29Ea25NYWhCR2h3NGgwelFMMXRKSTF4c19sRTA?oc=5,included,
9c481c0231b41f0f312ba7aa,HUGGINGFACE-106bc76ca63d,appeal_stage_pre_decision_media,2016-04-14,2017-02-21,"""מאור כהן""","דן תורן מוציא אוסף חדש: ""אני נמצא במקום מצוין במוזיקה"" - מעריב",מעריב,2016-03-03,https://news.google.com/rss/articles/CBMiY0FVX3lxTE1qVTZDNkZvR21Cd0syX2J5STNCa1Z4c2t5enM5OGhUU3NSU1hCTmJsQVNaUmJPY2d2ZDZ1aEZVZkRQWXY2LXZSS21JeGV1OVkxZWxCRVNta21mdHZJaG5qQkZNRQ?oc=5,excluded_after_window,manual media test 2 2026-05-26: excluded because published date is outside the stored media window
419637e0a3a5b456a1615b89,HUGGINGFACE-106bc76ca63d,appeal_stage_pre_decision_media,2016-04-14,2017-02-21,"""מאור כהן""","כאילו חובבני, אבל מבריק: בקליק לא מתאמצים - אז ""גונבים"" פרסומות של אחרים - ice (אייס)",ice (אייס),2016-03-06,https://news.google.com/rss/articles/CBMicEFVX3lxTE5PN3hJVU1PbU5Hb0lYMVJVSlkzS3NINEpsZzdXdlJvM29oVjRYTXJCdkhjdXhYbDJkZU9VQVA5TTlEdXVDdmRfelBJaWtYeVBEN2pLVWxBc3puXzJySGlwUFVmcXJNeEFXcVgwc0UtRkI?oc=5,excluded_after_window,manual media test 2 2026-05-26: excluded because published date is outside the stored media window
58d266709cad277ec6669956,HUGGINGFACE-106bc76ca63d,appeal_stage_pre_decision_media,2016-04-14,2017-02-21,"""מאור כהן""",(הכותרת הוסתרה: הכתבה אינה עוסקת בתיק),ynet.co.il,2016-04-28,,excluded_wrong_case,הוחרג בבדיקה ידנית: הכתבה אינה עוסקת בתיק (אדם אחר בעל אותו שם או עניין אחר)
dc9f4b4447ff0c9f29c302bd,HUGGINGFACE-106bc76ca63d,appeal_stage_pre_decision_media,2016-04-14,2017-02-21,"""מאור כהן""",(הכותרת הוסתרה: הכתבה אינה עוסקת בתיק),ynet.co.il,2016-05-22,,excluded_wrong_case,הוחרג בבדיקה ידנית: הכתבה אינה עוסקת בתיק (אדם אחר בעל אותו שם או עניין אחר)
7f49a0901f2ace97390c51b5,HUGGINGFACE-106bc76ca63d,appeal_stage_pre_decision_media,2016-04-14,2017-02-21,"""מאור כהן""",(הכותרת הוסתרה: הכתבה אינה עוסקת בתיק),ynet.co.il,2016-07-03,,excluded_wrong_case,הוחרג בבדיקה ידנית: הכתבה אינה עוסקת בתיק (אדם אחר בעל אותו שם או עניין אחר)
32fabee6a0ec28eadca15f38,HUGGINGFACE-106bc76ca63d,appeal_stage_pre_decision_media,2016-04-14,2017-02-21,"""מאור כהן""",(הכותרת הוסתרה: הכתבה אינה עוסקת בתיק),TMI,2016-07-04,,excluded_wrong_case,הוחרג בבדיקה ידנית: הכתבה אינה עוסקת בתיק (אדם אחר בעל אותו שם או עניין אחר)
1a464bbfd34618543b664d0c,HUGGINGFACE-106bc76ca63d,appeal_stage_pre_decision_media,2016-04-14,2017-02-21,"""מאור כהן""",(הכותרת הוסתרה: הכתבה אינה עוסקת בתיק),טיים אאוט,2016-08-07,,excluded_wrong_case,הוחרג בבדיקה ידנית: הכתבה אינה עוסקת בתיק (אדם אחר בעל אותו שם או עניין אחר)
bf7db7ab44507c01a39b0756,HUGGINGFACE-106bc76ca63d,appeal_stage_pre_decision_media,2016-04-14,2017-02-21,"""מאור כהן""",(הכותרת הוסתרה: הכתבה אינה עוסקת בתיק),מעריב,2016-08-19,,excluded_wrong_case,הוחרג בבדיקה ידנית: הכתבה אינה עוסקת בתיק (אדם אחר בעל אותו שם או עניין אחר)
addd786acb1f14917dd1f463,HUGGINGFACE-106bc76ca63d,appeal_stage_pre_decision_media,2016-04-14,2017-02-21,"""מאור כהן""",(הכותרת הוסתרה: הכתבה אינה עוסקת בתיק),גלובס,2016-10-26,,excluded_wrong_case,הוחרג בבדיקה ידנית: הכתבה אינה עוסקת בתיק (אדם אחר בעל אותו שם או עניין אחר)
d283726ca9690c1a31fa1480,HUGGINGFACE-106bc76ca63d,appeal_stage_pre_decision_media,2016-04-14,2017-02-21,"""מאור כהן""",(הכותרת הוסתרה: הכתבה אינה עוסקת בתיק),ice (אייס),2016-11-29,,excluded_wrong_case,הוחרג בבדיקה ידנית: הכתבה אינה עוסקת בתיק (אדם אחר בעל אותו שם או עניין אחר)
2f1a1ea7240d6e8a689879ac,HUGGINGFACE-106bc76ca63d,district_verdict_stage_media,2016-04-07,2016-05-14,"""מאור כהן""",(הכותרת הוסתרה: הכתבה אינה עוסקת בתיק),ynet.co.il,2016-04-28,,excluded_wrong_case,הוחרג בבדיקה ידנית: הכתבה אינה עוסקת בתיק (אדם אחר בעל אותו שם או עניין אחר)
ccc097a8c54fe51b9a8beca3,HUGGINGFACE-12c9680d74b2,appeal_stage_pre_decision_media,2008-09-18,2011-10-09,"""ירון ברכה""",(הכותרת הוסתרה: הכתבה אינה עוסקת בתיק),mako,2010-12-26,,excluded_wrong_case,הוחרג בבדיקה ידנית: הכתבה אינה עוסקת בתיק (אדם אחר בעל אותו שם או עניין אחר)
196cb1948cdf0ca5495ee586,HUGGINGFACE-12c9680d74b2,appeal_stage_pre_decision_media,2008-09-18,2011-10-09,"""ירון ברכה""",(הכותרת הוסתרה: הכתבה אינה עוסקת בתיק),מגזין את,2011-02-02,,excluded_wrong_case,הוחרג בבדיקה ידנית: הכתבה אינה עוסקת בתיק (אדם אחר בעל אותו שם או עניין אחר)
f26ee00fb2361b92453f080a,HUGGINGFACE-12c9680d74b2,district_verdict_stage_media,2008-09-11,2008-10-18,"""ירון ברכה""",16 שנות מאסר בפועל נגזרו על ירון ברכה - וואלה חדשות,וואלה חדשות,2008-09-18,https://news.google.com/rss/articles/CBMiTkFVX3lxTE5jN3drbEpGd3dNS29XdnJFZjI0UzB5czcwWTdkZldTRU9SdVFqN1lWcS1FMFNPQndwX2JpQ0FsZHZJd3lIVzlnbXQybFhCUQ?oc=5,included,
e3afd39975af85df0ace7765,HUGGINGFACE-18f2d777f6ed,district_verdict_stage_media,2018-05-02,2018-06-08,"""יהושע אליצור""",13 שנה אחרי ההרשעה: 15 שנות מאסר למתנחל שהרג פלסטיני - ynet.co.il,ynet.co.il,2018-05-09,https://news.google.com/rss/articles/CBMiZ0FVX3lxTE1SeERNRWcxLV9OaHEtZFV3djV2ZXNRN2p4VHBtNVY4NjhaZU1XVlEyUE5TQzZDSDFoeVcyaVdWTGcxXzRudnFKdGluWFBwb05fcjRCNk9QVVJDMWNUYmgySVpSOFBpUDQ?oc=5,included,
6332c6de464b25ff60fdcbe2,HUGGINGFACE-18f2d777f6ed,district_verdict_stage_media,2018-05-02,2018-06-08,"""יהושע אליצור""","15 שנות מאסר נגזרו על יהושע אליצור, שהורשע בהריגת פלסטיני וברח מהארץ - מעריב",מעריב,2018-05-09,https://news.google.com/rss/articles/CBMiXEFVX3lxTFAxNEF4LU1IdTFIOTV1Mzd2ejRSZ0xNNy1KSllVMGJQSTNoYWt3em9zREFnM3lhNndzRlpueC14LVoxelQ4SXp1aXlyYkc3SGNXNWlwdWdYYzdlSXJP?oc=5,included,
ab38f6072f3a6a6d18be5a4b,HUGGINGFACE-1f708c0636a5,appeal_stage_pre_decision_media,2017-08-21,2019-12-09,"""בילאל שאכר""",בזכות בדיקות ה-DNA: הפשעים שפוענחו בישראל - mako,mako,2019-01-03,https://news.google.com/rss/articles/CBMic0FVX3lxTE5iYURfOXIyUGhRUDY5WllhMGo3WU9CYUZVRzRhNXFkdGVaTEdEUzdnOVU1NkFLQVJ3LXhlX015RHktZ2tDNkt2SEl5Q0dEeFpnbXpJbVVQbDBQaHpMZGkyYzhJQldpbmNHV29TdkNJNUxQcm8?oc=5,included,
d560ee9e74ab1d3f466e1d86,HUGGINGFACE-1f708c0636a5,appeal_stage_pre_decision_media,2017-08-21,2019-12-09,"""בילאל שאכר""","אם לקורבן אונס ורצח מלפני 14 שנה: ""איך אפשר להגיע להסדר טיעון ברצח""? - מעריב",מעריב,2019-03-04,https://news.google.com/rss/articles/CBMiXEFVX3lxTE5WWlJJYl9QT0ZDU0x0TW02Rjd3NDNYZkRtZUVqVlhHU05WUGJENmE4X3BDcmNFRmw2T0hyN2ZmQmp6bGluall0dDZyTXNvOFU2TWhYTHRZbGJENWRt?oc=5,included,
a35b0b9748ba4393bae0a963,HUGGINGFACE-1f708c0636a5,appeal_stage_pre_decision_media,2017-08-21,2019-12-09,"""בילאל שאכר""",14 שנה לאחר הרצח האכזרי: עצומה לקרוא רחוב על שם רינת רואס - אשדוד10,אשדוד10,2019-06-14,https://news.google.com/rss/articles/CBMiRkFVX3lxTE1yaDJjYzR6UV8wTXBzTVJTS0h0aGVnTXpEQVlMWVBfRVlqcEZsQ3NSLS1QYTFRTDIzakx5aGd3TV9aRlJld0E?oc=5,included,
c0929facb356dcfc8a1c2bea,HUGGINGFACE-1f708c0636a5,district_verdict_stage_media,2017-08-14,2017-09-20,"""בילאל שאכר""",מטיפת דם בזירת קטטה ועד להרשעה: כך פוענח רצח רינת רואס - mako,mako,2017-08-21,https://news.google.com/rss/articles/CBMidEFVX3lxTE9Lbzc2X2diTzF4aHNyMXhoaGNFcmp3ZmtrTG9iVVdxNHkzNGhwWFdjUEFWbU9XdU51bFFldmNNbFBUS3p2Y0ZObDZjN0NMY3p2anJRbzJmMXdvMGpKZnhfenJhV1NzX3laQ3ZPV1V3SnhRbTl1?oc=5,included,
6ae1f13bbc34cef0f30cdd85,HUGGINGFACE-1f708c0636a5,district_verdict_stage_media,2017-08-14,2017-09-20,"""בילאל שאכר""",הבדיקה שלא בוצעה: כך פספסה המשטרה את רוצח רינת רואס - ynet.co.il,ynet.co.il,2017-08-21,https://news.google.com/rss/articles/CBMiZ0FVX3lxTFBOLVBfcGhpdmE2alQxR3VhVHo3TUNYV2pwOVhxR3FIbHVUVV9rN1FpVEZZVUJncEhtZHhKUlpIMGJuNUFEcUhWck11UENaRkhpRG9ocWFkbHBrRk9fVzRLTEdOT2M2X0k?oc=5,included,
ef52e5f8ab65e172d1d5977b,HUGGINGFACE-1f708c0636a5,district_verdict_stage_media,2017-08-14,2017-09-20,"""בילאל שאכר""",סגירת מעגל אחרי 12 שנה: הורשע רוצחה של רינת רואס - ynet.co.il,ynet.co.il,2017-08-21,https://news.google.com/rss/articles/CBMiZ0FVX3lxTFBVM25KLW5pYzRVTVhXbk1HUEZ0c2cyNHNxRnRsbjJNUDJlNHlOeTBOeG0xa2dTM05VcWFmS3ZIM1RZUXF5SUpleWFna2dzTWpJOU1qYVZBQ19YVTM3alR3OXV1aDRIelk?oc=5,included,
c388cfb6a794f952001d531c,HUGGINGFACE-1f708c0636a5,district_verdict_stage_media,2017-08-14,2017-09-20,"""בילאל שאכר""",הורשע פה אחד: בילאל שאכר רצח בדם קר את רינת רואס זכרונה לברכה - אשדוד נט,אשדוד נט,2017-08-21,https://news.google.com/rss/articles/CBMingFBVV95cUxQNzFScnRVSF9ERnNHTUVUbUtsNGRkYUloQU8zUU1RMm1QeU14dGVQUVdhWGtuRDVHMlF5WWFWeTNlTkVHR05uUl8yV2tvNG9QNmxCcmVyZDN1X1pVRk5PTWFQS1JHNGJtZ19SQjJZc2ttcGtHUVRNamMtUFhqakhPX2VJX0hoQzVsaUhkV2taSTBfQW5wcWtvVlktMUZkZw?oc=5,included,
07ff13b012808170c3fea5e2,HUGGINGFACE-1f708c0636a5,district_verdict_stage_media,2017-08-14,2017-09-20,"""בילאל שאכר""",לאחר 12 שנה: בית משפט הרשיע תושב הגליל ברצח ואונס רינת רואס מאשדוד - הארץ,הארץ,2017-08-21,https://news.google.com/rss/articles/CBMipAFBVV95cUxQb1MweGowT1YwWTI1OER3U1ZNMlVQXzJPbm5wTEJhTlc2OEFxai12Q0xsQ1Q3eDh4OVgzd3FvcC1JNzhBaklZTGxzX0dFYmh4YjFmQzlKRWE0XzcxT3BPMGthb0RLN0wzMENSNlpScTBpb2p4SzduNDRraVRFOFVSNnVQTmNzQXZMbVRUZThWdi1FdWhOX0xKZnk4bjRTVVdFVEgxTw?oc=5,included,
a53a0a160cc23b0b5b5286f6,HUGGINGFACE-1f708c0636a5,district_verdict_stage_media,2017-08-14,2017-09-20,"""בילאל שאכר""",אחרי 12 שנה: גבר מהצפון הורשע ברצח של בת 19 באתר בנייה באשדוד - וואלה חדשות,וואלה חדשות,2017-08-21,https://news.google.com/rss/articles/CBMiTkFVX3lxTFBab0lhaXZ2TkI1UzJyLUVmcWU3T0hVVzc5OGR5djFUZE9RVGFYdFZqWEphczU3MWJzSDJkeE83dDZpNmRreGlCb2xIdF9EUQ?oc=5,included,
d805ba992cd0eb12d5194498,HUGGINGFACE-1f708c0636a5,district_verdict_stage_media,2017-08-14,2017-09-20,"""בילאל שאכר""","""הוא רצח אותה, התעלל בה ורצח את המשפחה שלנו כולה"" - כאן דרום - אשדוד",כאן דרום - אשדוד,2017-08-21,https://news.google.com/rss/articles/CBMiT0FVX3lxTE1hMUpnd25ReUwtUlhCbC1JSXFQOW9leVVqeWhuUzd1T05zcHpmLVBmWG5lMVNmaEpXZ2tMZkJNa3E4UzRPbnZFMlVnenpnT1U?oc=5,included,
7ff1f7d4c0d820e12c206879,HUGGINGFACE-1f708c0636a5,district_verdict_stage_media,2017-08-14,2017-09-20,"""בילאל שאכר""","""חיית טרף"": פוענח אונס ורצח אכזרי בעזרת דגימת DNA - מעריב",מעריב,2017-08-21,https://news.google.com/rss/articles/CBMiXEFVX3lxTE1STlE1T0VMbFQ5STF6YVJmTmJGcVRPZndYMnBxZWVVS3Qxd3VaTHFIc09ld0RZS2ZkMzlVM2FOSzZlSXo0RjFSVlpkdmFaTENQWHkyQnctVzRsaTQ1?oc=5,included,
dc32377b2082002e7e071395,HUGGINGFACE-1f708c0636a5,district_verdict_stage_media,2017-08-14,2017-09-20,"""בילאל שאכר""",רוצח רינת רואס הורשע אחרי 12 שנה - רשת 13,רשת 13,2017-08-21,https://news.google.com/rss/articles/CBMihAFBVV95cUxPOWw5WUNjT2NFbXNZQkVLa015U21qSnZCNXlYTm5Qdlo2eVBPNFpqek9ENjh2cmE3MFE3VTFjYmxQZ2o4RDFETnJfWXA3Rlc3ejlBWlpGSTNmSmJVRWd3QldEMkVUaVJjdjY5YWhuenZGWUZaVGtqc2VqMHVfVGpaeWNMWUY?oc=5,included,
c0becd1504f7e986de586095,HUGGINGFACE-1f708c0636a5,district_verdict_stage_media,2017-08-14,2017-09-20,"""בילאל שאכר""",צדק מאוחר - ynet.co.il,ynet.co.il,2017-08-22,https://news.google.com/rss/articles/CBMiZ0FVX3lxTFA1NUxXYkVCME8wUnRnVWlvMnZwUXBKMkp4Z1RZSDRnTW5USFFyLTZZeXprWEtXSVpzSmFoN2YzTTA5TENMY0RxaHVSam9nclFNTzRpMUFNS3h5Nk9RZmZ4QjQ0SG9TaG8?oc=5,included,
83c2f50c562daeeb6e4bf5c1,HUGGINGFACE-2150f58eb147,appeal_stage_pre_decision_media,2015-09-02,2017-01-24,"""מוטי אברהמי""",האיש שבנה את רשת האקסטזי הגדולה בתבל והפך לאימת האילתים - וואלה חדשות,וואלה חדשות,2016-04-05,https://news.google.com/rss/articles/CBMiTkFVX3lxTE8yZkUwcXJ2R1BISXZQbWhkWFJHbE1vRnc1YlZyMlJLVHN3WElSQmQ1MnF3Y2E0UlFwNGVNRGdjeVZGYlFUd2V6VGRRRzFDQQ?oc=5,included,
ffba88373e5c99bd4ced2a0a,HUGGINGFACE-2c6186d24c78,district_verdict_stage_media,2017-03-23,2017-04-29,"""ישראל אלבז""",עונשי מאסר כבדים על תשעה חברי ארגון פשיעה מהדרום - חדשות באר שבע והנגב,חדשות באר שבע והנגב,2017-03-30,https://news.google.com/rss/articles/CBMiWEFVX3lxTE16eC1WZjZEZkQ1ZFlkbENLVE10ZlNVbV9sbXA4emw0SFM1b1c4ckJlSUJEQWF3NUM3dnJOS3l5a3ZIMmQ2WUdTcGlpMUpXeTZXb050U2pPYWM?oc=5,included,
e43c541ea5c18db787e65dbd,HUGGINGFACE-2e816273ed86,district_verdict_stage_media,2016-09-14,2016-10-21,"""יונתן ועדיה""",התאונה בבית יהושע: 6 שנות מאסר נגזרו על הנהג שהורשע בהריגת 5 בני אדם - mako,mako,2016-09-21,https://news.google.com/rss/articles/CBMiggFBVV95cUxQbUZOUGl5VHdXWTQ4MDYwODc2TjAzV1ZMWllDZlpFeTEtVW8yMXJ2SW9LaXRZZzQ4dFVxUnlFTUpaY3I1dG45aWhVVVJBV19WNnQzM00ycjNNSGtiaFF1YWpJOUhHdUJaalE1d3hrc3JrYWlpb0V6NWFPaXpScUw4MnBR?oc=5,included,
b1e72dbca0fedc46ca1b1ad5,HUGGINGFACE-2e816273ed86,district_verdict_stage_media,2016-09-14,2016-10-21,"""יונתן ועדיה""",עשור אחרי אסון הרכבת: 6 שנות מאסר לנהג - ynet.co.il,ynet.co.il,2016-09-21,https://news.google.com/rss/articles/CBMiZ0FVX3lxTE9tVlNNeXlfcENGSDBkd0FCdWJuRWlYWnNRbW94R0lLOEtZZ0N3UzVLOWFBU0xmNGV4c2ZYQXcyclA3eVVyek5SSTNjZUdMODNMR1BWX0FJZ2JEd1Uzd3dobEt4MDlpTEU?oc=5,included,
a1d3284ab41da49976c482b6,HUGGINGFACE-2e816273ed86,district_verdict_stage_media,2016-09-14,2016-10-21,"""יונתן ועדיה""",שש שנות מאסר לנהג שגרם לתאונת הרכבת הקטלנית בבית יהושע לפני עשור - הארץ,הארץ,2016-09-21,https://news.google.com/rss/articles/CBMimAFBVV95cUxPaGFhMl94Wjhrck9PY2Jjb2E5OWtqQmxacnotbGljdUJoWnpROUIxNHFyNXpLUWp4clVXNGpId2hKbnlWbkJZbTkzUEdJY3ZaTDdfalFGNlVfZm85dS1JMzViX1o0VW9HZDNtNDFSSno3S1d1eFBRZkpKM1hnYjI5NVZBcFpmX2VWNERaZm45UzhpQngxZUtySQ?oc=5,included,
295d78182358679e7d1898fa,HUGGINGFACE-2e816273ed86,district_verdict_stage_media,2016-09-14,2016-10-21,"""יונתן ועדיה""",אחרי עשור: שש שנות מאסר לנהג שגרם לאסון הרכבת בבית יהושע - וואלה חדשות,וואלה חדשות,2016-09-21,https://news.google.com/rss/articles/CBMiTkFVX3lxTFA5V1hFMXZTZEFURnBqdEJwdnpFUVJNY2hmZ2w0ekdoSElxMi13eU1VSDR0LVhxd2ZUX0tVaFdhcmRGS1B1MGZQT2l6aTEwZw?oc=5,included,
fbe33d30d54afc637bb28655,HUGGINGFACE-2e816273ed86,district_verdict_stage_media,2016-09-14,2016-10-21,"""יונתן ועדיה""","6 שנות מאסר לנהג שהתנגש ברכבת: ""5 קורבנות שילמו בחייהם"" - מעריב",מעריב,2016-09-21,https://news.google.com/rss/articles/CBMiXEFVX3lxTE5IZ0huX1psaU1yQWRIUmF2S1JHTjJsMTB5T3hVeEZzVHA3Rmt1b0s4M1hHUi1Odko2OS1MRUNuTlNCZ0RMbWtJZWN0U195WXVGNGZjMW1WdDc4WDFy?oc=5,included,
9101593c144ab9caf3f11b13,HUGGINGFACE-2e816273ed86,district_verdict_stage_media,2016-09-14,2016-10-21,"""יונתן ועדיה""",שש שנות מאסר לנאשם בתאונת הרכבת ב-2006 - מקור ראשון,מקור ראשון,2016-09-21,https://news.google.com/rss/articles/CBMibEFVX3lxTE5PSHdTVnJxZENiR1B1bDlzbHdWS0NQUFlfOHB0MHpzcGhpcTNiWl92TzJCRmVROTZoM1RQN0JIYTJNaVh2WDNWZVBIS1hucW0xLS1LREQ3am92WWJhdGZaWE0xWlBWZWFCbGkzcw?oc=5,included,
b42738b4392735db382c4009,HUGGINGFACE-2ed9c0fd9780,appeal_stage_pre_decision_media,2009-09-03,2010-07-20,"""שחר מזרחי""","מהומה בביהמ""ש: השוטר שהרג פורץ נשלח ל-15 חודשי מאסר, משפחת ההרוג התפרצה - mako",mako,2009-09-03,https://news.google.com/rss/articles/CBMid0FVX3lxTE91b0NIS0xEUnQ0UFAtT2RtMjRob2VNTlRlRWVRSUpxQ09zcVhKcVRWY1QzYi1Tcl9xRkNKZGJUS2hzemtKeWpLTEd3SExNWmNMdldBanNpNnV4b1RPbGtvaWd1SGZSSl8yRFM4RXM3V05RWlhfbnFF?oc=5,included,auto-included: matched case/legal context terms: מאסר
3460438279dffbaa2059bb91,HUGGINGFACE-2ed9c0fd9780,appeal_stage_pre_decision_media,2009-09-03,2010-07-20,"""שחר מזרחי""","מהומה בביהמ""ש: 15 חודשים לשוטר שהרג פורץ - ynet.co.il",ynet.co.il,2009-09-03,https://news.google.com/rss/articles/CBMiZ0FVX3lxTE9rcEVWOWdmUHF1ajFyNFhob051Z2toVXZHT041NFNrQXRYSzJNbUp5TkxJWlRnaWhLSllWcWEtUmpXNGtPUW1nOVk3MWlzcEVuMHV2ZXI5eWFEaVNRanVOUWdmQWx4ZUk?oc=5,included,"manual pending review 2026-05-26: include; article is about ??? ????? sentencing for killing ????? ?????, same homicide case before Supreme Court decision."
0ffbd5845662bff3b9e6cf6a,HUGGINGFACE-2ed9c0fd9780,appeal_stage_pre_decision_media,2009-09-03,2010-07-20,"""שחר מזרחי""","אחרי הכפלת עונש השוטר: ""לסגור את התחנות"" - ynet.co.il",ynet.co.il,2010-07-21,https://news.google.com/rss/articles/CBMiZ0FVX3lxTFBXM1NtbE41VDlVSmVKakRfQ1FNRWFvYVN0Q3Z3QXg0dmlXTUhQS2ZUM3k2Q1ROcjNzZlQtYlNhWU91RXFZRnd4bmpZdU5lanktVU82SmRvVjBwQ1U4Wm9saU93aHQtVFk?oc=5,excluded_after_window,
998e195610d5a49d0cd10a14,HUGGINGFACE-2ed9c0fd9780,district_verdict_stage_media,2009-08-27,2009-10-03,"""שחר מזרחי""","מהומה בביהמ""ש: השוטר שהרג פורץ נשלח ל-15 חודשי מאסר, משפחת ההרוג התפרצה - mako",mako,2009-09-03,https://news.google.com/rss/articles/CBMid0FVX3lxTE91b0NIS0xEUnQ0UFAtT2RtMjRob2VNTlRlRWVRSUpxQ09zcVhKcVRWY1QzYi1Tcl9xRkNKZGJUS2hzemtKeWpLTEd3SExNWmNMdldBanNpNnV4b1RPbGtvaWd1SGZSSl8yRFM4RXM3V05RWlhfbnFF?oc=5,included,
afe3ed741ecbea0c17b9ce38,HUGGINGFACE-2ed9c0fd9780,district_verdict_stage_media,2009-08-27,2009-10-03,"""שחר מזרחי""","מהומה בביהמ""ש: 15 חודשים לשוטר שהרג פורץ - ynet.co.il",ynet.co.il,2009-09-03,https://news.google.com/rss/articles/CBMiZ0FVX3lxTE9rcEVWOWdmUHF1ajFyNFhob051Z2toVXZHT041NFNrQXRYSzJNbUp5TkxJWlRnaWhLSllWcWEtUmpXNGtPUW1nOVk3MWlzcEVuMHV2ZXI5eWFEaVNRanVOUWdmQWx4ZUk?oc=5,included,
26aa257697cf0d3c8e720e5c,HUGGINGFACE-339d6320b05c,district_verdict_stage_media,2012-02-05,2012-03-13,"""מוחמד הינדאוי""",10 שנות מאסר לצעיר שהרג אדם בעת שנהג בפראות במהלך מרוץ בצפון - הארץ,הארץ,2012-02-12,https://news.google.com/rss/articles/CBMimAFBVV95cUxPalhJdWoyZjc0X3UxTlkySXFfQy10S3FzWGF5Zm0zOFUzdGRvVjg0bnpBRkxMWk5jVXcyUVlCQXF3TmFlSEQxZ1ZLTHh3LWhrNjdqOUphTktaLWRJV2tXZnhodi1NSHMzeUFUYWh2MTdGdnluSFBDSkVLMHJDWHpCVHo4aGo5VjRfRWlOR3lCN0ZPNFpFUW9vYg?oc=5,included,
d1a85fdbfd49eac146d6ebf1,HUGGINGFACE-33edb928a24f,appeal_stage_pre_decision_media,2010-03-18,2011-01-11,"""שלום ימיני""","שי סימון הורשע בהריגת מיטל אהרונסון ז""ל, שלום ימיני זוכה - mako",mako,2010-02-14,https://news.google.com/rss/articles/CBMid0FVX3lxTE8tM0hJZkloRER1NjVLVUJMelkyY1FZVDZZeE9CbFlGNmVWWDdoOXRlN3hGQmpHbHhqNkl4dnZjUjJIR3F2VURUYjhDbmdpOU01Nzc0WXNOUVFUQjNoczFqUThOOFU4anFYSTFNM3B4OXlLd3FJTkZN?oc=5,excluded_after_window,manual media test 2 2026-05-26: excluded because published date is outside the stored media window
1336cdea322989c6f6a6d51d,HUGGINGFACE-33edb928a24f,appeal_stage_pre_decision_media,2010-03-18,2011-01-11,"""שלום ימיני""","ימיני מתנצל: ""לא יכולתי לעשות כלום, הייתי מחזיר את הגלגל לאחור"" - mako",mako,2010-03-02,https://news.google.com/rss/articles/CBMid0FVX3lxTFA0SEZQMXQzOTBiRlo0NjZiNng5dzRFZXRIQ0hJc1VxSEhYRWczVW9QeHd5YWhIdE5WbmNZY1phSzA4dnJhZExnYzNwOE5yN2QzLWxBVFI5ejQ2NHUyX2JGYnZMNEhqaHprcFlzUVJEa3FWVllBMDUw?oc=5,excluded_after_window,manual media test 2 2026-05-26: excluded because published date is outside the stored media window
4e53cf88deef7a579df2d033,HUGGINGFACE-33edb928a24f,appeal_stage_pre_decision_media,2010-03-18,2011-01-11,"""שלום ימיני""","עונש חמור לדורסי מיטל: 20 שנה לסימון, 5 לימיני - ynet.co.il",ynet.co.il,2010-03-18,https://news.google.com/rss/articles/CBMiZ0FVX3lxTE95a3RMdzNtRlduWWhNSlJldTduYXdmR3g4cjZUYTJSRzhMd2drekY3MTlGbFRqbHlBeDAzeDdQdmdKTnZyazM1Smk0dy1ZSlgxME43NUVOVm5yVjdrcURBSlBmbDJYSXc?oc=5,included,manual pending review 2026-05-26: include; article is about sentencing of ???? ????? and co-defendant in the ???? ???????? fatal case.
18aa58ababeaf413dd792515,HUGGINGFACE-33edb928a24f,appeal_stage_pre_decision_media,2010-03-18,2011-01-11,"""שלום ימיני""",חדשות - בארץ nrg - ...ליאורה אהרונסון: אולי מיטל לא מתה - מקור ראשון,מקור ראשון,2010-03-18,https://news.google.com/rss/articles/CBMibEFVX3lxTE5vZmlhM3JwNGRFVmdkdS16SnlDLTZVbXBfdUZUOGdqVDFCTEJRN29uWXN0MmpoSDFodXNXSm80TXV4d1d3Ui1VWnZFWWo5bUVMM2xjQVNuLTFPd2JVeXVvcFJRQ1ZtMkRMNFplWg?oc=5,included,"manual pending review 2026-05-26: include; article concerns ?????? ????????/???? case, same fatal incident tied to ???? ?????."
4c36184dd83a006ed1305287,HUGGINGFACE-33edb928a24f,appeal_stage_pre_decision_media,2010-03-18,2011-01-11,"""שלום ימיני""",שלום ימיני מערער על העונש - mako,mako,2010-03-21,https://news.google.com/rss/articles/CBMid0FVX3lxTE9DNU1ESTdqNEtac3V5T0lvSmttTTJGVzk2dmlneFZPT1daNVJoWkxLSWNDaUtIY1YwVGYwMnVhbElEOVhWcDRQNGRkR2ZVaUtEb3FCajVLSVY5ZktwUGtoRmEyeDV3cTh3TzVoMnY1MmpLRWFYQzNV?oc=5,included,"manual pending review 2026-05-26: include; article title states ???? ????? appeals sentence, direct Supreme Court appeal coverage."
9e390e987f145119b6e2f54d,HUGGINGFACE-33edb928a24f,appeal_stage_pre_decision_media,2010-03-18,2011-01-11,"""שלום ימיני""","חדשות - בארץ nrg - ...דריסת אהרונסון: ימיני ערער לביהמ""ש - מקור ראשון",מקור ראשון,2010-03-21,https://news.google.com/rss/articles/CBMibEFVX3lxTE1qMlI1bE1vZmN4dXlyQUtyNUh5UWtRbmZpblpfUHIwQWNhOWgtbV9SNXdVNFd1eERMQmV6WEFGT1BtTGs4dFBmZUxEaW5vaHpaR0g2Q0ZDcmlNcW02QUdWRDdNMG5heEJQMndFUQ?oc=5,included,manual pending review 2026-05-26: include; article title states ????? appealed to court in ???????? fatal hit-and-run case.
48d16e81e3d2ccecae70dc3e,HUGGINGFACE-33edb928a24f,appeal_stage_pre_decision_media,2010-03-18,2011-01-11,"""שלום ימיני""",(הכותרת הוסתרה: הכתבה אינה עוסקת בתיק),ynet.co.il,2010-07-07,,excluded_wrong_case,הוחרג בבדיקה ידנית: הכתבה אינה עוסקת בתיק (אדם אחר בעל אותו שם או עניין אחר)
8de82c9cffe31016e7e75420,HUGGINGFACE-33edb928a24f,appeal_stage_pre_decision_media,2010-03-18,2011-01-11,"""שלום ימיני""",(הכותרת הוסתרה: הכתבה אינה עוסקת בתיק),רשת 13,2010-07-07,,excluded_wrong_case,הוחרג בבדיקה ידנית: הכתבה אינה עוסקת בתיק (אדם אחר בעל אותו שם או עניין אחר)
6beeb1e4fc0e8669d5a49977,HUGGINGFACE-33edb928a24f,appeal_stage_pre_decision_media,2010-03-18,2011-01-11,"""שלום ימיני""","עו""ד הדורס: העונש הקודם - בגלל תמונות מיטל - ynet.co.il",ynet.co.il,2011-01-12,https://news.google.com/rss/articles/CBMiZ0FVX3lxTE1mREZBSjU2dll3SmN6cGxzYkg0cUdCM0RUNmZyM2ZHbGlrWk12c00wMGJ3WGpZM2NuZ1h1SFRnRjc1MXZqMlhCXzFNbldFRlNtVEdMUnhiSXFGSFpnSnJ2Rk93YXV5MWc?oc=5,excluded_after_window,
6fed8c10ce6317cae0c91314,HUGGINGFACE-33edb928a24f,appeal_stage_pre_decision_media,2010-03-18,2011-01-11,"""שלום ימיני""","ביהמ""ש העליון המתיק את עונשם של דורסי מיטל אהרונסון - גלובס",גלובס,2011-01-12,https://news.google.com/rss/articles/CBMiaEFVX3lxTE1zdHZ5b1RBd1lhZGltMElkVWljSUZjZE56a0RFOHRPdFdsbEFhN0haZXBYYUhXZTlmVEZKNVpseVptaDBxOVdnU3dpbzV1dnVqVWUzLUYzX3VsTHpCbkNBQy10cldYX1JP?oc=5,excluded_after_window,
665cb22cef2fe962a3a9bd9b,HUGGINGFACE-33edb928a24f,district_verdict_stage_media,2010-03-11,2010-04-17,"""שלום ימיני""","עונש חמור לדורסי מיטל: 20 שנה לסימון, 5 לימיני - ynet.co.il",ynet.co.il,2010-03-18,https://news.google.com/rss/articles/CBMiZ0FVX3lxTE95a3RMdzNtRlduWWhNSlJldTduYXdmR3g4cjZUYTJSRzhMd2drekY3MTlGbFRqbHlBeDAzeDdQdmdKTnZyazM1Smk0dy1ZSlgxME43NUVOVm5yVjdrcURBSlBmbDJYSXc?oc=5,included,
36b2786ed39cf0d09aeecd36,HUGGINGFACE-33edb928a24f,district_verdict_stage_media,2010-03-11,2010-04-17,"""שלום ימיני""","אמה של מיטל: הדורס ישוב הביתה, בתי לא - וואלה חדשות",וואלה חדשות,2010-03-18,https://news.google.com/rss/articles/CBMiTkFVX3lxTE05US10VUpsNDdCeEFXTG1lcVppRmtyOVdPRk5DY2kyU0xWQnRNT0ZsYVlCSW9UQTdyaV9wRVEwbUlHUXhTREozUzVUSm1IQQ?oc=5,included,
169508d1dfa72408d793dd5d,HUGGINGFACE-33edb928a24f,district_verdict_stage_media,2010-03-11,2010-04-17,"""שלום ימיני""",חדשות - בארץ nrg - ...ליאורה אהרונסון: אולי מיטל לא מתה - מקור ראשון,מקור ראשון,2010-03-18,https://news.google.com/rss/articles/CBMibEFVX3lxTE5vZmlhM3JwNGRFVmdkdS16SnlDLTZVbXBfdUZUOGdqVDFCTEJRN29uWXN0MmpoSDFodXNXSm80TXV4d1d3Ui1VWnZFWWo5bUVMM2xjQVNuLTFPd2JVeXVvcFJRQ1ZtMkRMNFplWg?oc=5,included,
0514d82129df210c8d7935eb,HUGGINGFACE-33edb928a24f,district_verdict_stage_media,2010-03-11,2010-04-17,"""שלום ימיני""",שלום ימיני מערער על העונש - mako,mako,2010-03-21,https://news.google.com/rss/articles/CBMid0FVX3lxTE9DNU1ESTdqNEtac3V5T0lvSmttTTJGVzk2dmlneFZPT1daNVJoWkxLSWNDaUtIY1YwVGYwMnVhbElEOVhWcDRQNGRkR2ZVaUtEb3FCajVLSVY5ZktwUGtoRmEyeDV3cTh3TzVoMnY1MmpLRWFYQzNV?oc=5,included,
bc8830da3d0334470b18d8d6,HUGGINGFACE-33edb928a24f,district_verdict_stage_media,2010-03-11,2010-04-17,"""שלום ימיני""","חדשות - בארץ nrg - ...דריסת אהרונסון: ימיני ערער לביהמ""ש - מקור ראשון",מקור ראשון,2010-03-21,https://news.google.com/rss/articles/CBMibEFVX3lxTE1qMlI1bE1vZmN4dXlyQUtyNUh5UWtRbmZpblpfUHIwQWNhOWgtbV9SNXdVNFd1eERMQmV6WEFGT1BtTGs4dFBmZUxEaW5vaHpaR0g2Q0ZDcmlNcW02QUdWRDdNMG5heEJQMndFUQ?oc=5,included,
5ade74c385cc69a8938f71e6,HUGGINGFACE-33edb928a24f,district_verdict_stage_media,2010-03-11,2010-04-17,"""שלום ימיני""",מיטל אהרונסון ונאאל אבו-פאני נדרסו למוות בנסיבות דומות. הסיקור התקשורתי היה שונה בתכלית. גם גזר הדין של הדורסים - העין השביעית,העין השביעית,2010-03-22,https://news.google.com/rss/articles/CBMiR0FVX3lxTE1xcnRTWUtiN1pSN2JMUVZEdXZ3ZmNCM1lOaUE1X2UwZ0VUMV9PRmJUZHdGZVBMN281UEpzTWhJQUE1b3Q4Umgw?oc=5,included,
8479e137eb8fdced96aea6e2,HUGGINGFACE-33f5f3354124,appeal_stage_pre_decision_media,2012-07-15,2017-01-08,"""אייל דמסה""",סימני השאלה שמרחפים מעל הרשעתו של צעיר ברצח קשיש בחדרה - וואלה חדשות,וואלה חדשות,2016-11-01,https://news.google.com/rss/articles/CBMiTkFVX3lxTE93WGJNOGZXUzRKR1RWaUx2QVR6YjRHS0VkRjEzeEVONC1LUUdUeHhlNFpkNUxZSk1NMFVIOFI1RFh6V1h3Ql85LTFtQU1Odw?oc=5,included,
2830c34c60c6e4995c93eb2c,HUGGINGFACE-33f5f3354124,appeal_stage_pre_decision_media,2012-07-15,2017-01-08,"""אייל דמסה""",נרצח בסכין מטבח כי סירב לתת סיגריה: נדחה ערעורו של אייל דמסה - מעריב,מעריב,2017-01-09,https://news.google.com/rss/articles/CBMiXEFVX3lxTE5xdk5BR0lXaGM3cHc2RWo4X1h1dzQtMUtlTi11NllreUhzaDhUZVIxTlBpUzJEZ1JxdVd1UTQ1SHJ5Q2hSd2hwcjNfbktwVzVDYU1rYzFnOTFYaUV0?oc=5,excluded_after_window,
c40d4ab9b2c370dd231432a6,HUGGINGFACE-33f5f3354124,district_verdict_stage_media,2012-07-08,2012-08-14,"""אייל דמסה""",מאסר עולם נגזר על צעיר מחדרה שרצח בגלל סיגריה - וואלה חדשות,וואלה חדשות,2012-07-15,https://news.google.com/rss/articles/CBMiTkFVX3lxTFB5dFlETlhuM2VBVU1GeWQ4S3RjVnhXYkxuMFoxbWRGY2UxdUdRT2JFcXNhYXFiNU83NmNZdzJJS21qbm1jYW9JWWktemZjQQ?oc=5,included,
98583e0eaad2c603ed3c823e,HUGGINGFACE-33fd5fb195a1,appeal_stage_pre_decision_media,2009-12-09,2011-04-02,"""אולגה בוריסוב""",עד המוות: הורים שרצחו את ילדיהם - mako,mako,2010-07-24,https://news.google.com/rss/articles/CBMid0FVX3lxTFBjdVVWS3FYTjF2Y3hzVE9RSTJWSGdfNWhfWU1JZGNqQmpxQ3pWZ0xSUXp3WlQza0NtYlN4UWQwY2RmMzdRV0puZWpuR0VzQmVlQnQ1VXhxMlF1YVBRa21QOGJGcFJVTlhsaGRRdUhJbVN0SW0tN3FF?oc=5,included,auto-included: matched case/legal context terms: רצח
3fa31f6990a6740404a77d14,HUGGINGFACE-33fd5fb195a1,appeal_stage_pre_decision_media,2009-12-09,2011-04-02,"""אולגה בוריסוב""",הורים רוצחים - המקרים שזעזעו את המדינה - ynet.co.il,ynet.co.il,2010-07-24,https://news.google.com/rss/articles/CBMiZ0FVX3lxTE5Gc3pESjBZWnV6dm11a3pJamE4eURHdVo5Y003ZElnMVlFWmVZamtwY2Z0aHZiMDRkeW1WeTQzQmpmRGpSaHEyUzNadlpiUFBlaVVGQVJub21FZDM5ZUlnLU5ZRlh5RnM?oc=5,included,manual pending review 2026-05-26: include; article lists parent murder cases and names ????? ??????? and her child death case before decision.
ce59c52065f803cc3dc9c67d,HUGGINGFACE-33fd5fb195a1,district_verdict_stage_media,2009-12-02,2010-01-08,"""אולגה בוריסוב""",8 שנות מאסר לאם שהטביעה את בנה - mako,mako,2009-12-09,https://news.google.com/rss/articles/CBMid0FVX3lxTE1EYXhqSlVaaHptUXI0S0tkZXQ4YlRRVmd3Tk1ObGpYRTZxUUJnUE1FU1JoYUk4eXJMMzVtd3JUM1BZaTZWOE9zcjlFS0gzbmVLN3Fsck1tYU9MQURjeGtPcVQ0YnFnb0ZLVGtwTE5MQWs5X3NWbFYw?oc=5,included,
8caff448c8033db79a64a518,HUGGINGFACE-33fd5fb195a1,district_verdict_stage_media,2009-12-02,2010-01-08,"""אולגה בוריסוב""",12 שנות מאסר לאם שהטביעה את בנה בגיגית - ynet.co.il,ynet.co.il,2009-12-20,https://news.google.com/rss/articles/CBMiZ0FVX3lxTE94S1Nlcm90OUQ1LS1mdkdWLUJ6QTRma2RMN0pZMW13REJHQzFKc3hKRVo1VU5wU3VaX0FWWk1IUDIxV3dtbUFJVkp4SVV6SWM0RGtyX1AzUkhad0lIRzgxLS0wM04xX28?oc=5,included,
704ac030dc9a5bd52bf0db80,HUGGINGFACE-3761494018dd,appeal_stage_pre_decision_media,2014-12-29,2017-06-12,"""מיכל אלוני""",כשכולם חיפשו אחר ילדה קטנה: ההורים הרוצחים שטלטלו את המדינה - וואלה חדשות,וואלה חדשות,2017-01-04,https://news.google.com/rss/articles/CBMiTkFVX3lxTFBCY3djR2NjN2thakh4WlF4WHB3TkpQWURQRHpmUjF6X0trZ1laZHhPX0tKd1hwaVdvdlRwbTloYlBDTW9yd2hYaXFLRE5yQQ?oc=5,included,
b91786f81e60fea28f462f7e,HUGGINGFACE-3761494018dd,appeal_stage_pre_decision_media,2014-12-29,2017-06-12,"""מיכל אלוני""",קורבנות הטירוף: יותר מ־70 ילדים נרצחו בשני העשורים האחרונים - מעריב,מעריב,2017-01-29,https://news.google.com/rss/articles/CBMiYEFVX3lxTFBfRGU1c3hweTM1LXkxMVpYZkd1aVo5UW9FRU8xdHFheXYzSGZoTEZZYUtKWmpZV29ieFVTT0I4R2YxT3Qxbm1BdlpHby1IaHR4aUVrS0QwMEc2SWd2NFY0Vw?oc=5,included,
b568412e8abe71bfbd4d30a7,HUGGINGFACE-3761494018dd,appeal_stage_pre_decision_media,2014-12-29,2017-06-12,"""מיכל אלוני""",מה גורם לאם לרצוח את ילדיה הקטנים? כתב הגנה לנשים שלמדנו לשנוא - הקצה - הארץ,הארץ,2017-03-29,https://news.google.com/rss/articles/CBMisAFBVV95cUxOVnhRa3R2OTZMT2lHUGxMOHlGZ3NySFVLd2NCdXdtN3VYMlR5TnpORlpZcEd0a0hIclFmOW9VenVrcUllVEVkM0VmNXdaLV9oWWE0LWZlUDJOVVg1WUhZX1BoZ0pyMWVjRm1Zb2ZPZ1hRcElxMS1qZkNFYkZMMXo4aWxFVVBaR3BkT01HZnFiWElVdVYwc2w0MURpREN3cG84MUFLYlJvWHAtOWNoVExzbg?oc=5,included,
d8785a61276e445362a2ee53,HUGGINGFACE-3761494018dd,district_verdict_stage_media,2014-12-22,2015-01-28,"""מיכל אלוני""",שני מאסרי עולם לרוצחת שתי בנותיה - mako,mako,2014-12-28,https://news.google.com/rss/articles/CBMiggFBVV95cUxPZkpXb0N4YWJwUVVrNXZ3X2ZHUHRpVE5JSWlLMVRWRUtrZTRuVGJURU00ZTUtUTlVTS1wYWk1ZkF4YnBDSUIwRHVLZnpJTmNWekJfMndOMF9yS21sNmkxM2xPSF9IMUdXVWVRQmJRR1BZYUg0TC1WTU1lczdEdWtyV0F3?oc=5,included,
c46263c46747140efa6e3ad7,HUGGINGFACE-3761494018dd,district_verdict_stage_media,2014-12-22,2015-01-28,"""מיכל אלוני""",2 מאסרי עולם למיכל אלוני שרצחה את בנותיה - ynet.co.il,ynet.co.il,2014-12-29,https://news.google.com/rss/articles/CBMiZ0FVX3lxTE9qbWRuMlF6dERLZTlZc2tZWGx0RjRJNFVZRm5JNGZlWi1WNklUS2ctNTBMUFFaZXBMWExUb3FnYy1TbmJCWTB2dzBRX3RhWldOZG9pd2xrWldWRk5udWw1cFg4cEVJMUE?oc=5,included,
524af219a9509fd8796b1981,HUGGINGFACE-3761494018dd,district_verdict_stage_media,2014-12-22,2015-01-28,"""מיכל אלוני""",שני מאסר עולם נגזרו על אם שרצחה את שתי בנותיה - הארץ,הארץ,2014-12-29,https://news.google.com/rss/articles/CBMimAFBVV95cUxQeTdHeE4tZk5ESFQ3SkRGenIyQ25NN3IzY2ctZHIzZEVENHN5bm1iWmhiTUoxbHJpT0N4X1prX1pUWnoxNVd1ZnM3SC00a2ZPSkltMDB3cXdkYjVZMkhoSms3R3hUVHFPbXNha1ozS1BYVXUxUzFobnBXMHV4NjdHYUp4S0tyTnlLWUVRX1hiMWVuOXhVZ2psMg?oc=5,included,
5a327e4ac5836dafc07c3133,HUGGINGFACE-3761494018dd,district_verdict_stage_media,2014-12-22,2015-01-28,"""מיכל אלוני""",שני מאסרי עולם למיכל אלוני שרצחה את שתי בנותיה הקטנות - וואלה חדשות,וואלה חדשות,2014-12-29,https://news.google.com/rss/articles/CBMiTkFVX3lxTFBicVdndjlDY3ViZXl1UjN1TlE0cE5qQm1JREc4VzhtT050U3FxMTBMWTByOHlBbGMxSmQyNjVhYnl5TnR4MWppVHI1WWFUQQ?oc=5,included,
add7db6284ca7481bf8fa733,HUGGINGFACE-3761494018dd,district_verdict_stage_media,2014-12-22,2015-01-28,"""מיכל אלוני""","גזר דינה של מיכל אלוני, שהורשעה ברצח 2 בנותיה: שני מאסרי עולם - מעריב",מעריב,2014-12-29,https://news.google.com/rss/articles/CBMiYEFVX3lxTE9XV1pZQ0c3M0s0TDdEd044Uzh2VjVTbWJKYlBWSFg2by15djYxd3hkS0dmeW1uR1dWaTFiOUZPOGFPSUM5ejkxTnRvWUg3cEUzZEsxTmthd0RtckZMUFdzNw?oc=5,included,
8f824e99eeedc4b0bf490ee2,HUGGINGFACE-3debd445e6d8,district_verdict_stage_media,2011-03-08,2011-04-14,"""מאיר ז'אנו""","ביהמ""ש גזר מאסר עולם על רוצחי הנערה שקד שלחוב - גלובס",גלובס,2011-03-15,https://news.google.com/rss/articles/CBMiaEFVX3lxTFBoZXhkaTlhQmFJUDUtbmlwRks4LW5DRUZYQWdRN0VxVnVVZVRhLVVDWnU5VFVnTEVSMnpEc2FmWktSdWdoSkNRc2RRSVlqQTlyMm5iR0xCaUtsR1dpaFJONWxZSWlSQlNX?oc=5,included,
f92aaf10fa99a7fd9b782b96,HUGGINGFACE-3e45cc20405b,appeal_stage_pre_decision_media,2013-05-20,2016-02-17,"""ניר סומך""",(הכותרת הוסתרה: הכתבה אינה עוסקת בתיק),mako,2015-12-10,,excluded_wrong_case,הוחרג בבדיקה ידנית: הכתבה אינה עוסקת בתיק (אדם אחר בעל אותו שם או עניין אחר)
935f6376ab0852f879391997,HUGGINGFACE-3e45cc20405b,appeal_stage_pre_decision_media,2013-05-20,2016-02-17,"""ניר סומך""","ניר סומך, שזוכה מרצח שכנו, שוחרר: ""השלו את משפחת המנוח"" - mako",mako,2016-02-18,https://news.google.com/rss/articles/CBMiggFBVV95cUxNSS12N2NCMTV4THAweEdibGN3ajFnbldGS0taNTRFNEFrbVh1VnR2ZV9tX05MOTFlMXpsNWpYNUdIRi1LZFNNNDZyeDZfcUhJeDJXWEhLVF9vNVY3Rk9CdVlMWkhPRVFnRG44ejZkbXFsTTVlRkNYYkZEMVJGRkhvSW13?oc=5,excluded_after_window,
1f8de3d9ed8d098a1311be38,HUGGINGFACE-3e45cc20405b,appeal_stage_pre_decision_media,2013-05-20,2016-02-17,"""ניר סומך""","דרמה בעליון: זוכה קצין מג""ב שירה למוות באדם שהיה ""אובססיבי"" לאשתו - ynet.co.il",ynet.co.il,2016-02-18,https://news.google.com/rss/articles/CBMiZ0FVX3lxTFBzX0VrRnIyYmMwRW12QzJ0ZUtCblVnUm0zN1BtU3RaSi1hTXFRcGxaeHREa0RpTTg3X3ZVWVg4UVMzemloZmd5bV9TZ2NQOEliZjkxc3VnMHV0SFVzU2ctenB6UTd2bVE?oc=5,excluded_after_window,
d581e5eb95a3755919f1c990,HUGGINGFACE-3e45cc20405b,appeal_stage_pre_decision_media,2013-05-20,2016-02-17,"""ניר סומך""","ניר חזר הביתה: ""להשלים שנים אבודות"" - ynet.co.il",ynet.co.il,2016-02-18,https://news.google.com/rss/articles/CBMiZ0FVX3lxTE9SMzRLdTFxMTdka0ctcmg5TVlxR2RULUFzMGc3R3JDblhWVWgtaFoxTHVJVVFlUTU1NGRacGQ0TWpaMUgtUlcwaUZWSkR2UjhBQXJoR0FXam9RVHU4dHpRVUJkZGMyVmc?oc=5,excluded_after_window,
f89beaa351ff1d0d6526ec5e,HUGGINGFACE-3e45cc20405b,appeal_stage_pre_decision_media,2013-05-20,2016-02-17,"""ניר סומך""","2 קליעים בראש, טווח אפס. למה שחרר נעם סולברג את ניר סומך? - גלובס",גלובס,2016-02-18,https://news.google.com/rss/articles/CBMiaEFVX3lxTE9ucTAtdmptS1d0a2Fjb0dmQTUxbXo1UXY1V254YlYxaEdhdzhQblVuY0JnNWFvdHFIOVR2UUZ1NXVtMGRMUVdLQkhMVk5FTkhYTThqR3hWX182Vy1BOXRMQmI3a1ZmWGNu?oc=5,excluded_after_window,
3c549407a0065ef593417304,HUGGINGFACE-3e45cc20405b,appeal_stage_pre_decision_media,2013-05-20,2016-02-17,"""ניר סומך""",אחרי שלוש שנים בכלא: שופטי העליון זיכו פה אחד את ניר סומך שהורשע בהריגת שכנו - הארץ,הארץ,2016-02-18,https://news.google.com/rss/articles/CBMimAFBVV95cUxQdjU4Q0pIOWpPZ00wMUFDLWFWVnhDUTlhVjR4ZzNOeXVLWnNCaWdfTFM1RVU0Q3kyZ0RuYW9YcTFFcUJfS3RGY01PZTBIOVR6NW5tekpOd2V2NWg1ZUYtUWNnRy1SZHJDRUdLeHg2Ml9XY2tKSlA5YlVvOVBGOFUxWEJCR0NTN2JzWTBOM09TV001NG1rbkxSVg?oc=5,excluded_after_window,
66692fa5cff9a8a0afce9a23,HUGGINGFACE-3e45cc20405b,appeal_stage_pre_decision_media,2013-05-20,2016-02-17,"""ניר סומך""","דרמה בעליון: קצין מג""ב לשעבר שהורשע בהריגת חברו זוכה מחמת הספק - וואלה חדשות",וואלה חדשות,2016-02-18,https://news.google.com/rss/articles/CBMiTkFVX3lxTE9qdWVTdE85TFplc2FzUVRBUDdGME13QXV4Mmw0WTFXZGstUEM3QUlpV0dka2lENlZEXzlUWDdqWkNQak1uTG5JTlJQRDVuUQ?oc=5,excluded_after_window,
3115d4a9d239bcc2f327aa8e,HUGGINGFACE-3e45cc20405b,appeal_stage_pre_decision_media,2013-05-20,2016-02-17,"""ניר סומך""","בית המשפט העליון זיכה קצין מג""ב שהרג את שכנו - מחמת הספק - מעריב",מעריב,2016-02-18,https://news.google.com/rss/articles/CBMiXEFVX3lxTE5xa0IwendCVlhEUnV4bmxGYkprV3l6VmhfbHY1ajVGaWRIa21jQzFXbTFfbzE1WkhDLTZRWGhJdHA2S3FDMUx6azllNk4zRjQycFBKdFI3bExiSEZt?oc=5,excluded_after_window,
d3b7ddf25181f5b92b4fc990,HUGGINGFACE-3e45cc20405b,district_verdict_stage_media,2013-05-13,2013-06-19,"""ניר סומך""",14 שנות מאסר לשוטר שהרג את שכנו - mako,mako,2013-05-20,https://news.google.com/rss/articles/CBMid0FVX3lxTE1kdnJGcXJKbUMzWVJESkcwck9EMktiRF9lMUNhTGRmbGdHb1ZhTWRLU283S2xWTE5qQXVGRmFJZnhPYVNOcXRla0pzUkJUNnYzV21CZ0Q2T19idE5qSUlfNEkwU3NGMnJIZ1FQMENhY1VCcjZrN2Fv?oc=5,included,
27374554856d1733cc134e5c,HUGGINGFACE-3e45cc20405b,district_verdict_stage_media,2013-05-13,2013-06-19,"""ניר סומך""","אחותו של בן טל אחרי גזר הדין: ""נמשיך לחיות עם האובדן"" - mako",mako,2013-05-20,https://news.google.com/rss/articles/CBMid0FVX3lxTFAzQmZnT3p3bTR3bUFBeEZ4cHM4WWtZUXIyUURNWTJpWUF6MXIyOXVLRWZGRG1jODZzenFqbVUxcjhzdWZqSjJvalp0Y2Nkbmw3NF95cm9hd29kekc4eFRlMWxtS0lCZ0pyb1BkUHpMelBOTkNwMXcw?oc=5,included,
6fa8496a4c43817afac88c2c,HUGGINGFACE-3e45cc20405b,district_verdict_stage_media,2013-05-13,2013-06-19,"""ניר סומך""","14 שנות מאסר לקצין מג""ב שהרג את שכנו - ynet.co.il",ynet.co.il,2013-05-20,https://news.google.com/rss/articles/CBMiZ0FVX3lxTE9mbWRna0VZRFh2czQ5elUyaWdWZjZNUlFhRWNnOVhsVzdVaWVpRGxhbFppaW5VM1V2VVFLajFLOFZ5UDEzNHhfTi1Nc2NkRFZUY25iU3I1ZlNYbWpqN010YVJqbHBoVDA?oc=5,included,
6aefcf5d8fe80ac67af89bf2,HUGGINGFACE-3e45cc20405b,district_verdict_stage_media,2013-05-13,2013-06-19,"""ניר סומך""",ניר סומך נידון ל-14 שנות מאסר - היום,היום,2013-05-20,https://news.google.com/rss/articles/CBMiVkFVX3lxTFA4dUl6S3BaNGhrWG5CaF9EdlZyaEVqXzVpWWJIdzhoTC1YRXRFRzkxWFBtdE1lTzVKcV9jR25HZm1FQVlGREwzaUdYNnR0YjRkTjVzUEVn0gFeQVVfeXFMT1FiVnJJcG94SHNBZUtnOXQ0Z2pSVWNMajJVZE9BTWoyMlhRS3ZVZDYwdDVWNEx1bkVOSlphSjlHTTZYdWJlQzVXVjJBNGdHbjlNUnp6SEJLQW80VlRvQQ?oc=5,included,
82c1cad243822e4c7a61ed1f,HUGGINGFACE-3e45cc20405b,district_verdict_stage_media,2013-05-13,2013-06-19,"""ניר סומך""","חדשות - בארץ nrg - 14 שנות מאסר לקצין מג""ב, ניר סומך - מקור ראשון",מקור ראשון,2013-05-20,https://news.google.com/rss/articles/CBMibEFVX3lxTFBCTV9IMm9jYXZnbVljbWo2X3d0Ri1pNWVTZmxBZnNUQlVrV1p4WVRtYU5OQ3JZTTliN0FfWlU0NzRsNE52RjFPcU5tdzd0UVB6VUE1blpmckpFS05kRFFhVFpNeUNQXzNnU09jUg?oc=5,included,
664a11e7dd190a594b6d6c4b,HUGGINGFACE-3f9ed636e1d8,district_verdict_stage_media,2016-03-20,2016-04-26,"""תופיק דלו""","יו""ר האגודה הנוצרית ביפו לשעבר הורשע בסיוע לרצח מחליפו; קרובו הורשע ברצח - הארץ",הארץ,2016-03-27,https://news.google.com/rss/articles/CBMipAFBVV95cUxPakFMV3dlczI1TWpIYUFmRHJRR0U2MjhvcUFFbkUwbTM4a0V5Uk9fRk5PQm5TclhwUHVGVGxia19rd3kwV25LenZTUVR6OE5VMHI3MUZsXzFUX1B4SnUwY19yMnVJakZ2a3BXNVcyckg5aUlhRVhmczZFZ2RVNTlFQU1yVm1kY01IOWQ2dE1PNnRTbE5hM1hRVXRCWTlEVEhVMWhaOQ?oc=5,included,
2edfc93623fb280d7b567997,HUGGINGFACE-3fc8b3a249bf,district_verdict_stage_media,2011-06-23,2011-07-30,"""נוראיר פידיניאן""",רוצח הרבנית הורשע - אשקלון ניוז,אשקלון ניוז,2011-07-04,https://news.google.com/rss/articles/CBMiSkFVX3lxTE9fZ2J2ME5tN1h2TDJZalR5M3liTWVwLWFMY3RQb1hZOWl5a29tbnBJYldONm1oSjhFWGRUbHBpQUQzOVZYUFFkdjR3?oc=5,included,
a29b4e4ffe2b9063bc703d5c,HUGGINGFACE-4145b9ee8e75,district_verdict_stage_media,2010-09-13,2010-10-20,"""ולד עזר""",מאסר עולם לגבר שרצח את בעלת הדירה ששכר - ynet.co.il,ynet.co.il,2010-09-20,https://news.google.com/rss/articles/CBMiZ0FVX3lxTE5NVDhUYmxCRFVUNWtjX2NWTS11QjRaQTVDS0hfeXFTeHZXMjdUc1Vjbl9EUld1cFZDYVlSUlNlSUl5M29aZUZlTWF0dS1tU2V0OERNMGljOWxNdWdWR2ZwRVRoaHI3S2M?oc=5,included,
22bde35f78ee7e7e5d7ca92d,HUGGINGFACE-41d4c6be4456,district_verdict_stage_media,2015-09-09,2015-10-16,"""ארז שמיל""",תושב תל אביב הורשע ברצח חברו בשל חוב של 300 אלף שקל - וואלה חדשות,וואלה חדשות,2015-09-16,https://news.google.com/rss/articles/CBMiTkFVX3lxTE5ldWQtd2NmSGVoXzJYWWUxYjdjT2pHcXBBTHZuejRiYkY4My1YODNkZ1BNUzZyX2cwZ3lseGl4dTgtOU5GUy1Sd1AyUHY1dw?oc=5,included,
9d7fca2d37da62bcda13fe69,HUGGINGFACE-450e8b472d80,district_verdict_stage_media,2012-06-20,2012-07-27,"""מארק עמנואלוב""","המאבטח שירה למוות באדם בטיילת בת""א הורשע ברצח - וואלה חדשות",וואלה חדשות,2012-06-27,https://news.google.com/rss/articles/CBMiTkFVX3lxTE1vMk1JVUxuQnZvZ05FNDlnQmkxVWlHVDRyUFdGTjNKUVNERjBGdHdkRlpnWXlkUmQzYkktSFhwczRnTVp6dmExYUZRcnFuQQ?oc=5,included,
37d2fe88bcdf1870aac5c0a8,HUGGINGFACE-45e57a8ed4ab,district_verdict_stage_media,2018-04-30,2018-06-06,"""ברק נגר""",מאסר לשופט הכדורעף שניסה לרצוח | N12 - mako,mako,2018-05-07,https://news.google.com/rss/articles/CBMiggFBVV95cUxQcUx6WlhmSXMyWFdWUm9kWDBPWjF5emdSeUl3LTl1OFhFVklZQ1p1dGs3RFlKQkxqOGJ0QWtJSVZGU3U3SXBfSDJKREdiNTFWRk51YWx1SVh5ak1Oa2NWMnJkT2ZObnlNSWNnVU12Rmtra241WlM3MnlqNjVUTk94TklR?oc=5,included,
097d05f5161fc5ba1afe10c5,HUGGINGFACE-45e57a8ed4ab,district_verdict_stage_media,2018-04-30,2018-06-06,"""ברק נגר""",12 שנות מאסר לשופט כדורעף לשעבר שהורשע בניסיון רצח - ynet.co.il,ynet.co.il,2018-05-07,https://news.google.com/rss/articles/CBMiZ0FVX3lxTE41ak1DT3BuYi1ZUWZ3eUpGZjdSNGxxY2NYdmlXd0RRMHh6S05oNmF4SHpDLUtkTHRWNlkweUN1bEV4el9iVTZTeVZFbjdQclUyOGFQeHN2QlpSUDlDWl9FZGhqcVVKTUk?oc=5,included,
d9311476ad4bf845a5842625,HUGGINGFACE-45e57a8ed4ab,district_verdict_stage_media,2018-04-30,2018-06-06,"""ברק נגר""",גל סדבון סוגר את פרשת ניסיון הרצח עם הרבה שאלות פתוחות. ראיון - צומת השרון כפר סבא,צומת השרון כפר סבא,2018-05-11,https://news.google.com/rss/articles/CBMiUEFVX3lxTFBUTmNTUkxmMUFOb0FtdFVPbzdhYTUtc3hwSElDV0JRd18wMk5TMnFDaVB2UFByZkpmaDMxSVltVzNybDB3a3FqenVFWXRiNUpX?oc=5,included,
e81aca49847f3611045819e0,HUGGINGFACE-46b423aafcbd,district_verdict_stage_media,2010-01-14,2010-02-20,"""גיורא קורצקי""",רצח ושדד את אבי גרושתו ונשלח למאסר עולם - וואלה חדשות,וואלה חדשות,2010-01-21,https://news.google.com/rss/articles/CBMiTkFVX3lxTE8tYVdOVUc2SDkybUxnMXBVRjJGdlVfdHU2R08zR0ZmT3I1ME9tRnpPU0ZoUmtqWDViZUw5MlRZQXI2a2RlZVNxaDB4VGhJZw?oc=5,included,
1bb8092c0016d6d1ab80cf60,HUGGINGFACE-46b423aafcbd,district_verdict_stage_media,2010-01-14,2010-02-20,"""גיורא קורצקי""",חדשות - בארץ nrg - מאסר עולם לרוצח חותנו בשל סכסוך - מקור ראשון,מקור ראשון,2010-01-21,https://news.google.com/rss/articles/CBMibEFVX3lxTE9iNFBadjZ6V0s3MTJFYzVuTGZxSXhPUVNzUUJKb0JPdzdRSnRldkxtRzIxNXQwYlpJMklmY1dQRVlQel9XRXU0RFMyVmRlc3UxX1dWeTBud0ZyaGxjV21xNEd3QVMyOVZONk4tMw?oc=5,included,
9f553b0e09a56cc88c497481,HUGGINGFACE-48ee065b90c6,appeal_stage_pre_decision_media,2011-07-18,2014-06-25,"""אדם איטל""",החקירות היקרות בתולדות משטרת ישראל - mako,mako,2014-02-27,https://news.google.com/rss/articles/CBMiiAFBVV95cUxQQUxKQmhrVGtKUGxYd3VRSG1JTHNpLUtUM2RSLXlXN2JfTXlkVWpENWM5V25oOW8yX0tYUmxpcXpWbmdiZXhvM3Z0U0wtbFdfU29YM0RDZVdscXp4cktFbE5NUG96X01JNmNHUGpoMzVNcWRjcDhrdmh1ZkJCeVFibUttYmFDRE0z?oc=5,included,
b1f36a22f684e240481fbd13,HUGGINGFACE-48ee065b90c6,district_verdict_stage_media,2011-07-11,2011-08-17,"""אדם איטל""",שני מאסרי עולם לרוצח בפיצוצייה בבאר-שבע - ynet.co.il,ynet.co.il,2011-07-18,https://news.google.com/rss/articles/CBMiZ0FVX3lxTE9wREZ6c0Fkb0ZUalhWRnhfWGNiRi1KbWlUZE40RndYTkxPWlVSWnM5OXpZclQ5dGNmMTdBT1B5S0ZnVDRPMGlORkpDLXdWeVBrYXVINXpSNHIyamxoWnFEZ1Bob2t5bjQ?oc=5,included,
6a4f6a1c6ed07125b3740604,HUGGINGFACE-48ee065b90c6,district_verdict_stage_media,2011-07-11,2011-08-17,"""אדם איטל""",שני מאסרי עולם למורשע ברצח כפול בבאר שבע - וואלה חדשות,וואלה חדשות,2011-07-18,https://news.google.com/rss/articles/CBMiTkFVX3lxTFBES05kV2tWQ1U2alJGMTNyRXh5RHBJTEQzX2V2bWhoWjRIUkl1N3dETEZoNzhlOUkzRDFYSDZJTHRKeHI4VDZzdWNNN1B6dw?oc=5,included,
50b3c3190f93631234b1e57a,HUGGINGFACE-48ee065b90c6,district_verdict_stage_media,2011-07-11,2011-08-17,"""אדם איטל""","""איך יכולת?"". צפו בעימות בין האלמנה לאדם איטל - ynet.co.il",ynet.co.il,2011-08-11,https://news.google.com/rss/articles/CBMiZ0FVX3lxTE03dEFuRTNBb1J4aVBKaWluOGpZaTR6M1VSMHRKZUY2a2JDemZoOEtjVC12VGlTek1Xa2hkYzNGUnpTaEFTTU16NUI1Q09MQ1dPSnhSc0RPMlMxSFNZSXJ2MlZ3RjltcVE?oc=5,included,
265b2bf9dcbac1800ce578bf,HUGGINGFACE-4a0f9eb91590,appeal_stage_pre_decision_media,2015-10-11,2017-06-11,"""משה גדליה""",(הכותרת הוסתרה: הכתבה אינה עוסקת בתיק),"אתר בית חב""ד",2016-12-08,,excluded_wrong_case,הוחרג בבדיקה ידנית: הכתבה אינה עוסקת בתיק (אדם אחר בעל אותו שם או עניין אחר)
a1e8dbf6718c1a43f96a1fac,HUGGINGFACE-4a0f9eb91590,district_verdict_stage_media,2015-10-04,2015-11-10,"""משה גדליה""",בית שאן: מאסר עולם לבעל שרצח את אשתו - עמקניוז,עמקניוז,2015-10-11,https://news.google.com/rss/articles/CBMipgJBVV95cUxOTUxLbEpaRVlnSkVwRGtQa3hKM2RabkVHLWhjTXhqQVB4Y3BzSVltU2p6TkFtS1E0UVVJZ2d3enZnMnlJcWw2WWR4Nk1abS1nUnQxaWpyM0QteWZwYkZOQnc2aFhDaEhlNjFQTGpUVFBfQ09hakpsaC1zX3NlNzZmV2VsN3JwdUxkMmRLNVdYQm9rMjEyQl95Nm44Yk9CMWtFaFJicmNZc3ZaeG5FemdMaWxZSmdBODU2R1d1SE9ZbnR6bjQyYXd6MGJYS0YzSTF4UEh5cU9seEtTeWoxREJNTGsyRTdOdzgwV2VVVGx5cmlXTFdTS0hibmxCTmJfa2FYVDczSDFfYWVVUUVvZTBYeml3OGRwZHQ2LU1JMGhaSU9WdVd0YXc?oc=5,included,
1287caa401636f35ab7bee33,HUGGINGFACE-4ac8f2bb46d2,district_verdict_stage_media,2014-03-05,2014-04-11,"""איציק חזן""","מאסר עולם לרוצח מנכ""ל חברה קדישא בחיפה - mako",mako,2014-03-12,https://news.google.com/rss/articles/CBMid0FVX3lxTFBoRl91X201ZXVDbExRNFp5Q3oySUNnZ1JkQmhoZDV0SWpHRXh4NUxaTTFFdFFOeXEwc21KbnhySXlMb3RHVzZ0X0NZQkdEVWYtZV91OEJMV2RjX3NSd2hkUndjcGpQSW1IcjJ0bV8wakZ5TTBPYlY4?oc=5,included,
2b16804fec4fcedeebbb6274,HUGGINGFACE-4c5a1c8adc1a,appeal_stage_pre_decision_media,2017-07-18,2018-12-09,"""אריה ריקו שירזי""",הערעור נדחה: ריקו שירזי בדרך ל-8 שנות מאסר - גלובס,גלובס,2018-09-16,https://news.google.com/rss/articles/CBMiaEFVX3lxTE9FOGdrU1RtN0paZldhaVdlVGZDVzVNcFpTcDdpUlB6cnB4dWdDOVlGY3dpSkJNSWxPcE4tZmdkdlFSTzdYTDlJY1lNdkNVRjBIekI4dXVCejVFN20yTmx0WW1waEU5b2o3?oc=5,included,
f9fe2d13af3d6dffa7231f74,HUGGINGFACE-4d421cfbd599,appeal_stage_pre_decision_media,2013-10-26,2014-10-25,"""פאדי נסראללה""","תוקפי נתן זאדה לכלא, יידוי אבנים בלב חיפה - ynet.co.il",ynet.co.il,2013-11-28,https://news.google.com/rss/articles/CBMiZ0FVX3lxTE5Zek9FOXo0MExfc3Q2Rk51VXctLW8xSW0xYU9ROEg5VzBpTnZiaUxXNFJlWE5FOXF0UFdEa1huTFNGWnlzcnUwb3dnQTFPRWNYOW1lclFwbHVWUVR5Q1FUUkpWN2tGaFU?oc=5,included,
ddb67530aca09cf1fc520cf1,HUGGINGFACE-4d421cfbd599,appeal_stage_pre_decision_media,2013-10-26,2014-10-25,"""פאדי נסראללה""",שנתיים מאסר בפועל לתוקפי המחבל היהודי עדן נתן זאדה - הארץ,הארץ,2013-11-28,https://news.google.com/rss/articles/CBMimAFBVV95cUxOTjFGbUpxdDNCcXNKTEtWRk9YQXMwZU5qQk1hWmtZd1FNTU4tZ1Z4UDB2T0MybW9Nek1sdzlSX1lKZHhGRUoySmRYbnQ4VXB2SjEwR1QzZ2xwV3hsbDRfa1BXX1ZhWXZWWm9SalBmRmZnaDRac2FJc3RrUzlBbXB0SGJUSUFBZ3ZhUnluMHJtdjdWanFsd0dSbg?oc=5,included,
b90941b952620e854d4adad4,HUGGINGFACE-4f81de02ef51,district_verdict_stage_media,2010-04-20,2010-05-27,"""שמעון והבה""","מאסר עולם לרוצחי מאבטח ""חצי חינם"" בחולון - וואלה חדשות",וואלה חדשות,2010-04-27,https://news.google.com/rss/articles/CBMiTkFVX3lxTE5qcVNCWnctOEpNc2dtblRIVGxrUHJrN2ljbUJIVHJGVDV2R3hwUDRod1pNNkNRXzF2U1pFbnNoZktMTGJseVc1aGtPdFZSQQ?oc=5,included,
12a2ba9be1ccbe24a3654e71,HUGGINGFACE-4f81de02ef51,district_verdict_stage_media,2010-04-20,2010-05-27,"""שמעון והבה""","חדשות - בארץ nrg - ...מאסר עולם לרוצחי המאבטח ב""חצי חינם"" - מקור ראשון",מקור ראשון,2010-04-27,https://news.google.com/rss/articles/CBMibEFVX3lxTE5CMDZZOWFYSjBDdXhyNTVYZ1dsNTNBSERBQW5mQXNQR2UzMUZRM1RJczZkYnlfVjZwZzFXUXBQaThFMGFNWXg1YnJhQzh0MlF0OVY3LTlzdW9FTjZyZ195blhNT3FfckplUU14aQ?oc=5,included,
aa5ea8ecda1022e2e1afedb8,HUGGINGFACE-57cb441759bf,appeal_stage_pre_decision_media,2014-05-29,2015-01-20,"""אורן חנונה""",11 שנות מאסר הוטלו על שושן ברבי שדרס למוות והפקיר 3 נשים - mako,mako,2014-05-28,https://news.google.com/rss/articles/CBMid0FVX3lxTE9fU1lzT244cU5Ha1V3cHBsNkllTndkanhpWTdmRDZidWlnUENwcU40cGRiOF96OXNfWFpXdjJZVUN2UHN0NXY1UTk1WFZvR1had2FtUFlEQjVnZlg1blVVUHg0Wk52V2RINGJvLVVEQ2JsaW95NE1r?oc=5,excluded_after_window,manual media test 2 2026-05-26: excluded because published date is outside the stored media window
d69a4f9cb21d36996d23617a,HUGGINGFACE-57cb441759bf,district_verdict_stage_media,2014-05-22,2014-06-28,"""אורן חנונה""",11 שנות מאסר הוטלו על שושן ברבי שדרס למוות והפקיר 3 נשים - mako,mako,2014-05-28,https://news.google.com/rss/articles/CBMid0FVX3lxTE9fU1lzT244cU5Ha1V3cHBsNkllTndkanhpWTdmRDZidWlnUENwcU40cGRiOF96OXNfWFpXdjJZVUN2UHN0NXY1UTk1WFZvR1had2FtUFlEQjVnZlg1blVVUHg0Wk52V2RINGJvLVVEQ2JsaW95NE1r?oc=5,included,
de19b07cc0858b23c871f938,HUGGINGFACE-5ac99ffba014,district_verdict_stage_media,2014-10-16,2014-11-22,"""אנה קומשין""","שתי נשים שעסקו בזנות הורשעו ברצח כימאי צרפתי בת""א ב-2011 - הארץ",הארץ,2014-10-23,https://news.google.com/rss/articles/CBMipAFBVV95cUxNTEZtWG5kRW95NzJ3T2JobURuYmJhbTM1eFBldzRVdm9fQU9GZ0VjMHhJdGR4V2o2QkZXQ0Rzb0tKbE5FZ2RBV0QwczJkbjJKTzFYczRiLWFMWTdTNHNyWS1IdXAzMFl4UUlqNkkzbXFRdWwxQkhTWDRqWU90RVZhYkVrRE90d2Jfc05IZU0tdjRpaUdmX25XWkxGQ1Z1OG9HXzU1Sg?oc=5,included,
16e043a2294d56f23512536b,HUGGINGFACE-5e188c654f5c,district_verdict_stage_media,2015-12-31,2016-02-06,"""אלכסנדר צ'ורני""","7 שנות מאסר לנהג מ""תאונת רכבי היוקרה"" - mako",mako,2016-01-06,https://news.google.com/rss/articles/CBMiggFBVV95cUxPYWUxY24wai1VTDd3YVJreno4dk9ncy02SHJHYy1yT3hUbWNaSjJqNWVwT0RxZWh3SlI4UE1hSzhJdWN6WklDMWdnN01KQjc0LTd5eHVodTRDREQ1Rnc5WVcwdzVaUEZMdUVEZEFwak9NTEVpUk9ZcDNWeVpWTFJXaXRB?oc=5,included,
dd3a6ba389fcda81925f04d6,HUGGINGFACE-5e188c654f5c,district_verdict_stage_media,2015-12-31,2016-02-06,"""אלכסנדר צ'ורני""","7 שנות מאסר לנהג הפוגע בתאונת ""מכוניות היוקרה"" - ynet.co.il",ynet.co.il,2016-01-06,https://news.google.com/rss/articles/CBMiZ0FVX3lxTE10VHBydklEYWhaMUY4M2xRZG1zcU44NTZINGhKcEhQd190MG9vNWI4NE9rT0tQRmxCUG13ZUxaM3ZfWlRGQ3MtcXVMWlUxdFpCWGR2c3VSTzN3VjJFeElaSkluOXVOQm8?oc=5,included,
771e07a4343276eb41d40b31,HUGGINGFACE-5e36ec6092fe,district_verdict_stage_media,2012-12-19,2013-01-25,"""ויטלי מיכלוב""",ויטלי מיכלוב הורשע ברצח זוגתו - היום,היום,2012-12-26,https://news.google.com/rss/articles/CBMiVkFVX3lxTE9RRFhDQXJsUzZFUzdtazB3RGlobjBaT3c3eHVDUWlEUHJuRW9UVy1iTUhWU2RSZWxybHJoWFRlaUZoNUpCWjNGM296THVabkVkUW1xU2JB0gFeQVVfeXFMTzZDN3dEM1ZNeHZXWEVSWEpvd2IwVzRUdG5BRWdGMkd2enRRTEZqMnU1MjRVeVRJcS1qejdJUlJfNHU3NURlTlZLdDlNcTd2M1NzdnBIVG9TdW1qVVc2UQ?oc=5,included,
b28825fcc0d01e23d45879b4,HUGGINGFACE-614e80e8fc9a,appeal_stage_pre_decision_media,2010-11-01,2010-11-13,"""נביל אבו חדיר""",15 שנה לאחר שרצח את אחותו יעמוד הרוצח לדין - ערוץ 7,ערוץ 7,2009-11-30,https://news.google.com/rss/articles/CBMiSEFVX3lxTE9PNmFLLWZIMmJMRXFMelpDdHh0UmhqQW9yVVBZWVRfb0d4WHF6UXdmSno3T3NHbWY3RHZPdldqRFNHZkxvMk4yWg?oc=5,excluded_after_window,manual media test 2 2026-05-26: excluded because published date is outside the stored media window
0e71f7e94b25fbfb6698d96b,HUGGINGFACE-619eee149049,district_verdict_stage_media,2017-02-20,2017-03-29,"""שלמה פינטו""",דקר יהודי משום שחשב שהוא ערבי - וירצה 11 שנות מאסר - ynet.co.il,ynet.co.il,2017-02-27,https://news.google.com/rss/articles/CBMiZ0FVX3lxTE5lSnZoR1F2NkdPTjFvZlZIOTRlWHRIdkpZWlh6b0Y2Wlg4MVAxOGdGQmhzbnRid0dWemg4TThrTzJWN1J6REdFOW9obzhaR19WbTdHRW0tNkx1c29xUnphRERvRzlZUzg?oc=5,included,
15ad19970dd6c87ac8e3bd45,HUGGINGFACE-65a971fc803d,district_verdict_stage_media,2019-01-22,2019-02-28,"""ג'ורג' גרייב""","5 שנות מאסר לדורס שוטר בנצרת: ""זה לא צדק"" - ynet.co.il",ynet.co.il,2019-01-29,https://news.google.com/rss/articles/CBMiZ0FVX3lxTE9ZdGVMb0p1WHptSXdaRExobEdxNUVfTHdWRHc1aWQwR183STBpd3JUWEQwQ2c4Y1BiOVNKWFQ4QklxT0lGbWcwREdtSDZRbUJtV2pIZHJwTTNOTkdXWEZfZ25aZUFWdzg?oc=5,included,
364bbc0fd91f059127b6e7e7,HUGGINGFACE-65a971fc803d,district_verdict_stage_media,2019-01-22,2019-02-28,"""ג'ורג' גרייב""","אלמנת השוטר שנדרס נגד גזר הדין: ""זה מה ששווים חיים של שוטר?"" - ynet.co.il",ynet.co.il,2019-01-29,https://news.google.com/rss/articles/CBMiZ0FVX3lxTE83aE96N1U0aXVYY1JaZTVHYXd4eWpFU1VacURtd2ZTYWlBQW1mZTR2dXdYQVBRNzgzLVY3azdTaU5HUWFvdWRLZGZESmRBQVNjOE4tVm50czdiTkZrTE9oLThrLU56V0U?oc=5,included,
7ce72c830b6affb5fcf9d7e4,HUGGINGFACE-65a971fc803d,district_verdict_stage_media,2019-01-22,2019-02-28,"""ג'ורג' גרייב""",חמש שנות מאסר לנהג שדרס למוות שוטר תנועה - היום,היום,2019-01-29,https://news.google.com/rss/articles/CBMiV0FVX3lxTE5KWUFBaHdQcDkyM1huWFZjMEtEdG5QT2FYLVBqZmxUUVR3OFhtTGx4X2tWazdfcHV2QnFrZlBuVU1Qamg2X09HUHRUdi1QZ0pSZWFNcVREUdIBX0FVX3lxTFBfSmxIVmZQbVVvTk5Vb19TWlZ5ZC1UNXZRcUwtWW5iXzlsVkNGRzJiMU1ROE0wUVY5WHFPTUx2OGZDUDdfTEQtbEdhTl9qVTJldXh0cFZXSDVObXRSR0VJ?oc=5,included,
6a69b264f6a39d7a8834327c,HUGGINGFACE-65a971fc803d,district_verdict_stage_media,2019-01-22,2019-02-28,"""ג'ורג' גרייב""","5 שנות מאסר בפועל נגזרו על הנהג ג'ורג' גרייב בגין הריגה והפקרת השוטר נתן יוספוב ז""ל ממגדל העמק - עמקניוז",עמקניוז,2019-01-29,https://news.google.com/rss/articles/CBMiwAJBVV95cUxPcXpKYm9TX1VYODNCTDNaX29SNldJWDZYcGYtMGM5THN1S01SWndDZWJfS0J0Z0NaQUpCc1JfOVhQUEdRaUtKQTJFdW5rWWVuR0Vsc2s5eW9LdVd6ZG1IenV0YWI3VWVkanExSktsdWJwaDBQU0l3TTdyeGpsNmRUbGFMUm5jeVp4SDBYam1aMjFpR25la192QXpBQklBQWdoUjI0RVBjSWx3eFFzNzJjWnBWZVh3X3BpVk9NRFhuR3NpZjc1RmRFOGJ6aWZDbkEzQ0JkZmxWSkhWbkEyRXlXYjlYaDV3Q0FKa1laWUdsc29QaFFoekxwWW9NRXNhOU9RMlljZldyOEhOMnFfTnRvTXBMa09PeHVSbFpXcnpScW1YaE9EY1VtczhydEkzaW0tN0xYamI3ZHExT19fQlAxWA?oc=5,included,
dba96b4dd19b33c469831e1b,HUGGINGFACE-67082803f3d1,appeal_stage_pre_decision_media,2012-05-29,2015-04-14,"""פנחס אבורמד""",נדחה ערעור תושב נהריה שהרג ערבי - הקול היהודי,הקול היהודי,2015-04-15,https://news.google.com/rss/articles/CBMitwJBVV95cUxPZzh4QmZXQzI2SHNudEpJSHpncVFqdEZ0eTloS1ZZZ0gzN1o4UlQwV3Rwd0VyVnJnQXJUdjE3U1JLdXVBbGp0VXllRDNLYTVWNnBWYTFaUUhzdEtIR3pLd1VJUGJGSVNLeDJqR0RTNW5oMWhKT3M2c2FRajJzYS1oeFYwLVk1MjhiMF9JdDdHeHZQTHpZYVZXU0lEZTNDaG1TeEFXSWRMYmkwYW0zcFFtSXE5THRadGdnTGxFWHJwRHo3a1BxMUdjZ2tGQjQxQTVkUlFXZEU5UFFkR3JlWG9qYjRORGxTMGkyWjJLYWRTYk1LRnhrOUplQlF5NG9LQmRKaVFDamVRd2czclhlV0kwSWNreW12bU9VbV9VWVlLQ2xmbk9SNGRqVmxuRUVydDdGNUxTeUtxSQ?oc=5,excluded_after_window,
8cfcace590df603fa4bfadee,HUGGINGFACE-67082803f3d1,district_verdict_stage_media,2012-05-22,2012-06-28,"""פנחס אבורמד""",הסיבה לרצח: המנוח היה ערבי - mako,mako,2012-05-29,https://news.google.com/rss/articles/CBMid0FVX3lxTE01MmIySU9kMFdDTmVXenR6ZWR6NUg5cjktQlFmd2lkM0tnMEdoTklwazlUeHFkcmlrSDMzeW5MWm9tdGRYWlpIb09CNEZOOUI4bjVrNWpsY1QxRk1mZ0lNVXc1MjJrRU9OT1R3cGFkdzQzUUtQTlpr?oc=5,included,
50287b190be44fa29cf6d85b,HUGGINGFACE-67884dea231c,district_verdict_stage_media,2014-01-14,2014-02-20,"""אשר דאהן""",מחר: גזר הדין במשפט של רוצח ה'בבא אלעזר' - בחדרי חרדים,בחדרי חרדים,2014-01-20,https://news.google.com/rss/articles/CBMiSkFVX3lxTFBhRU96eDdaQ2JPVjRFLVk4clJTcXNYUUlvcGRucDI3aEhSS1pXam1Dd0Fobk5YNVNnRXowQkM0a3hRMkxsdE9WYlFn?oc=5,included,
c941727fc649381a7fd2e79b,HUGGINGFACE-67884dea231c,district_verdict_stage_media,2014-01-14,2014-02-20,"""אשר דאהן""",העונש: מאסר עולם לרוצחו של באבא אלעזר - בחדרי חרדים,בחדרי חרדים,2014-01-21,https://news.google.com/rss/articles/CBMiSkFVX3lxTE15ZmN5T1JEdHNVM0FuYWN0YkJEWHAyLUp3c2tDS2NUSDNSUUR0UjF2ajJ0YmpxOVNubWJuTzA1LWVONEFpOUF1SEVB?oc=5,included,
826fe61a45150f959ff79880,HUGGINGFACE-67b0f34fb8bc,district_verdict_stage_media,2008-06-10,2008-07-17,"""פיכרי מנצור""",השוק בחדרה: מסיע המחבל ראוי לגזר דין מוות - ynet.co.il,ynet.co.il,2008-06-17,https://news.google.com/rss/articles/CBMiZ0FVX3lxTE1BVVNBVnNDU21oeExIbV9lbW1mWkxTUUczOW9TdHNWZDFCc1J0a1pkYXpUdjJmN2RsNWwwMnI3SXhwM1pjLXRGTlBqTFc5NTk3S2NNaW1PeEFTN21kYWxab1lJaXNncWc?oc=5,included,
2fb826b3197d0fe0fe265580,HUGGINGFACE-69ef284475ea,district_verdict_stage_media,2010-03-31,2010-05-07,"""דוד כבאז""","דקר למוות בריב על חניה והורשע בהריגה, לא רצח - ynet.co.il",ynet.co.il,2010-04-07,https://news.google.com/rss/articles/CBMiZ0FVX3lxTE9TNjR1ZFd5bG1lYWx5MFhBTzZqNjNjY0R0SWh2MFUtbXhRdTBfWmF1bmxPbG1EYWg4LTZQZTZENXNHZzNTQWRyVGFYN3B2dHZHNV9IVklZNGxtRlVMNl9QOVdESGViWDA?oc=5,included,
7ae5f25127bc2c852bb3bf94,HUGGINGFACE-69ef284475ea,district_verdict_stage_media,2010-03-31,2010-05-07,"""דוד כבאז""",דקר בגלל ויכוח על חניה - והורשע בהריגה - וואלה חדשות,וואלה חדשות,2010-04-07,https://news.google.com/rss/articles/CBMiTkFVX3lxTE52Qnl3MzdydzNZWmFQVkJXal9VUE5PTHZaY01oVDIxcGZ2dFhVMlgxa1JMbEVBdkNESXF3MEJzTHhrd2h6MkJJZEhRZVZVQQ?oc=5,included,
e02ca681d592054f131b579c,HUGGINGFACE-6c9df8f5ef7b,appeal_stage_pre_decision_media,2011-02-28,2014-05-07,"""אליאור חן""",שידוך בכלא: עמי פופר ו'האם המתעללת' - מתחתנים - בחדרי חרדים,בחדרי חרדים,2013-05-08,https://news.google.com/rss/articles/CBMiSkFVX3lxTE1QNGdRSkxRMWhKWEl6Qk1UeVJmVUJjNnZFa2FSSy1ORy1IX1hNSW1YNm1rcmVxdFFZeXM2RXlwdnhrTUdtODNnXzdB?oc=5,included,
309fef7388e2527eaae1d3a2,HUGGINGFACE-6c9df8f5ef7b,appeal_stage_pre_decision_media,2011-02-28,2014-05-07,"""אליאור חן""",חדשות - בארץ nrg - עמי פופר מתחתן עם האם מפרשת אליאור חן - מקור ראשון,מקור ראשון,2013-05-08,https://news.google.com/rss/articles/CBMibEFVX3lxTE5mMDYyNkV3Tk55WktFU0xzQzZPNDc3b1BGTjg3c0s4NHpReDhfZkR3bkZQdGJHc2JMQktpT1hqZVlJbENnMEhEN3RtdE12dGxBc2JXVGxhVmppd082bnhvbUtuYlN0cGpLOEpvZA?oc=5,included,
cd0eca33e780280e13ebfd5d,HUGGINGFACE-6c9df8f5ef7b,appeal_stage_pre_decision_media,2011-02-28,2014-05-07,"""אליאור חן""",עמי פופר והאם המתעללת לא לבד: עוד זוגות מוזרים אך מתבקשים - mako,mako,2013-05-09,https://news.google.com/rss/articles/CBMiekFVX3lxTE5rWDc1Q2ZYeV9CX1kzZnRRckliOXYxMVphV2ktVGRDaEptWmYyeERrUXo0TFNKTWp3Ny1WbnRTTFN6Y21MU2pBMTkwWGkyaVYxQnBWZnNQTmNiQ1pkQUhkYU1UZk9WUWd5QWRxdlRUc0FvcG0wR0RINE1R?oc=5,included,
9b60b71af880562f683cbdfc,HUGGINGFACE-6c9df8f5ef7b,appeal_stage_pre_decision_media,2011-02-28,2014-05-07,"""אליאור חן""",חתונה שכזו: 'האם המתעללת' נישאה לרוצח עמי פופר - בחדרי חרדים,בחדרי חרדים,2013-05-19,https://news.google.com/rss/articles/CBMiSkFVX3lxTE9wRTREeENhQXZETDVCZGl4a0EwMEF5eFdIeWZoYXRTWERzRkdNbTF3UmNPT2JlQW50cHRybm9jSDZqMTdTMU9lOTR3?oc=5,included,
4661b721a7a2e1b04afdf56e,HUGGINGFACE-6c9df8f5ef7b,appeal_stage_pre_decision_media,2011-02-28,2014-05-07,"""אליאור חן""",הרוצח והאם המתעללת התחתנו - היום,היום,2013-05-19,https://news.google.com/rss/articles/CBMiVkFVX3lxTFB1RmxVdHFFWXVuTlM5QmxyRWpKcWVCckt5dTFOVXNKbHpNdVRWYWVkV0RHMG9NWkc0eWdGT3MweHBLR0JjN0F2SEZ1SGtkTEd4MUZEVTNR0gFeQVVfeXFMT2luSF9saE9jVU5ScEhhWXNEU0F2WlMxRzZhVldhSTJHRDZIS3ZiUVdfQ292cW1UTW1jTFBEejdMQVoyVUctYTNSeU5LQ0tLNGg3ZS12eWhIV0NKQmpqdw?oc=5,included,
522220490bf974cee51cbc0d,HUGGINGFACE-6c9df8f5ef7b,appeal_stage_pre_decision_media,2011-02-28,2014-05-07,"""אליאור חן""","חדשות - בארץ nrg - עמי פופר התחתן עם ""האם המתעללת"" - מקור ראשון",מקור ראשון,2013-05-19,https://news.google.com/rss/articles/CBMibEFVX3lxTFBiSU43eGdtQlBCdGxZTUpPTVFxSWt3eDVtQ0NZOWE0ZXZWcldyTlFYb0lodzh1ajh5MkVOc21qT2NPdXhRZkQyMEU5LVhfSElPT0pLajVYS0t5YklCdGs3RzdBM19KNEVvWUJ3WQ?oc=5,included,
f9ddc9119f4e19c7643413fd,HUGGINGFACE-6c9df8f5ef7b,appeal_stage_pre_decision_media,2011-02-28,2014-05-07,"""אליאור חן""",תיעוד נדיר: חתונתם של הרוצח עמי פופר ואמא טליבאן - רשת 13,רשת 13,2013-05-19,https://news.google.com/rss/articles/CBMiYEFVX3lxTE1EbE9PMFU2MGx2VjI2T3QtMHZPS1hZSkZteGJ6RGFNQV9sMUxOR1lHODBCRVRxRmlSRlJQLXhzTUdMbnl6VmxkOVRkU1dOclh6bWJLMnBKbUZTVFVKWUZLcw?oc=5,included,
e82a4a4e96fa1b93828f80f9,HUGGINGFACE-6c9df8f5ef7b,appeal_stage_pre_decision_media,2011-02-28,2014-05-07,"""אליאור חן""",נחשפה כת בצפון: הורים שודלו להכות ולהתעלל בילדיהם - גלובס,גלובס,2013-05-21,https://news.google.com/rss/articles/CBMiaEFVX3lxTFB5djZZSW9GNGJfaGtsemNjUzg4SmRQaFFNcEtIeWF3QXpOaHRXMzBRanlUUlk5Wjc2Q1Q5dHdqelYxbjJHbHp5czMzRkRUNGZIR0ZpRTkxNDM5Z0FHQ0dEQ3VzdkgzTjYy?oc=5,included,
06d17612e932d14c02bf1f8d,HUGGINGFACE-6c9df8f5ef7b,district_verdict_stage_media,2011-02-21,2011-03-30,"""אליאור חן""",איך יכול להיות שיש פושעים דתיים? - mako,mako,2011-02-27,https://news.google.com/rss/articles/CBMinAFBVV95cUxNU2R2bmY3clJnYzVpc1R5eTg5NU41SmRldHBOaXozRzVDR050YU85VWtCOVQxNmQzS3NITVFBSjVBdkVyTWJlNW8tUnZxeUw3LUZOVFBCeHNjZG1fcmp2SHowRS16U0pCSVFJR1EyZjEzeDFiX1c1bXNoQ18xWVBIN0szVGtSTUlpaVFnX0Qxamh4M3FXQzk3cTY2eDQ?oc=5,included,
a3dddb453dc13832278fa431,HUGGINGFACE-6c9df8f5ef7b,district_verdict_stage_media,2011-02-21,2011-03-30,"""אליאור חן""","24 שנות מאסר ל""רב המתעלל"" אליאור חן - mako",mako,2011-02-28,https://news.google.com/rss/articles/CBMid0FVX3lxTE5CMVRYZU9DUUt4MHNFTGVmZFFXcEFGck0tRTJxb1RyVUdMUWtTN1RtRE5VMk1sSmQwT2FKLUZsT0d1WV91RXQ4XzFOVmtTSUlmR1psdElBZWNEOVIwTnhyVk1nU0ZvLWZUeGduekoxbkc2UnVRX2Fj?oc=5,included,
a025b61ad6fdfeb8bcb59a49,HUGGINGFACE-6c9df8f5ef7b,district_verdict_stage_media,2011-02-21,2011-03-30,"""אליאור חן""","24 שנות מאסר ל""רב המתעלל"" אליאור חן - ynet.co.il",ynet.co.il,2011-02-28,https://news.google.com/rss/articles/CBMiZ0FVX3lxTE13SVliakctNUZkVXB2cFlGT0tZTkNCVlU2dkxDRU42X2xwcXBZS1Rjc0J2T0g0cHUxaTR5T2ttSmp6dERhWFA5eVZ3NFViMFk1R3BxSzNlUHljX3ZqVXB2eTRWelZjb3c?oc=5,included,
a4e322cc448c72e5f5db62be,HUGGINGFACE-6c9df8f5ef7b,district_verdict_stage_media,2011-02-21,2011-03-30,"""אליאור חן""",בית המשפט גזר: המתעלל אליאור חן - 24 שנים בכלא - בחדרי חרדים,בחדרי חרדים,2011-02-28,https://news.google.com/rss/articles/CBMiSEFVX3lxTE9EbnYyUThleksxdmdSLVFPMVJvNjR4cjFVWkxkd213OGt5SnBWZDg0bzMwTDVaZVVSY01qU3lXYTRwcjZFa1M2dg?oc=5,included,
b1f994892e6da3209db328ef,HUGGINGFACE-6c9df8f5ef7b,district_verdict_stage_media,2011-02-21,2011-03-30,"""אליאור חן""","24 שנות מאסר נגזרו על ""הרב המתעלל"" אליאור חן - וואלה חדשות",וואלה חדשות,2011-02-28,https://news.google.com/rss/articles/CBMiTkFVX3lxTE1vR3RqaVY3R0xfTnI5MnFNRVZOYVJZOXJZV2lLVTZfSWhxc2dkYVE0RElNMEt0U203Z2U0ZGFKTDJqUy0xNmFZM2pIbXdoZw?oc=5,included,
df13b98348e3e7ca2d822909,HUGGINGFACE-70311a4c797a,appeal_stage_pre_decision_media,2015-07-13,2017-01-08,"""מאיר איתן""","""כוורת עשו בידור, תמוז עשו רוק"" - ynet.co.il",ynet.co.il,2016-08-24,https://news.google.com/rss/articles/CBMiZ0FVX3lxTFB4SU5fMVBneVlGZWQyVllueUwxbVNVYmVVNFI4OGNZNjFvS3VXMTIyN21qVHQyZ3dIVVFkNXBFMFR1M3FrWkh3X2w1ekFvb1I5UXBpUGMxQTAwLXV3TS01aGdVR2NSZUU?oc=5,included,
8bb224e78f56b7a8302361d6,HUGGINGFACE-75752e48ebd0,appeal_stage_pre_decision_media,2006-04-03,2010-02-21,"""שניר מקייטן""",חדשות - בארץ nrg - נדחה ערעורו של צעיר שרצח ירקן בהרצליה - מקור ראשון,מקור ראשון,2010-02-22,https://news.google.com/rss/articles/CBMibEFVX3lxTE1qc041V1BuR3JVOXhwbUpwcHcwWGxVLWJ1VmlDZ1pfazZjNXZSYXZESXZsQlVzSV83M1diU20xWnZ4YUNXLVJPTmZ6enFRX21USkstTDVsT0F5ZFBwNHduSWZtN2VDV1BTbTRpdA?oc=5,excluded_after_window,
21986fc7e8e8147ebf57cd00,HUGGINGFACE-75752e48ebd0,appeal_stage_pre_decision_media,2006-04-03,2010-02-21,"""שניר מקייטן""",מקומי - רמת השרון/הרצליה nrg - ...נדחה ערעורו של צעיר שרצח - מקור ראשון,מקור ראשון,2010-02-22,https://news.google.com/rss/articles/CBMibkFVX3lxTE45M09yU0VYVzkyZ2c1aUlDU182SC1uV3ZSQ2RtWF9YRVRwcXE1dXpER0ZuU3QxUXlmNzZmX0JCRUVuajlld1JER3BXUlZWVEViVzgzamdreFlpOGlaR2FsZUtLV0dBZXJ5dnR4dnZ3?oc=5,excluded_after_window,
948054f2aa8f1017b6cf54c4,HUGGINGFACE-75752e48ebd0,district_verdict_stage_media,2006-03-27,2006-05-03,"""שניר מקייטן""",מאסר עולם לצעיר שרצח ברחוב סוקולוב בהרצליה בעקבות סכסוך בין בעלי חנויות - גלובס,גלובס,2006-04-03,https://news.google.com/rss/articles/CBMiaEFVX3lxTE1WSGZrT3FEZU5wOGFBWGpQbVJBbUZQVG1VZkJhdWd4bmtaeUJ1Z3JDNlVKMndPSGlsSUNaMTljbUEtZUtpM3FfQ3JVbGVSY2hqazJzWnR6WHBGV2taX3NteTJJNWhyQTUw?oc=5,included,
a1e25981fb5cf62d1e2c34fe,HUGGINGFACE-7577b9464623,appeal_stage_pre_decision_media,2014-12-25,2016-11-21,"""מרואן מורה""","תעשיית המין בישראל: שיחה עם גולשי ""הארץ"" - הארץ",הארץ,2016-04-10,https://news.google.com/rss/articles/CBMikwFBVV95cUxQcnROY19zcDRVajBhOXNZb2ppbXdDMzRwWEh6WERVSWFhcnF6SzZmUzh1eXBjOWhvak1pcmVPRFVyM3FkS25GenJfZnlVVUxiS2xiSXZNVkFxUGpncmlEaUoxUGd6dmpuNWllWDMzdlktcEpVZ1FVeUdScE1LOGt4YUJTcXc4Ml81RGxSVzBUcTZxV28?oc=5,included,
b256ee80a3c21427de75991a,HUGGINGFACE-7577b9464623,district_verdict_stage_media,2014-12-18,2015-01-24,"""מרואן מורה""",תיעוד: דחף יצאנית אל מותה מהמרפסת והלך לאכול פיצה - וואלה חדשות,וואלה חדשות,2015-01-04,https://news.google.com/rss/articles/CBMiTkFVX3lxTFA3X2NjWXlxcGNQNjFoNEVQUHZRRmpkRUFSekRQbmowUG14YnlZX3dlcEtUdTUwVGlraXFFMnB5bVB6RERPS2hCUDJQb3A2dw?oc=5,included,
6c76dbde8f1a095b95c1aee6,HUGGINGFACE-76611d2db345,appeal_stage_pre_decision_media,2016-05-18,2018-10-14,"""נור אלדין אבו חאשיה""",מחבל שרצח חייל מבקש להפחית בעונשו - היום,היום,2018-10-10,https://news.google.com/rss/articles/CBMiV0FVX3lxTE1BdjlrR1BRS2RjekZvQkp6Yy1mOGUxRUlEYW5Mdi0zM0RDR3ZoWkVLMFlwS3FVMFlkSzRZeUZKNXBObmx1a2F3ZG91eEFtRzVRcVZJVXJpWQ?oc=5,included,
427f566b31ba4c7dd1859d12,HUGGINGFACE-76611d2db345,district_verdict_stage_media,2016-05-11,2016-06-17,"""נור אלדין אבו חאשיה""","המחבל שדקר למוות חייל בתחנת ההגנה הורשע ברצח: ""לא תקיפה ספונטנית"" - ynet.co.il",ynet.co.il,2016-05-18,https://news.google.com/rss/articles/CBMiZ0FVX3lxTE1lbVF3RE9xVDdmTE10Yl93R3dwR1Z4a2pUNHhhZEtRRDIxcmdwOVlzZ3JOME1qUzcxOU5CdWY3aEFzZ2xmSERCZkZEbGZ0Q3hnYnU1Z3EwSENvZUpKQ3o2eW00M2UxbFk?oc=5,included,
d0c21f1b9d33d28453e3bf7b,HUGGINGFACE-76611d2db345,district_verdict_stage_media,2016-05-11,2016-06-17,"""נור אלדין אבו חאשיה""",פה אחד: המחבל שרצח את אלמוג שילוני הורשע ברצח - מקור ראשון,מקור ראשון,2016-05-18,https://news.google.com/rss/articles/CBMibEFVX3lxTE1xMnBHTDZUQlF5NlVzLUxZbUt5OXY4cE1xdGxFRm94YURjUDdIV1cxYzhJQm5jWE1DNldvOHBFZnhYN2Fzd2dnWTZKTWdEeVNqN1RfdVRSSklsLUJXT3d4MnRsTnh6ZTBKR3gtag?oc=5,included,
3cf33194360766cc00302e7e,HUGGINGFACE-77a260782a76,appeal_stage_pre_decision_media,2009-05-26,2010-04-26,"""אלישע לוי""",(הכותרת הוסתרה: הכתבה אינה עוסקת בתיק),וואלה ספורט,2009-05-09,,excluded_wrong_case,הוחרג בבדיקה ידנית: הכתבה אינה עוסקת בתיק (אדם אחר בעל אותו שם או עניין אחר)
74e204b1fcb1d45867cc4368,HUGGINGFACE-77a260782a76,appeal_stage_pre_decision_media,2009-05-26,2010-04-26,"""אלישע לוי""",(הכותרת הוסתרה: הכתבה אינה עוסקת בתיק),ONE,2009-05-23,,excluded_wrong_case,הוחרג בבדיקה ידנית: הכתבה אינה עוסקת בתיק (אדם אחר בעל אותו שם או עניין אחר)
f57cf618ff4cb712f72e2b8b,HUGGINGFACE-77a260782a76,appeal_stage_pre_decision_media,2009-05-26,2010-04-26,"""אלישע לוי""",(הכותרת הוסתרה: הכתבה אינה עוסקת בתיק),ynet.co.il,2009-08-19,,excluded_wrong_case,הוחרג בבדיקה ידנית: הכתבה אינה עוסקת בתיק (אדם אחר בעל אותו שם או עניין אחר)
497073fc7945dfde230c25dc,HUGGINGFACE-77a260782a76,appeal_stage_pre_decision_media,2009-05-26,2010-04-26,"""אלישע לוי""",(הכותרת הוסתרה: הכתבה אינה עוסקת בתיק),ynet.co.il,2009-10-02,,excluded_wrong_case,הוחרג בבדיקה ידנית: הכתבה אינה עוסקת בתיק (אדם אחר בעל אותו שם או עניין אחר)
e309c65ea7170a985f43ed90,HUGGINGFACE-77a260782a76,appeal_stage_pre_decision_media,2009-05-26,2010-04-26,"""אלישע לוי""",(הכותרת הוסתרה: הכתבה אינה עוסקת בתיק),ynet.co.il,2009-10-07,,excluded_wrong_case,הוחרג בבדיקה ידנית: הכתבה אינה עוסקת בתיק (אדם אחר בעל אותו שם או עניין אחר)
288f525e1162857e4316dc0b,HUGGINGFACE-77a260782a76,appeal_stage_pre_decision_media,2009-05-26,2010-04-26,"""אלישע לוי""",(הכותרת הוסתרה: הכתבה אינה עוסקת בתיק),ynet.co.il,2009-10-21,,excluded_wrong_case,הוחרג בבדיקה ידנית: הכתבה אינה עוסקת בתיק (אדם אחר בעל אותו שם או עניין אחר)
b7b2d6fc267d5453e1829a30,HUGGINGFACE-77a260782a76,appeal_stage_pre_decision_media,2009-05-26,2010-04-26,"""אלישע לוי""",(הכותרת הוסתרה: הכתבה אינה עוסקת בתיק),מקור ראשון,2009-12-05,,excluded_wrong_case,הוחרג בבדיקה ידנית: הכתבה אינה עוסקת בתיק (אדם אחר בעל אותו שם או עניין אחר)
6e0274e2db5b563b09d14447,HUGGINGFACE-77a260782a76,appeal_stage_pre_decision_media,2009-05-26,2010-04-26,"""אלישע לוי""",(הכותרת הוסתרה: הכתבה אינה עוסקת בתיק),calcalist,2010-01-21,,excluded_wrong_case,הוחרג בבדיקה ידנית: הכתבה אינה עוסקת בתיק (אדם אחר בעל אותו שם או עניין אחר)
68a5eaed5ca821fdc89bdf00,HUGGINGFACE-77a260782a76,appeal_stage_pre_decision_media,2009-05-26,2010-04-26,"""אלישע לוי""",(הכותרת הוסתרה: הכתבה אינה עוסקת בתיק),ynet.co.il,2010-02-27,,excluded_wrong_case,הוחרג בבדיקה ידנית: הכתבה אינה עוסקת בתיק (אדם אחר בעל אותו שם או עניין אחר)
049074c4bb52eb8508a7f888,HUGGINGFACE-77a260782a76,appeal_stage_pre_decision_media,2009-05-26,2010-04-26,"""אלישע לוי""",(הכותרת הוסתרה: הכתבה אינה עוסקת בתיק),ynet.co.il,2010-04-26,,excluded_wrong_case,הוחרג בבדיקה ידנית: הכתבה אינה עוסקת בתיק (אדם אחר בעל אותו שם או עניין אחר)
d84d1a1cc0f98685a871a9c4,HUGGINGFACE-77a260782a76,district_verdict_stage_media,2009-05-19,2009-06-25,"""אלישע לוי""",(הכותרת הוסתרה: הכתבה אינה עוסקת בתיק),וואלה ספורט,2009-05-20,,excluded_wrong_case,הוחרג בבדיקה ידנית: הכתבה אינה עוסקת בתיק (אדם אחר בעל אותו שם או עניין אחר)
ca84f3efb29a25fa05d5e9d7,HUGGINGFACE-77a260782a76,district_verdict_stage_media,2009-05-19,2009-06-25,"""אלישע לוי""",(הכותרת הוסתרה: הכתבה אינה עוסקת בתיק),ONE,2009-05-23,,excluded_wrong_case,הוחרג בבדיקה ידנית: הכתבה אינה עוסקת בתיק (אדם אחר בעל אותו שם או עניין אחר)
4e0592978ba38ecd37745357,HUGGINGFACE-77a260782a76,district_verdict_stage_media,2009-05-19,2009-06-25,"""אלישע לוי""",(הכותרת הוסתרה: הכתבה אינה עוסקת בתיק),ynet.co.il,2009-05-23,,excluded_wrong_case,הוחרג בבדיקה ידנית: הכתבה אינה עוסקת בתיק (אדם אחר בעל אותו שם או עניין אחר)
6dbef74e2f0ddaf111669c74,HUGGINGFACE-77a260782a76,district_verdict_stage_media,2009-05-19,2009-06-25,"""אלישע לוי""",(הכותרת הוסתרה: הכתבה אינה עוסקת בתיק),מקור ראשון,2009-05-25,,excluded_wrong_case,הוחרג בבדיקה ידנית: הכתבה אינה עוסקת בתיק (אדם אחר בעל אותו שם או עניין אחר)
936ac45dfa6b1858dc65dab3,HUGGINGFACE-77a260782a76,district_verdict_stage_media,2009-05-19,2009-06-25,"""אלישע לוי""",(הכותרת הוסתרה: הכתבה אינה עוסקת בתיק),ynet.co.il,2009-05-26,,excluded_wrong_case,הוחרג בבדיקה ידנית: הכתבה אינה עוסקת בתיק (אדם אחר בעל אותו שם או עניין אחר)
a79feec2c59a00ebffa7df55,HUGGINGFACE-77a260782a76,district_verdict_stage_media,2009-05-19,2009-06-25,"""אלישע לוי""",(הכותרת הוסתרה: הכתבה אינה עוסקת בתיק),ynet.co.il,2009-05-26,,excluded_wrong_case,הוחרג בבדיקה ידנית: הכתבה אינה עוסקת בתיק (אדם אחר בעל אותו שם או עניין אחר)
da84a71aca2d63b2d41d86bf,HUGGINGFACE-77a260782a76,district_verdict_stage_media,2009-05-19,2009-06-25,"""אלישע לוי""",(הכותרת הוסתרה: הכתבה אינה עוסקת בתיק),וואלה ספורט,2009-05-26,,excluded_wrong_case,הוחרג בבדיקה ידנית: הכתבה אינה עוסקת בתיק (אדם אחר בעל אותו שם או עניין אחר)
6596f7b9fb4b65ccb63d8f42,HUGGINGFACE-77a260782a76,district_verdict_stage_media,2009-05-19,2009-06-25,"""אלישע לוי""",(הכותרת הוסתרה: הכתבה אינה עוסקת בתיק),מקור ראשון,2009-05-26,,excluded_wrong_case,הוחרג בבדיקה ידנית: הכתבה אינה עוסקת בתיק (אדם אחר בעל אותו שם או עניין אחר)
3e08efc23c32e22f25e3127b,HUGGINGFACE-77a260782a76,district_verdict_stage_media,2009-05-19,2009-06-25,"""אלישע לוי""",(הכותרת הוסתרה: הכתבה אינה עוסקת בתיק),וואלה ספורט,2009-06-03,,excluded_wrong_case,הוחרג בבדיקה ידנית: הכתבה אינה עוסקת בתיק (אדם אחר בעל אותו שם או עניין אחר)
51af15d8b38ed258c365e2a0,HUGGINGFACE-77a260782a76,district_verdict_stage_media,2009-05-19,2009-06-25,"""אלישע לוי""",(הכותרת הוסתרה: הכתבה אינה עוסקת בתיק),וואלה ספורט,2009-06-05,,excluded_wrong_case,הוחרג בבדיקה ידנית: הכתבה אינה עוסקת בתיק (אדם אחר בעל אותו שם או עניין אחר)
04888c0c1e43660b8fab0567,HUGGINGFACE-78cdfe544a3c,appeal_stage_pre_decision_media,2013-04-09,2016-06-27,"""יעקב טייטל""",העליון דחה את ערעורו של המחבל היהודי ג'ק טייטל - בחדרי חרדים,בחדרי חרדים,2016-06-28,https://news.google.com/rss/articles/CBMiSkFVX3lxTE0xVFozZHlJeVZORHRpT2dBUkw2X0g0UDNfWU1hTndVRWszQkY1OWxFcmpDUjhUeTh5WGVJZDVQNVc4UElZQVFib193?oc=5,excluded_after_window,
107604fe129c85b0a0b19919,HUGGINGFACE-78cdfe544a3c,appeal_stage_pre_decision_media,2013-04-09,2016-06-27,"""יעקב טייטל""",בית המשפט העליון דחה את ערעורו של המחבל היהודי ג'ק טייטל - הארץ,הארץ,2016-06-28,https://news.google.com/rss/articles/CBMipAFBVV95cUxPZXBIUFc5OGJaV3NIRmsydFJqblNITzNObVR5RzVCdDFCWS1DdVp0MjJWeUlaSVVvM3EycnBtTWwzUUpZTmVBamdGdFJnLXo4Y3NSWUMyQ1FHRHAzSVh2RjV6cnY0S0dIb0gwUTBNYkNaYUV1elJubFRCTi1mQW1CYWNnY1Z0c3JHMkV2a1I3WUpBWlNyOS1uVlo2Mk9zUmpadXYtUA?oc=5,excluded_after_window,
6ce72e195def9535ec8b7996,HUGGINGFACE-78cdfe544a3c,appeal_stage_pre_decision_media,2013-04-09,2016-06-27,"""יעקב טייטל""","נדחה ערעורו של ג'ק טייטל: ""הפרעת האישיות ממנה סובל - לא מספיק חמורה"" - מעריב",מעריב,2016-06-28,https://news.google.com/rss/articles/CBMiXEFVX3lxTE51QnBaNDh0NTFTVnoyVmh0dzJDclV0VUE5VThreTZaMmZFbnM1VW9RQWVYWUZTNUprX0pYZkR4Z2Q0bkxnSjVHR0hwTkNVUkhhRE41bmFsazZjdWVQ?oc=5,excluded_after_window,
3de994cef7e473c6e41e4edc,HUGGINGFACE-78cdfe544a3c,appeal_stage_pre_decision_media,2013-04-09,2016-06-27,"""יעקב טייטל""",העליון דחה את ערעורו של ג'ק טייטל - ערוץ 7,ערוץ 7,2016-06-28,https://news.google.com/rss/articles/CBMiSEFVX3lxTE53ejBMRHZOR0hNUlJUbGJ4V0lDMjd3SlkxWE9sb1lFeVB4amI0N1pKOVA2RkREUUU4S1luNDJHcENyTkJjcUJCaQ?oc=5,excluded_after_window,
6ccc0e96d6596e5b859cc5d2,HUGGINGFACE-78cdfe544a3c,district_verdict_stage_media,2013-04-02,2013-05-09,"""יעקב טייטל""","רבקה טייטל: ""הוטרדתי מינית ע""י 2 שוטרים"" - מקור ראשון",מקור ראשון,2013-04-03,https://news.google.com/rss/articles/CBMibEFVX3lxTE1fYnVEY3ZNLW5KX1F1endkUWdQejVGSTR4eHNmVXduRmlUTTBTdUI1SUxvSjI2Y3d0N19pZTZqS1hsQlo2cDNETjZVa0pGa3p1SlZuY0ttWGJUUVZFYU9kYzR6bGhHQTBmLUphUQ?oc=5,included,
dfc51cc518684b9220ff5a10,HUGGINGFACE-78cdfe544a3c,district_verdict_stage_media,2013-04-02,2013-05-09,"""יעקב טייטל""",המחבל היהודי ג'ק טייטל נידון לשני מאסרי עולם - ynet.co.il,ynet.co.il,2013-04-09,https://news.google.com/rss/articles/CBMiZ0FVX3lxTE5IbXBhUnlQbVhYOXFsQW5fRS1NbFpETUZkZ2lWT2ZGSUJha2UyM0dYS1pvWWdscVo1WkN2T1Y1bDYxZ2c2V0hFQnZFSERybENMUlpNaGFpdEJaWGJESFVBTVExYjNXYnc?oc=5,included,
9862b07f22f33882ba862fa4,HUGGINGFACE-78cdfe544a3c,district_verdict_stage_media,2013-04-02,2013-05-09,"""יעקב טייטל""","2 מאסרי עולם ו-30 שנות מאסר ל""מחבל היהודי"" יעקב טייטל - הארץ",הארץ,2013-04-09,https://news.google.com/rss/articles/CBMimAFBVV95cUxQdzFhU05MVjlJRVJOX2RaVFpUdFB6a2RLR3o2QUU1Qk1iRWVIT25jMHRSbEpBNDNVN0llQV9yZ1pxcW5iZmVsUzBwU0lrS0ZYTGlzWUs2ak5EdHRWTS1nZW5uU1Q0Z0JTM29sa1hqOVVRZkZlOXVWUDdDU0JYV1RiTm9jeU1YTUxJdTkyZ3BHTVVVdEpGQzVHMw?oc=5,included,
c9201ee566578978bf939b00,HUGGINGFACE-794428b4b6e0,district_verdict_stage_media,2010-07-21,2010-08-27,"""וודגה מינליק""",18 שנות מאסר לצעיר עבריין שדקר למוות חייל - ynet.co.il,ynet.co.il,2010-07-28,https://news.google.com/rss/articles/CBMiZ0FVX3lxTFAxZHpncGNwcjB1WmVYN0xXaE13Y1F4czdfNGloUXVXZG9hVjJZSnNZVktCN1RMQURmZFlxc0ZzT3lEdW1QT1BESUp5N2xudmRwVzVVOGRJN2sxdzM0Y3NfUk5RckJ0UWM?oc=5,included,
ecbc43e53367569e5e4ec7ca,HUGGINGFACE-794428b4b6e0,district_verdict_stage_media,2010-07-21,2010-08-27,"""וודגה מינליק""",18 שנות מאסר לאדם שדקר למוות חייל בחופשה - רשת 13,רשת 13,2010-07-28,https://news.google.com/rss/articles/CBMiYEFVX3lxTE40UXJBSkNNYnA3QnJHdzg4dFFoUEs0QTk4Q0dfQ2tyb0RTX0Z0eF9wVG9QZF9ZZkN1eU5HZ0VzSlMwa1d3dVpJWktVaWdWTTZTaFF1Q3I0aWU2cFpFZFNSZg?oc=5,included,
aeacacdb4598f6664efbddc3,HUGGINGFACE-7c52f7ff787d,district_verdict_stage_media,2012-12-13,2013-01-19,"""באסל סלאם""",מאסר עולם לבנו של סגן ראש עיריית נצרת שרצח את אשתו - mako,mako,2012-12-20,https://news.google.com/rss/articles/CBMid0FVX3lxTFBGVVRWQWxJWG9oYjRidU0xZWtLbUhrckNCU1ZxcjdwYnpQZVpTckZBeTN6WVVSUWVHd0t0MmNFUzZtdTVRX214UWw1d1MwanBFTkVQdUx0YnphUFN6dXFUUnNDVGZCVWItVUEzMFpCaUF1akg0eHR3?oc=5,included,
b53943100b7643ccd2b7f6ee,HUGGINGFACE-7c52f7ff787d,district_verdict_stage_media,2012-12-13,2013-01-19,"""באסל סלאם""",בנו של סגן ראש העיר נצרת הורשע ברצח אשתו - הארץ,הארץ,2012-12-20,https://news.google.com/rss/articles/CBMimAFBVV95cUxPSklSeURmQnVLeFlOZEZENlA0amdhVkV1bF9XQ3IxcXU2aXE3Q1hPYzlrdGxESVJXd184LUl6aGdZYWxlQnVVWWFvRWdCejFYX1Nta0RqSkgtX0VvODROc2pZTnEyZlhMOGFidjYtWlNqVXpmNUFNT0tCblRTcXM3SFI3M3M5WW5ucWlHSTllQ0ItNlpRZFVWQw?oc=5,included,
f8dc8fc82d46b0c06a3ccbc8,HUGGINGFACE-82416e8d24e8,appeal_stage_pre_decision_media,2019-11-17,2020-11-22,"""חיים ביטון""",(הכותרת הוסתרה: הכתבה אינה עוסקת בתיק),בחדרי חרדים,2019-12-03,,excluded_wrong_case,הוחרג בבדיקה ידנית: הכתבה אינה עוסקת בתיק (אדם אחר בעל אותו שם או עניין אחר)
be4ebccc7ef13c3d85071a70,HUGGINGFACE-82416e8d24e8,appeal_stage_pre_decision_media,2019-11-17,2020-11-22,"""חיים ביטון""",(הכותרת הוסתרה: הכתבה אינה עוסקת בתיק),הידברות,2020-01-30,,excluded_wrong_case,הוחרג בבדיקה ידנית: הכתבה אינה עוסקת בתיק (אדם אחר בעל אותו שם או עניין אחר)
afd8f0ac0a6283147b830ad9,HUGGINGFACE-82416e8d24e8,appeal_stage_pre_decision_media,2019-11-17,2020-11-22,"""חיים ביטון""",(הכותרת הוסתרה: הכתבה אינה עוסקת בתיק),חרדים10,2020-06-30,,excluded_wrong_case,הוחרג בבדיקה ידנית: הכתבה אינה עוסקת בתיק (אדם אחר בעל אותו שם או עניין אחר)
3e8cedc7d20936d3392530cc,HUGGINGFACE-82416e8d24e8,appeal_stage_pre_decision_media,2019-11-17,2020-11-22,"""חיים ביטון""",(הכותרת הוסתרה: הכתבה אינה עוסקת בתיק),חרדים10,2020-08-02,,excluded_wrong_case,הוחרג בבדיקה ידנית: הכתבה אינה עוסקת בתיק (אדם אחר בעל אותו שם או עניין אחר)
22eedca2adc0add8d115bb4f,HUGGINGFACE-82416e8d24e8,appeal_stage_pre_decision_media,2019-11-17,2020-11-22,"""חיים ביטון""",(הכותרת הוסתרה: הכתבה אינה עוסקת בתיק),כיכר השבת,2020-10-21,,excluded_wrong_case,הוחרג בבדיקה ידנית: הכתבה אינה עוסקת בתיק (אדם אחר בעל אותו שם או עניין אחר)
7e3db86f191c02ae1e08c824,HUGGINGFACE-82416e8d24e8,district_verdict_stage_media,2019-11-10,2019-12-17,"""חיים ביטון""",(הכותרת הוסתרה: הכתבה אינה עוסקת בתיק),בחדרי חרדים,2019-12-03,,excluded_wrong_case,הוחרג בבדיקה ידנית: הכתבה אינה עוסקת בתיק (אדם אחר בעל אותו שם או עניין אחר)
147f38e65bc4c5d845e43cf9,HUGGINGFACE-827b198c09f2,district_verdict_stage_media,2007-09-03,2007-10-10,"""יוסי חזן""","15 שנה להורג צעיר בקטטה: ""בעט למוות כבחפץ"" - ynet.co.il",ynet.co.il,2007-09-10,https://news.google.com/rss/articles/CBMiZ0FVX3lxTFBhNVJxLUpIWFFFOFpFb0V5Tkc1QXpUVVg4bC1XelJsTllQREZzZ0JUZ0JyLXh2NEtmWW1PNUNtd2NxOG1JOHJROG9JbERaZk1FZk4tMEd0LWYxcExrT0ZqQzF5V0RwSTQ?oc=5,included,
1266673ecc19a4d1b3701312,HUGGINGFACE-8286d0289967,appeal_stage_pre_decision_media,2008-09-07,2010-05-23,"""עאוני גבארה""","הערעור נדחה; אחות ההרוגה: יש צדק, הנהג רצח - ynet.co.il",ynet.co.il,2010-05-24,https://news.google.com/rss/articles/CBMiZ0FVX3lxTE1QRmR3Q1MwbEdOTUZZWE5jSFJadnFEbnM3RmNnajVMbXhmUWlNRFVVMmQ0cjA4Y2t5cGxLaE51ZExHN2h6QjREaTByMUluLUlBYXBDb1lWQmpEUnNWSW1fTXR2SjVyZDQ?oc=5,excluded_after_window,
3143e3b3449a76ea778badf2,HUGGINGFACE-82cce4062186,appeal_stage_pre_decision_media,2019-08-26,2019-08-31,"""יניב זגורי""","עו""ד שייצג חשודים ברצח נחקר: נציב התלונות בביקורת על המשטרה והפרקליטות - ynet.co.il",ynet.co.il,2019-04-02,https://news.google.com/rss/articles/CBMiZ0FVX3lxTFBWbHgydHo2c0daTWZfLV94eFc1YjdMcEd0UnlvM1VxTWY5NUVJYlpyZTVrRlB5M1pDbDZlRC0tVUQwaU00X1RzU3VjUFBDc2ZVY1kyTFc5ZEZFRkZsdmZkNHN0eHBfZlE?oc=5,excluded_after_window,manual media test 2 2026-05-26: excluded because published date is outside the stored media window
1e6c5ecce9a3de5e571b6ad1,HUGGINGFACE-82cce4062186,appeal_stage_pre_decision_media,2019-08-26,2019-08-31,"""יניב זגורי""","דם, חיסולים, מוות - שקט: קריסת ארגוני הפשע ששלטו בדרום - וואלה חדשות",וואלה חדשות,2019-04-26,https://news.google.com/rss/articles/CBMiTkFVX3lxTE55N2xvbW1GNDlqd25SMTBMX2JKem12dmsxUXlLM004YTVhUUFwOVN6MTU4ZGFkMXNkUHd0d1Z3WkNSUjNQcGw0akxhUm9hQQ?oc=5,excluded_after_window,manual media test 2 2026-05-26: excluded because published date is outside the stored media window
5b28f23550819e1e1d374ab1,HUGGINGFACE-82cce4062186,appeal_stage_pre_decision_media,2019-08-26,2019-08-31,"""יניב זגורי""","ראש הרשות להגנת עדים: ""למרות החלטת גנור, תיק הצוללות מספיק חזק"" - ynet.co.il",ynet.co.il,2019-05-28,https://news.google.com/rss/articles/CBMiZ0FVX3lxTE5DNko5VzNLQi1IdU1panpRekhJZkRwYlo4a0VwSUg5LXdyeEFmel8yVlQyeUowWmMycWRGemJwRlktS0tvaFd4eVV6bEdabXYzRTBrOXJ5ZXA2ZGljNTBoR01DbDNyVGM?oc=5,excluded_after_window,manual media test 2 2026-05-26: excluded because published date is outside the stored media window
d975ba86a8a108ab79f6afe7,HUGGINGFACE-82cce4062186,appeal_stage_pre_decision_media,2019-08-26,2019-08-31,"""יניב זגורי""","שנתיים בבידוד: ""יניב זגורי מסוכן לביטחון הציבור"" - ynet.co.il",ynet.co.il,2019-06-02,https://news.google.com/rss/articles/CBMiZ0FVX3lxTE4yWDlfTXJ6bmZVbHJGVWtmZHVHUzhJX2txU3RqVnUxUGJpRkFpeEtoZXMwaVFaVnk4ZVRZMHp3LUdiSzdKZENYdXVycEI4dXFFTXJmbi12b0JiVHRqUzY4OGFOMEQ1dTQ?oc=5,excluded_after_window,manual media test 2 2026-05-26: excluded because published date is outside the stored media window
611396da0570aaffd6caac06,HUGGINGFACE-84fd038cd400,appeal_stage_pre_decision_media,2019-11-21,2020-07-17,"""ראיד רושרוש""",הטרגדיה הבלתי נגמרת של משפחת נגר - ynet.co.il,ynet.co.il,2019-09-23,https://news.google.com/rss/articles/CBMiZ0FVX3lxTE5uNzRPZDA0MVdGNUg5akxrQ0NQbVFaWHNnRkxnZDFvLVV0aDBfcUpmUS1UZTkza3EwUHBxaXBsS2dTNjQyejl2UFJRM01xaWpxWG5mM01yR3hsMlpnd09xc0QzUzdvRmc?oc=5,excluded_after_window,manual media test 2 2026-05-26: excluded because published date is outside the stored media window
094336b618882c29b2503ec4,HUGGINGFACE-84fd038cd400,appeal_stage_pre_decision_media,2019-11-21,2020-07-17,"""ראיד רושרוש""","19 שנות מאסר נגזרו על ראיד רושרוש, שהורשע בהריגת תהילה נגר ליד המושבה מגדל - הארץ",הארץ,2019-11-21,https://news.google.com/rss/articles/CBMipAFBVV95cUxQTUhDLWdDYzZwTGlYbkFhZXpSZ2J3VUZITVhsa1hSZnhHSFdpWmExdGljbEdYQmNJaHcwNS1fRmJCX2tFMmxwSm1zdG0zb0hQWkRQbkQ3UXNmR1hyc1c1blYzTXY3U2FESjI3WXJmd1F0OEdIdVZNeGRtczdVTTdDTlpRV0xCVDNvR2ZBNVVjdDB0Z0V1Z2NHbnF6Rm0xS0VjTUlJLQ?oc=5,included,
6f1595cdbbc6b2ccacfbb27e,HUGGINGFACE-84fd038cd400,appeal_stage_pre_decision_media,2019-11-21,2020-07-17,"""ראיד רושרוש""",19 שנות מאסר לבן הזוג שהרג את תהילה נגר; המשפחות התעמתו בבית המשפט - היום,היום,2019-11-21,https://news.google.com/rss/articles/CBMiV0FVX3lxTFBCT3pwUjM5d0prM2FlZFhHUUlTUmVsUUhXSkdsTDNvSjBRbnoyaENydVZnOWpBalFGdnB3dnJPb28xNUMzb0xKdklieThpemtxWjJ6N21QSQ?oc=5,included,
d4ca72e1be1e9085305409d3,HUGGINGFACE-84fd038cd400,appeal_stage_pre_decision_media,2019-11-21,2020-07-17,"""ראיד רושרוש""",19 שנות מאסר נגזרו על ראיד רושרוש שהרג את תהילה נגר - וואלה חדשות,וואלה חדשות,2019-11-21,https://news.google.com/rss/articles/CBMiTkFVX3lxTFBJOG9Oc2ExOVlrLUNQMGFrT05YbjZMb0dWbHNUQ3hyYUt2b0s0ZU1Ha1Z1bUJscTJoaXUyZ0QwcVdmV19feEVocTFGcDFQdw?oc=5,included,
5df8c30a35be16b5bb20a78b,HUGGINGFACE-84fd038cd400,appeal_stage_pre_decision_media,2019-11-21,2020-07-17,"""ראיד רושרוש""","רצח נשים בהכשר בג""ץ - הארץ",הארץ,2019-12-02,https://news.google.com/rss/articles/CBMinwFBVV95cUxOSl9YY2JMMnZpSlMtYUVhNUFTbDhZVmk0QWFsZGxSSzlrZDBuLXhyZ1hRU0hzMlZ1b2drck1mQXY0ek5ESTdhekR0Q1dSdjVhaFZhY1lLWUhIY1ZKZmk0TlZIT0tUbkRXUTFoanFQNkl6clgwZXZwbVZGYkV6UGFkT3A0NHBwQm8yb0VlTGY2aFVvVnoxZkFXeU1Pc1NWS3M?oc=5,included,
4b7ac0c5cd4ed50031b9c417,HUGGINGFACE-84fd038cd400,appeal_stage_pre_decision_media,2019-11-21,2020-07-17,"""ראיד רושרוש""","""במדינה אחרת הרוצח היה מקבל 100 שנה"" - היום",היום,2020-07-02,https://news.google.com/rss/articles/CBMiV0FVX3lxTFBVZnJCamRNYU1DRTl4SnE0QkNVTVVJMm4tYWRPdEwyR0k3aEg4dmhKNWllMjZpcjZLYjRMOFFFTWFCcDNsNE04dS1wdGFJX0F5V1FTZXNGb9IBX0FVX3lxTE1EVjBlSTk3T3NLQVV4ZHAzeFJyNV96MWFjY2pocy1tam4wVDRZMW5jRHpFNVBITk1nTEp3cVhub0NFRl9nR1MtdnpKaDZsSDlwdXVBYWNsR2lScnVzRnpN?oc=5,included,
bf5980e36b655feca80b00a4,HUGGINGFACE-84fd038cd400,appeal_stage_pre_decision_media,2019-11-21,2020-07-17,"""ראיד רושרוש""","העליון דן בערעור תושב הצפון שהרג את תהילה נגר: ""צריך להירקב בכלא"" - וואלה חדשות",וואלה חדשות,2020-07-02,https://news.google.com/rss/articles/CBMiTkFVX3lxTE8zVUdXVURCRFl0NW8zQ0FGMk4zNXlrcEVxUS1OWmRHVmpSVHB2ellfUEhDa2R1dDJhMEM5UWFsNC1aS2Q5Rk01bG45dmFvQQ?oc=5,included,
c1eb739a64b58b45da5fc355,HUGGINGFACE-84fd038cd400,appeal_stage_pre_decision_media,2019-11-21,2020-07-17,"""ראיד רושרוש""","בית המשפט העליון דחה את ערעורו של בן זוגה של תהילה נגר ז""ל - mako",mako,2020-07-18,https://news.google.com/rss/articles/CBMiekFVX3lxTE9pZV9iWmk5ZEFFVmtfZUEzTng4Q0xKSXNUcVNjNzNVSlpKdWlZRnliOEtvSTh4Ync5VE1fTEl4WVVnQVVhSGEtYkVPMUdORHowT3lueUxObS1lbS1Qak1aaXpKWEIyUzNHRVdZaEpRUk1vUll2SmMyaDBB?oc=5,excluded_after_window,
d5ae20a470440150aee0e13e,HUGGINGFACE-84fd038cd400,district_verdict_stage_media,2019-11-14,2019-12-21,"""ראיד רושרוש""","19 שנות מאסר נגזרו על ראיד רושרוש, שהורשע בהריגת תהילה נגר ליד המושבה מגדל - הארץ",הארץ,2019-11-21,https://news.google.com/rss/articles/CBMipAFBVV95cUxQTUhDLWdDYzZwTGlYbkFhZXpSZ2J3VUZITVhsa1hSZnhHSFdpWmExdGljbEdYQmNJaHcwNS1fRmJCX2tFMmxwSm1zdG0zb0hQWkRQbkQ3UXNmR1hyc1c1blYzTXY3U2FESjI3WXJmd1F0OEdIdVZNeGRtczdVTTdDTlpRV0xCVDNvR2ZBNVVjdDB0Z0V1Z2NHbnF6Rm0xS0VjTUlJLQ?oc=5,included,
184d117d624c4ca400092656,HUGGINGFACE-84fd038cd400,district_verdict_stage_media,2019-11-14,2019-12-21,"""ראיד רושרוש""",19 שנות מאסר לבן הזוג שהרג את תהילה נגר; המשפחות התעמתו בבית המשפט - היום,היום,2019-11-21,https://news.google.com/rss/articles/CBMiV0FVX3lxTFBCT3pwUjM5d0prM2FlZFhHUUlTUmVsUUhXSkdsTDNvSjBRbnoyaENydVZnOWpBalFGdnB3dnJPb28xNUMzb0xKdklieThpemtxWjJ6N21QSQ?oc=5,included,
2fde061b798545ac72bd1553,HUGGINGFACE-84fd038cd400,district_verdict_stage_media,2019-11-14,2019-12-21,"""ראיד רושרוש""",19 שנות מאסר נגזרו על ראיד רושרוש שהרג את תהילה נגר - וואלה חדשות,וואלה חדשות,2019-11-21,https://news.google.com/rss/articles/CBMiTkFVX3lxTFBJOG9Oc2ExOVlrLUNQMGFrT05YbjZMb0dWbHNUQ3hyYUt2b0s0ZU1Ha1Z1bUJscTJoaXUyZ0QwcVdmV19feEVocTFGcDFQdw?oc=5,included,
9217a3a052c89c73b872180b,HUGGINGFACE-84fd038cd400,district_verdict_stage_media,2019-11-14,2019-12-21,"""ראיד רושרוש""","רצח נשים בהכשר בג""ץ - הארץ",הארץ,2019-12-02,https://news.google.com/rss/articles/CBMinwFBVV95cUxOSl9YY2JMMnZpSlMtYUVhNUFTbDhZVmk0QWFsZGxSSzlrZDBuLXhyZ1hRU0hzMlZ1b2drck1mQXY0ek5ESTdhekR0Q1dSdjVhaFZhY1lLWUhIY1ZKZmk0TlZIT0tUbkRXUTFoanFQNkl6clgwZXZwbVZGYkV6UGFkT3A0NHBwQm8yb0VlTGY2aFVvVnoxZkFXeU1Pc1NWS3M?oc=5,included,
312bfa75f494fac98155474c,HUGGINGFACE-85c9bfe33955,district_verdict_stage_media,2010-03-14,2010-04-20,"""ולרי אדמוב""",חדשות - בארץ nrg - מאסר עולם לגבר שרצח את המאהב של אשתו - מקור ראשון,מקור ראשון,2010-03-21,https://news.google.com/rss/articles/CBMibEFVX3lxTFBqMFRZbFM3anFsTUpoT0h1MXdnWHZsME4zTU56VEJGdDNFMlJIbDNHVzBjRjd1VUtpLTlJRG85cjgxLXN0QmR2OG9WZjA0ZGpvUnY0aGVMbWRBTzJEc1lVZ1hCdjBuTEhOSDNMVQ?oc=5,included,
93df6476fdae0c068f2a0621,HUGGINGFACE-86ba04cdc060,district_verdict_stage_media,2017-02-13,2017-03-22,"""ישראל חנניאייב""",13 שנות מאסר לרוצחו של יעקב ברמי במועדון קינג ג'ורג' - מקור ראשון,מקור ראשון,2017-02-20,https://news.google.com/rss/articles/CBMibEFVX3lxTE1pS3NlUnQ4enFJTjZ1aTZveU9DNmZ5WXNOYWxWUDJjRmpTT1A0UU9uTEJuSHRCTXUxY2FKUHhnX1FGVTZhRHhyQkUtT1A2TkNCRWJRUTNMRXpLZjdtR3g5OEl3T2YyVXpvSFNTdQ?oc=5,included,
3730d1ad7f2417f48bcae898,HUGGINGFACE-877e5cf300cf,appeal_stage_pre_decision_media,2013-11-28,2014-06-15,"""ארקאן כורבאג'""",היום: הכרעה במשפט תוקפי עדן נתן-זאדה - ynet.co.il,ynet.co.il,2013-07-29,https://news.google.com/rss/articles/CBMiZ0FVX3lxTE9LeG1aVjZVQjNnV3VvSzMxak40bEdzdDRvNGZUYTBNQUp5WFhXTTVLallrN2p1MHpNaXB0NnJUQWZibm1LdDg3ZlVWSlBWaktMTlVDc0owaDFvX1hqY2VDYmdkaTRza2s?oc=5,excluded_after_window,manual media test 2 2026-05-26: excluded because published date is outside the stored media window
af120f091bfa69bbe119ff44,HUGGINGFACE-877e5cf300cf,appeal_stage_pre_decision_media,2013-11-28,2014-06-15,"""ארקאן כורבאג'""","ארבעה מתוקפי נתן זאדה הורשעו בניסיון הריגה; השופט: ""הנקמה לאלוהים"" - הארץ",הארץ,2013-07-29,https://news.google.com/rss/articles/CBMimAFBVV95cUxQbDFMdDhuQl9pdV9XeXFUejVkUWhxWW0ydFJ0ZHU5aHNYNnZDMHlMWG5zLUxWSkg1R0NONmNxbk9hdWhtZmQ0RXNVYkQwbi1QU2RpcmlYc0oxNjR5TFhxWkNWS1FmM29sLVFlNlZiN2dMd2xva2ZJZnpBb1VqSU1iTnNJXzFqcDYxakF5eFlXWEpiYzl4LWFhcA?oc=5,excluded_after_window,manual media test 2 2026-05-26: excluded because published date is outside the stored media window
5a48a4d47bdeb18be880416e,HUGGINGFACE-89dcc28b147a,district_verdict_stage_media,2016-03-08,2016-04-14,"""עמאר אבו דקה""","מאסר עולם לרוצח איציק אלגבי ז""ל - mako",mako,2016-03-15,https://news.google.com/rss/articles/CBMiggFBVV95cUxPSkZRNXNYQXdCZEozYzZvOTBXdHQwZjNJN3Q2MFBBWkJaXzc5SkFXdDc1bzZtemtobWZaRFk0a29pUHJWRHNRMVhqUEJmX1V2SWk5LXItRG5ERjI4czd2R0dyXzFRZkhIRUtuX21mLUpJZU1XN0ZpNUdBbUhpbERFeWd3?oc=5,included,
226828a8c3c7084bc0c04895,HUGGINGFACE-906cf8306996,appeal_stage_pre_decision_media,2010-04-14,2011-04-13,"""שלום שטרית""",(הכותרת הוסתרה: הכתבה אינה עוסקת בתיק),ynet.co.il,2010-04-19,,excluded_wrong_case,הוחרג בבדיקה ידנית: הכתבה אינה עוסקת בתיק (אדם אחר בעל אותו שם או עניין אחר)
ad6b8b8ace2efb4507572685,HUGGINGFACE-906cf8306996,appeal_stage_pre_decision_media,2010-04-14,2011-04-13,"""שלום שטרית""",(הכותרת הוסתרה: הכתבה אינה עוסקת בתיק),הבמה,2010-09-26,,excluded_wrong_case,הוחרג בבדיקה ידנית: הכתבה אינה עוסקת בתיק (אדם אחר בעל אותו שם או עניין אחר)
c0f26de3505e4bcb0287804b,HUGGINGFACE-90ccd18272f2,appeal_stage_pre_decision_media,2010-03-01,2012-01-22,"""נוי קלדרון""",4.5 שנות מאסר לנהג אגד שגרם למות 5 נוסעים - הארץ,הארץ,2012-01-23,https://news.google.com/rss/articles/CBMimAFBVV95cUxQQ2JPYWxiY0RkaHVOeHZ6MEhiOTVMQWwyZkc1QmdyeFBxNl9SSGozWkx1WWo5M3RWTHhDVDVYbWJtbmlmNkt5YXNWYkpHVXFKcDlnWlZRQUdpWFJDSnVXVzU5NnhPblA1a0syYjBya1pIOUN6dkJLbUZ2NEZObl9CRzJtMl9xd1pmZU13eVg5X3A0cklkdFBSZA?oc=5,excluded_after_window,
8ba3676c2cebd052450f6aeb,HUGGINGFACE-90ccd18272f2,appeal_stage_pre_decision_media,2010-03-01,2012-01-22,"""נוי קלדרון""",הוחמר עונשו של צעיר שהורשע בהריגת לידור זאב - ערוץ 7,ערוץ 7,2012-01-23,https://news.google.com/rss/articles/CBMiSEFVX3lxTE9WZHhlZjJEVjE1dkV2SjBnWTk5aU1BRnJjTXVRRTZjcFlDVS1vb3FGNDhQdDBHaXZ5cHEtVmxaRVNPS2xaaXZlSA?oc=5,excluded_after_window,
61b072d4f8cba5edd23feb33,HUGGINGFACE-90ccd18272f2,district_verdict_stage_media,2010-02-22,2010-03-31,"""נוי קלדרון""",4 שנות מאסר לחייל שנהג שיכור והרג את חברתו - ynet.co.il,ynet.co.il,2010-03-01,https://news.google.com/rss/articles/CBMiZ0FVX3lxTE4xUVNIcW1BUXZWLTFTYURDNVZQZUZJV05sdlpjZHFGS1UtVFBYdTEyTEI3T0t2VjBTSk42LWZRajdTVGdtOU0xa3JwM1hZUXdWa0Nkc2dGNnd4V0FYWmZYa0xVOTdaaEU?oc=5,included,
e0d3d5cacc74622e872981bb,HUGGINGFACE-90ccd18272f2,district_verdict_stage_media,2010-02-22,2010-03-31,"""נוי קלדרון""",4 שנות מאסר לחייל שהרג נוסעת בתאונה - וואלה חדשות,וואלה חדשות,2010-03-01,https://news.google.com/rss/articles/CBMiTkFVX3lxTE5Hczk1bTRiSVlaVXdraGlsVGJGV29FVEZ2LTRDdHZyTDl6U0k0VnhuRDZsUDhFSjlCZ0FXXzFTUlJzYnhSZ0k2QXNsb0dPQQ?oc=5,included,
098384f0a0dea5eaef01c0ee,HUGGINGFACE-922189ffb887,district_verdict_stage_media,2009-08-25,2009-10-01,"""אילן גדו""","אבא נשלח למאסר עולם, הבת הלכה לכיתה א' - ynet.co.il",ynet.co.il,2009-09-01,https://news.google.com/rss/articles/CBMiZ0FVX3lxTE9wV2tSMnNkTVd4VjgtOGRJd1AwdVJPRTNqNlItS1JIWHBabkJTVTlpVmdKYkdRd3BDbEZONWdjV3Nta0lCb2p2c21vdmlnUmFhT1hQcldTNEk3U3FrOXhiTVl3Y0sweHM?oc=5,included,
ceef68c28f0e43e513ce9749,HUGGINGFACE-922189ffb887,district_verdict_stage_media,2009-08-25,2009-10-01,"""אילן גדו""",רוצח עם דם על הידיים: אילן גדו בחקירתו - וואלה חדשות,וואלה חדשות,2009-09-02,https://news.google.com/rss/articles/CBMiTkFVX3lxTE9fcFFsZkQ0aGFIZmRrcWVkMXdLSmxuanF4SXFQZmJCaW9jQ2d0Y0V3NG9yTHVObkFxTmYyUG9FTV9kNTNURENUWm5aZmJmdw?oc=5,included,
9c18f0af6acbe79718715db9,HUGGINGFACE-961913db6203,appeal_stage_pre_decision_media,2009-03-19,2010-08-30,"""ד\""ר סבטלנה רוסו-לופו""",הערעור נדחה: הרופאה המרדימה שהרגה תלך לכלא - וואלה חדשות,וואלה חדשות,2010-08-31,https://news.google.com/rss/articles/CBMiTkFVX3lxTE93Y0NCT1hvQ2pBTDJhalNqWjJVQXg1ZENLQ0NVVWpCYWRFcUwyNF9fUFNBdzZBSkFhUTl4akxZVmU5ZDk3Yk56THhhOXlrdw?oc=5,excluded_after_window,
3d866c700f023e139b4552fc,HUGGINGFACE-961913db6203,appeal_stage_pre_decision_media,2009-03-19,2010-08-30,"""ד\""ר סבטלנה רוסו-לופו""",חדשות - בארץ nrg - ...העליון דחה את ערעורה של הרופאה - מקור ראשון,מקור ראשון,2010-08-31,https://news.google.com/rss/articles/CBMibEFVX3lxTE5yZmRpR3VSdHY1amszbkp5VUJQSHZ6VHcxS2hpMTZTVEgybWpJcjVRclZOakNlb2ZfZnJwOHFnMVJzUWZYcmtZcE8ycHhpbGl5WHE1ZmJjakJhSlUyWXRCdWpMTnN5RFZDdEt3MQ?oc=5,excluded_after_window,
4c488999d005c0ba13639ac6,HUGGINGFACE-961913db6203,district_verdict_stage_media,2009-03-12,2009-04-18,"""ד\""ר סבטלנה רוסו-לופו""",הורשעה הרופאה שהרדימה למוות את הילדה - ynet.co.il,ynet.co.il,2009-03-19,https://news.google.com/rss/articles/CBMiZ0FVX3lxTE42Q2xaem14WlRObEItV2c4QXdKcm4zbTZuNzZ2VVIxS1RIdm1wNzlncjI0b1JGczh6NmF3MWsyVFIzVWM0d2lMT3FuYmVzTUZqWmd2Y2NyRXVIcVlJb3VEc2ZLakRNczg?oc=5,included,
0197d3a60e41c81cf3b50bb1,HUGGINGFACE-961bbbd9e92b,appeal_stage_pre_decision_media,2013-07-01,2016-07-04,"""דניאל מעוז""","דניאל מעוז: ""מוכן להודות ברצח הוריי"" - mako",mako,2015-07-27,https://news.google.com/rss/articles/CBMiggFBVV95cUxPdTFoaHFfU0tEeE9vYmk5RHBjd080eUxYeU5URVdCSGxsY1c5dzI5blpTX1AyZ3QzY3EyVmlSWVM2N0s3ZW9QVTk3bnVSV1NKbk81T2ZpN2VuM0NET09TeVIxMWNnY21BSzFjY0lVNm1keEZvRi1Jb3dJM2JPRFpJMEN3?oc=5,included,
8cd60ae79e2eeee4f43c8477,HUGGINGFACE-961bbbd9e92b,appeal_stage_pre_decision_media,2013-07-01,2016-07-04,"""דניאל מעוז""",מוותר על הערעור: דניאל מעוז הודה ברצח הוריו - גלובס,גלובס,2015-10-11,https://news.google.com/rss/articles/CBMiaEFVX3lxTFBLWmV1Q25uWHB2aE92LXZOOVFzU1EzTFQ1bnA2VEV1OXF6aHFPQmRueUpaSFl1akpqZFBJVl9JQm1YR0dwS2JZWDh1MS1SY1VfZThia0VLOWNnR3AwOFl3VGhMbXM1dHls?oc=5,included,
baa142b1a4f225d18584b9fb,HUGGINGFACE-961bbbd9e92b,appeal_stage_pre_decision_media,2013-07-01,2016-07-04,"""דניאל מעוז""","דניאל מעוז, שהורשע ברצח הוריו לפני יותר משנתיים, הודה במעשה - הארץ",הארץ,2015-10-11,https://news.google.com/rss/articles/CBMimAFBVV95cUxOVkdZcXJtS3hySW11YTNlODh4SmdVdE82dlNrdTNsRDNabC1QRklSXzNsYlRyN251a1l6S0hfMGkwY3JRSldoM2RLaTZlcEc5RHJRYWh0dzN3bDZub3JwaUVEZEQ5aXFMRGRwN3VLdVJaQzdSVmhlbGxzaWI2d1RMOTl5NWxvV2hqbEw0NzI4WGZnUllrS3RqTQ?oc=5,included,
c3392257ce00f84a4e712f63,HUGGINGFACE-961bbbd9e92b,appeal_stage_pre_decision_media,2013-07-01,2016-07-04,"""דניאל מעוז""",החיים של דניאל מעוז בכלא - mako,mako,2015-10-21,https://news.google.com/rss/articles/CBMiekFVX3lxTE12eWpxWHZyNndYaGJEVTA3dDRIQjNTTGJUaDVOM1JjOXBzTktFVzNYNDhWWWJHODZaRjJ3NDZ0dXYwbTZzaWpqTnBjcUJuUk5Id2MxQnVLdXU1bDBvSXR1WmFmUjV6RnRTM2RDQWh0dWk2aU1GbEszb3VR?oc=5,included,
f4dee6dce595fd6f808b905b,HUGGINGFACE-961bbbd9e92b,appeal_stage_pre_decision_media,2013-07-01,2016-07-04,"""דניאל מעוז""",ההווה המחתרתי והעתיד המעורפל של הפוקר בישראל - TheMarker,TheMarker,2016-02-16,https://news.google.com/rss/articles/CBMipAFBVV95cUxOX2ZTWjExaE5BaEJrcXpoTUJPNHZZVWt6RnlIUFBycEsySE9RM0RKcnpWTGVUbXFTZXVlNFFWX284dHhxMHk0UVh2endRWVVYNkVIbEpVWWVIVGstUFhFTXU1T2xkdmJyUGlhLUlBd21HM0twTDgzN1pFZTRjZEtESzJ6VXhqRHFiRUtyb1JzRUZtdGx1LXNYQUtJWlY5LUQ4ejIzZg?oc=5,included,
ef3ad6c1e5dbf5c4bc6e2023,HUGGINGFACE-961bbbd9e92b,appeal_stage_pre_decision_media,2013-07-01,2016-07-04,"""דניאל מעוז""","ניר מעוז: ""מתנכלים לי ומעלילים"" - mako",mako,2016-03-06,https://news.google.com/rss/articles/CBMiggFBVV95cUxPc1dSMkpYa1lOUFVJM2dhMmZMZm5wQmtZRzVqYjlQVWtiakVJcUl6OGFJdnFnWXF0UnkxRTYtaThudXRQU2JteXJBeC1QS3BuamVkbzJnazFsQ05pUXQ0OG5iTWlOOW9TMHJRcVJ4LW9VUXFMa1ExRDFpakt0dXduNHdn?oc=5,included,
ac90c0e608b4351e86788430,HUGGINGFACE-961bbbd9e92b,appeal_stage_pre_decision_media,2013-07-01,2016-07-04,"""דניאל מעוז""","דניאל מעוז מודה: ""רצחתי את הוריי"" - ערוץ 7",ערוץ 7,2016-03-30,https://news.google.com/rss/articles/CBMiSEFVX3lxTE5tcFEyOWF1LXNmY1pvVTZHQkpPSXV0OVlabFVONG51am1ESHJNZnRkVzhBaUxzOHlNV2F5SjhIOTdSemU2dWk3eg?oc=5,included,
2b07833d0a4da7b2c07e2862,HUGGINGFACE-961bbbd9e92b,appeal_stage_pre_decision_media,2013-07-01,2016-07-04,"""דניאל מעוז""","דניאל מעוז, שרצח את הוריו, בבית המשפט: ""אני מתחרט ומתנצל"" - וואלה חדשות",וואלה חדשות,2016-05-18,https://news.google.com/rss/articles/CBMiTkFVX3lxTE93aHRtODU5NWdoM1Zkbl9mdW04a29pS09aTzY4Ujh0MkJrRnI3djF0eTZjZzhDczU1cmI4QmJnUzhIWkFCMDNCMGpSZUJlUQ?oc=5,included,
c7361b843086a2ef76acbf2b,HUGGINGFACE-961bbbd9e92b,appeal_stage_pre_decision_media,2013-07-01,2016-07-04,"""דניאל מעוז""","דניאל מעוז: ""אחי חף מפשע, מתנצל"" - ערוץ 7",ערוץ 7,2016-05-18,https://news.google.com/rss/articles/CBMiSEFVX3lxTFBxcmUwLW5zRkt4bVJDZEFlWkc1YTJQUHYwOG5HalRDY2RxbXhjb0V1YjE4bHo4bnlsVjFxSGsyNWg0aVJNWVFiUg?oc=5,included,
965d4178a61a2f340a044eab,HUGGINGFACE-961bbbd9e92b,appeal_stage_pre_decision_media,2013-07-01,2016-07-04,"""דניאל מעוז""",וידויו של רוצח: מעוז במכתב לאחיו - mako,mako,2016-05-22,https://news.google.com/rss/articles/CBMiggFBVV95cUxOTV9TVzJWbjRoRjhYSWpWTkplcG5wMWh5TE84cUVSWnFnd3JzTTNGNTZVSGdfWlpGbHRkUzZramxfcDRoLXhoc0E3TThlTDJfY2dnSkJPeVVLLU9Za3A1S1hBbS1idVJ5bG5pdlItcHk3M296U2RsNUFzUXJlMVJBZktn?oc=5,included,
5887b303d960af06f673ebb2,HUGGINGFACE-961bbbd9e92b,district_verdict_stage_media,2013-06-24,2013-07-31,"""דניאל מעוז""","ביהמ""ש הרשיע את דניאל מעוז ברצח הוריו וגזר עליו 2 מאסרי עולם: ""כמו תסריט אימים קולנועי"" - mako",mako,2013-07-01,https://news.google.com/rss/articles/CBMihwFBVV95cUxNVmJpRTBDY0dxbU9SZTdwMU9PVHJybERYTU83bWJIV0JMVU9MbmN1TVQxbFRaSzNDcndVTE9ZOHFtelVFNGpSTlRVcENKNnFOWm9qN1VaRkw0d1BBUzlRNUkxcndaRk1UZzNHTHFjUFFlNGNnNEhtMkpEWlhtaHJOTUNTMEFjVnM?oc=5,included,
598b61e9c826f5ec001646ae,HUGGINGFACE-961bbbd9e92b,district_verdict_stage_media,2013-06-24,2013-07-31,"""דניאל מעוז""",כך רצח את דניאל מעוז את הוריו - שלב אחר שלב - mako,mako,2013-07-01,https://news.google.com/rss/articles/CBMid0FVX3lxTE5jdElNbGIxS0lGdm9YQnQtN19XUzlva1FlaWdnXzFFSEhJbTVBMkFiU3lEekFXeXZVNmV0RVNJNmpBZ19yRU1FYXVMUWtKclA2WmJpV3pXbm9vOGRpaFByQ09Lb1RoMG85R3RyUlQ2YmlKUDJEOE9n?oc=5,included,
6f43be52774b7bc385a46915,HUGGINGFACE-961bbbd9e92b,district_verdict_stage_media,2013-06-24,2013-07-31,"""דניאל מעוז""","ניר מעוז: ""הכרעת הדין אינה מקלה על כאבנו, אנחנו עדיין חוששים מהרוצח"" - mako",mako,2013-07-01,https://news.google.com/rss/articles/CBMid0FVX3lxTE9TS1dGenN2MUpTTFVZLVZDTUxmeFNpRGxrM20yTWt2eWMxb2lBU053X1JvNFRhYXZQV0pBS19lTjNNajJfTjhxQVpQZkllWmtMOGNraDV4Y0NfM3hONUJJRG5HblhGZy1yZ1N2d08ybHNMVHE0Z3A0?oc=5,included,
ddc136a9cac663c1b29baea0,HUGGINGFACE-961bbbd9e92b,district_verdict_stage_media,2013-06-24,2013-07-31,"""דניאל מעוז""","""לרצוח מבלי להיתפס"". כל חיפושי הגוגל של מעוז - ynet.co.il",ynet.co.il,2013-07-01,https://news.google.com/rss/articles/CBMiZ0FVX3lxTE5RSFdJbnhLMmZVdnNJc1lzM0g2TDdRMjY1eVh4RjRaZXNXQ0hkM01qdER3b0U5OUF0amVWR054cEZ0RE5lRkZyZHpUVXREMkhLdC1PVDVPX0NVcG1kYXVSZHlqRHV6S2c?oc=5,included,
d1c77e8a19758e35a7ce0153,HUGGINGFACE-961bbbd9e92b,district_verdict_stage_media,2013-06-24,2013-07-31,"""דניאל מעוז""","התאומים נקרעו: ""מפחד ממה שדניאל יעולל לנו"" - ynet.co.il",ynet.co.il,2013-07-01,https://news.google.com/rss/articles/CBMiZ0FVX3lxTFByWmE2b0NvNFhsWGY0SUZiRkVCTTVHaW91M0RRSzlXUGdRcm9lT1N4c0lYVjNJN0dBUTZXODVaamhXTFZva3hDOTdtZ2d2YW5MZFBFZTZxMWxwVWcxdm81anhWd1JfTTg?oc=5,included,
c1bc916701568be0f8f647af,HUGGINGFACE-961bbbd9e92b,district_verdict_stage_media,2013-06-24,2013-07-31,"""דניאל מעוז""",שני מאסרי עולם לדניאל מעוז שרצח את הוריו - ynet.co.il,ynet.co.il,2013-07-01,https://news.google.com/rss/articles/CBMiZ0FVX3lxTE1yWUtKMndKUmhCVDhGZ1QtbUZzeGRmc2hRcHk5bTZuSGxKRGZ6c3pqRkJIcnJHU2xsRmVJeWpaMkgzYkVzcEhoLVd3ODQ1Q3lkWXFrRE1TRFg0dXZ4UWxZSUJmSjhGSkU?oc=5,included,
b18015ea1d710a6d305e7895,HUGGINGFACE-961bbbd9e92b,district_verdict_stage_media,2013-06-24,2013-07-31,"""דניאל מעוז""",היום צפויה הכרעת הדין במשפטו של דניאל מעוז - הארץ,הארץ,2013-07-01,https://news.google.com/rss/articles/CBMimAFBVV95cUxNUE9pSUd4d0w5Tkw3cVNMMkFhczJJTXpDd3BYM1RDWHl5Ul9tSlZGUjVGODc4WGtUU3VVZzJCS1pGR1ViUDk5aENUNE0xakVYZVFkTk5QdUY5bmxwUFJfeTlvQVVNTXFqd0NVQXN2NDRoSXE4eHZ5QXhwcTBHRGNfQUFsSkdGSDl3aUtUYUlfSWg4bXQ2SlNWTg?oc=5,included,
efa86cd3d80d475e1ddff5e4,HUGGINGFACE-961bbbd9e92b,district_verdict_stage_media,2013-06-24,2013-07-31,"""דניאל מעוז""",שני מאסרי עולם לדניאל מעוז בגין רצח הוריו - הארץ,הארץ,2013-07-01,https://news.google.com/rss/articles/CBMimAFBVV95cUxQZ3oxakhQOGtQNVhadFQ4bjZmTmpucHN3N09XV3lYRzAtNDhTb3NXWjZaUnNGTXM3Tms3MkRXajdlcjlnd3QyRGx3eDhRYlUtZnVCVUc2SnRLNjdrckhOTERkeXlIdHVENlZzVm8xQVNQZUJES1Vqdk5TUUFER3FhUkZKMHV5cmVFak9jaGdMS0VBSGlIX1hXZg?oc=5,included,
fdb9c1bf879fe1d6fe0efad6,HUGGINGFACE-961bbbd9e92b,district_verdict_stage_media,2013-06-24,2013-07-31,"""דניאל מעוז""",שני מאסרי עולם לדניאל מעוז שרצח את הוריו - היום,היום,2013-07-01,https://news.google.com/rss/articles/CBMiVkFVX3lxTFBBWmxwR01LN0RiUjhrM2VmZXJGRmpMTmtNSGZxSE9KZWc0ZzFnZFBrX1czcVhpOW1RVWZ3SEtCSHdkR1pBZ1A2anF6SC1GUlZTUU1NVmtB0gFeQVVfeXFMTm9UTnQ4cDUtVnBKWUVURDZoNkV4bjJ5SVRYYTRsMjVGQVhPLU5RT2ROc2JEc2JuanExRUlkeTZNdXJCd3RDQkRVU2xjU0lqSXl2YXppTzJGRVN3Y3V1Zw?oc=5,included,
09109fc61e1c9737fefbae3e,HUGGINGFACE-961bbbd9e92b,district_verdict_stage_media,2013-06-24,2013-07-31,"""דניאל מעוז""",2 מאסרי עולם מצטברים לדניאל מעוז בגין רצח הוריו - וואלה חדשות,וואלה חדשות,2013-07-01,https://news.google.com/rss/articles/CBMiTkFVX3lxTE1Ga1FEMjVjNHEyd05VemVFSS1paG9uQi1CTXB0alY3Z0UzNHRpWjh5Ylp5X1J6WmF3am1YMjFrMG85c01CTHJSMXdwc2Q3QQ?oc=5,included,
91b7e076c0915bb8b9f6abae,HUGGINGFACE-961bbbd9e92b,district_verdict_stage_media,2013-06-24,2013-07-31,"""דניאל מעוז""","""מפחדים שהוא יפגע בנו גם מהכלא"" - mako",mako,2013-07-02,https://news.google.com/rss/articles/CBMie0FVX3lxTE5pbzBIeFc2dy1ORzNnUjl2WGJLT0o1UHRSZWQzZHNoQXJ5akJpZ0g5cXBkM1hhSDBfMFZGcVUzVVJnd1hYYlZuRzc1aXpLUTlFeDJzc1FHbE5YdGp5YTdLVl9Nbmx4eTUxMWRBdXU2TUxtTzNzWWpkZFlRVQ?oc=5,included,
06364cd4995e81db230027c5,HUGGINGFACE-961bbbd9e92b,district_verdict_stage_media,2013-06-24,2013-07-31,"""דניאל מעוז""",תשובה פלילית - ynet.co.il,ynet.co.il,2013-07-05,https://news.google.com/rss/articles/CBMiZ0FVX3lxTE5BTnZSbWFqSFJUa1gycFdqdkgtMUdoSmRGZF80Znd5QmcxMnhORlZRMGFuUGY4Ty1vdHVmSjhmZXFydmwtT3JCNDJ3dXBESk95RnVBbmlYSkJHNGExU2VUMnZ2b3dyU2s?oc=5,included,
618eeab212bbbd44bf7a5836,HUGGINGFACE-961bbbd9e92b,district_verdict_stage_media,2013-06-24,2013-07-31,"""דניאל מעוז""","""סכין בחזה של אבא"": צפו בשחזור של דניאל מעוז - וואלה חדשות",וואלה חדשות,2013-07-08,https://news.google.com/rss/articles/CBMiTkFVX3lxTE5XSUtkWmtDaEgyRGs2MzZYMWlvdGJlVHFpeFZGUDVqdkw0SGkzYWQ4SV8wamJuXzlUNmlGamI2MkVrOVFHQnl0eFU5ZGsyUQ?oc=5,included,
490daf6cee1093c04df47bde,HUGGINGFACE-97c44c68ae21,appeal_stage_pre_decision_media,2008-10-23,2012-08-22,"""ראתב אבו עצא""",הגנב שהורשע בתקיפת השוטר מואשם גם ברצח - ynet.co.il,ynet.co.il,2011-11-24,https://news.google.com/rss/articles/CBMiZ0FVX3lxTE1sYUJfV1pUU1YxY2t1Vm03Y2xHcDhTLWpwWFlxTDh6UF9LZGZuQTlSVGJsc2hScXZCM2tiNVJoSG5IbF9VZ24zUmhqajZDeVlGdmx5SmxCU0hKUk9GVmlHRzF4dnVvdE0?oc=5,included,
89f2f6e638e7a3e7ddd9d2e5,HUGGINGFACE-97c44c68ae21,appeal_stage_pre_decision_media,2008-10-23,2012-08-22,"""ראתב אבו עצא""",דוקרו של השוטר שלומי אסולין הואשם ברצח - מקור ראשון,מקור ראשון,2011-11-24,https://news.google.com/rss/articles/CBMibEFVX3lxTFBtUTByWHJoTlp5eWozQVAySlZnZXRNS1pxMDF6SmJnRXdsbEx6Y01hMFdEbXlTSC1uaXZoRVVIVmFoSVNscjh5dmlsOGNIMUNsZTd1UWoxb3NrSFFfMkp4THNTTmZ6WmtWM3RTaw?oc=5,included,
31b3ddcc3bdf83ad04a43ff9,HUGGINGFACE-97c44c68ae21,appeal_stage_pre_decision_media,2008-10-23,2012-08-22,"""ראתב אבו עצא""",כתב אישום נגד רוצח השוטר שלומי אסולין - ערוץ 7,ערוץ 7,2011-11-24,https://news.google.com/rss/articles/CBMiSEFVX3lxTFBWZ0ZEMlk4WGlrcUxFSndfaXM1NUpnU09naVVOa3pOZTlzM1phSDFvT1FYQXdVNmF5bDFUdWVFX0VQeWQ2MXg1eg?oc=5,included,
d5193b15a9e04bc25a2d936b,HUGGINGFACE-97c44c68ae21,appeal_stage_pre_decision_media,2008-10-23,2012-08-22,"""ראתב אבו עצא""",שני משפטים במקביל לגנב שדקר את השוטר - ynet.co.il,ynet.co.il,2011-12-11,https://news.google.com/rss/articles/CBMiZ0FVX3lxTE1JTUkwcDB0UmhEYU5LSGtTTzZfTjg2blBrMlZTR3lVckw1OURfVU5LZGEzd0lBVzBGbFU1MWdUbmY2RlRFeGdlMDhnX3ViQjVxRFljcmhFOXROSnFkZnlVeUs4elhuZGc?oc=5,included,
f4d45ec75c25884058038dd9,HUGGINGFACE-97c44c68ae21,appeal_stage_pre_decision_media,2008-10-23,2012-08-22,"""ראתב אבו עצא""","אחי השוטר שנדקר ע""י גנב ומת - התגייס למשטרה - ynet.co.il",ynet.co.il,2012-08-23,https://news.google.com/rss/articles/CBMiZ0FVX3lxTFBmb2hKSnA0MkN6aEVQekloTHR1TkFrb0hMOTRKWkw5cHBxUDJrbndBc0JxQXZibVRORGJzMkhWOFZGZXF0Ul95MGwyQ0ZMOGpQMXU3NHN1ZmdydHFWOTRhRXltVlF0a1E?oc=5,excluded_after_window,
dfb848aadf565c89aaea9aa0,HUGGINGFACE-97c44c68ae21,appeal_stage_pre_decision_media,2008-10-23,2012-08-22,"""ראתב אבו עצא""",נדחה ערעורו של דוקר השוטר שלומי אסולין - ynet.co.il,ynet.co.il,2012-08-23,https://news.google.com/rss/articles/CBMiZ0FVX3lxTE5Eb1dha2lGQmN2dnJQNVRPSEZPZUl2Szk2ODJzcUJoME9DbXM5WURYRkk2MzFuWGFVbFVyMC1Uc2xGcS1WZVB2ZnhldFRfWk5XX3ppVWZzMW1QVkJQcW5Lb000dXBOdkU?oc=5,excluded_after_window,
627e320f62c279c638bf45d3,HUGGINGFACE-97c44c68ae21,appeal_stage_pre_decision_media,2008-10-23,2012-08-22,"""ראתב אבו עצא""",אחיו של השוטר שנרצח על ידי גנב התגייס למשטרה - וואלה חדשות,וואלה חדשות,2012-08-23,https://news.google.com/rss/articles/CBMiTkFVX3lxTE02ODhkN1llYXpoMXVfb29rdml5ZXVXU09YV2d1T1ozNWVPeTRzTlhyLVJ2REhmb2dUdlFBQkUzVFBqMXpFVWVPM0F5T3dvUQ?oc=5,excluded_after_window,
b83e5136ee0c8063a40589a4,HUGGINGFACE-9b55c869007c,appeal_stage_pre_decision_media,2014-04-30,2016-05-28,"""נחום בן יצחק""","הסכין, החולצה והדוד הקבלן: השאלות המטרידות על רצח איציק מור - וואלה חדשות",וואלה חדשות,2015-07-17,https://news.google.com/rss/articles/CBMiTkFVX3lxTE4xSjBKbXoyNTd2TnhHX0JHWHNNWF90ZGl2WGxCWXhyMTBjb3hYZGhOb191LUplbkdPSTRETjEwM0laX3c1akNPcDRTS1ZIUQ?oc=5,included,
bd56438df2d678c269c54980,HUGGINGFACE-9b55c869007c,appeal_stage_pre_decision_media,2014-04-30,2016-05-28,"""נחום בן יצחק""",עונשו של הורג החייל במועדון בירושלים הופחת לעשר שנים - וואלה חדשות,וואלה חדשות,2016-05-29,https://news.google.com/rss/articles/CBMiTkFVX3lxTE5IYmVWMTkzQV9GZ3NJeEJZX0dHMzZKS19iWnpJVk4wOXdhTkZ2RjJLTzJkcHNZUlEtQUp3VUFMd3BFcWhmZUpkaDBIaE1DUQ?oc=5,excluded_after_window,
fb7fbbd4792c1cebef04ac2b,HUGGINGFACE-9b55c869007c,appeal_stage_pre_decision_media,2014-04-30,2016-05-28,"""נחום בן יצחק""","בג""ץ: ספק אם נחום בן יצחק הרג את איציק מור - מקור ראשון",מקור ראשון,2016-05-29,https://news.google.com/rss/articles/CBMibEFVX3lxTE0wRXQ0N3NISklLQ2xfak10YzJ4UTJYWGJERnB3ZERmVmFGSlFSbFdLRWVPVnU2V2JuY0FEUmNUMjVNekxmdjlMNU4xLUhsVzNrNW5UcTNIc0FWTzV6d1lod1ZENlFHQTdYbmQ2QQ?oc=5,excluded_after_window,
aa940ef1b35b177ced810b9b,HUGGINGFACE-9b55c869007c,district_verdict_stage_media,2014-04-23,2014-05-30,"""נחום בן יצחק""",13 שנות מאסר לדוקר החייל איציק מור - mako,mako,2014-04-30,https://news.google.com/rss/articles/CBMid0FVX3lxTE9Kb1JsOFYzdGh5ak9VMHhxS0N6ZVptYlk1NVV1bW9tUFRvMFJkV1FhWXFNSDgybkN2OUFPQzAwZXZLQ1pHRVMxc1FYVlJDNllUWkpLR29QZzE2S2pEYnQ3VVBDSy1kUWc5NXJOSkZKdW9MX2ktV0pR?oc=5,included,
c4a7a0a7cd5e40a7bf260c1a,HUGGINGFACE-9b55c869007c,district_verdict_stage_media,2014-04-23,2014-05-30,"""נחום בן יצחק""",13 שנות מאסר להורג החייל במועדון בי-ם - ynet.co.il,ynet.co.il,2014-04-30,https://news.google.com/rss/articles/CBMiZ0FVX3lxTE9HaHhBN0pnRTF4VGdWNTVWRTNiU3BCVjdsc3g2RG0wNXpINjM4WWRWMlk0c2stdXBPRjVlWEx5dEM0ZDRQV2JuV0VQZG1FemY1Q2FNVTNBcFk1eXRNRS16WmZHTEtoYmc?oc=5,included,
986c325de2eced74484d9803,HUGGINGFACE-9b55c869007c,district_verdict_stage_media,2014-04-23,2014-05-30,"""נחום בן יצחק""",13 שנות מאסר על הריגת חייל במועדון - היום,היום,2014-04-30,https://news.google.com/rss/articles/CBMiV0FVX3lxTE9VbnIydm1rZlE3MDhnTHFJRklZdG5ObG44RVpKTGZTWTJjM1hIYUI2MlFveU9OUG1PUTdLRHpFODJTYjFPaWhfUHpfQjItWTBEc1BoLWlONNIBX0FVX3lxTE5ObjUyYUdyenNyWEZ5b0RLa3piRTItbG03RlpfZE90ZXcxd0ljSmx1Zm84R1RyY0NDUlV0aUhJQ2JBOGxYbDZsWlRQTjNpWV9STC1qbFN5ZlVZZDhrVTNr?oc=5,included,
69f826a47e4e4d5256f64216,HUGGINGFACE-9b55c869007c,district_verdict_stage_media,2014-04-23,2014-05-30,"""נחום בן יצחק""",13 שנות מאסר לדוקר החייל במועדון בירושלים - וואלה חדשות,וואלה חדשות,2014-04-30,https://news.google.com/rss/articles/CBMiTkFVX3lxTE5XdWZseFZveGdPNFc1WEZDOWpmRFRPNzg2YXh1ZkVPQUI0TVVGcUpxMXY0YUJpbHpaX0ZjdDBDSGdKS1JrSUZISmQtTFJDQQ?oc=5,included,
225917f722b02375c71f4ce9,HUGGINGFACE-9b55c869007c,district_verdict_stage_media,2014-04-23,2014-05-30,"""נחום בן יצחק""",חדשות - בארץ nrg - 13 שנות מאסר לרוצח איציק מור - מקור ראשון,מקור ראשון,2014-04-30,https://news.google.com/rss/articles/CBMibEFVX3lxTFBneVZZOWV5ZWJqMHZzdkFySXNyUjlrdTlrS3ZhYlh1aVM4VWtjTFdtVGVjejhFNmY3X1piYWZIalNKODR2YVRnUnVkT0hCSUxDQWdmTDRhbF9scVZpRHdSeURncS1wdlZWOHJPdg?oc=5,included,
777d583a683ea759054101ee,HUGGINGFACE-9e33e0f30f3f,appeal_stage_pre_decision_media,2017-05-15,2017-08-28,"""גניש בן""",15 שנות מאסר לצעיר שדקר למוות את החייל יפתח גריידי במועדון ברעננה - וואלה חדשות,וואלה חדשות,2017-05-15,https://news.google.com/rss/articles/CBMiTkFVX3lxTE5wRlZNZzV1WHFvb1F3bDRTaVNjM2UtRjh6ZnNMaEdRcGNFRDRPa1BXZVBvWmJPMmxKX3JDOU1GeGlGdDFSQzFUQWVRR1BoUQ?oc=5,included,
8cde70a17091aba6494293ff,HUGGINGFACE-9e33e0f30f3f,district_verdict_stage_media,2017-05-08,2017-06-14,"""גניש בן""",15 שנות מאסר לצעיר שדקר למוות את החייל יפתח גריידי במועדון ברעננה - וואלה חדשות,וואלה חדשות,2017-05-15,https://news.google.com/rss/articles/CBMiTkFVX3lxTE5wRlZNZzV1WHFvb1F3bDRTaVNjM2UtRjh6ZnNMaEdRcGNFRDRPa1BXZVBvWmJPMmxKX3JDOU1GeGlGdDFSQzFUQWVRR1BoUQ?oc=5,included,
c9d0e896a7ee069ac7e5580c,HUGGINGFACE-9eb2f1df19bb,appeal_stage_pre_decision_media,2013-09-16,2015-05-02,"""חיים צרפתי""",(הכותרת הוסתרה: הכתבה אינה עוסקת בתיק),ynet.co.il,2015-01-17,,excluded_wrong_case,הוחרג בבדיקה ידנית: הכתבה אינה עוסקת בתיק (אדם אחר בעל אותו שם או עניין אחר)
b8cb7625d0a915a05087f406,HUGGINGFACE-9f083d3b76e6,appeal_stage_pre_decision_media,2011-03-22,2013-07-07,"""איתמר שאלתיאל""",משה כחלון: זה מה שהרשת חושבת עליך - ynet.co.il,ynet.co.il,2012-11-01,https://news.google.com/rss/articles/CBMiZ0FVX3lxTE55Yi1UWGZLMm1VSnROUGJMRU1KZ1dza2tyWFNsZHEwSGpCb0tJbXpVZ2pXUjZoTDVuRl9iMElxSFMwUjdyTU9wWnduaUxVVTdwUm93Z3hJQ1oydm9sY09xTFdMNTZmb1E?oc=5,included,
d3a3e84174701e8cda87c671,HUGGINGFACE-9f083d3b76e6,district_verdict_stage_media,2011-03-15,2011-04-21,"""איתמר שאלתיאל""","בת שבע בן חמו על רוצח בנה: ""הוא היה בן בית, איך הוא עשה לי את זה?"" - מקור ראשון",מקור ראשון,2011-04-03,https://news.google.com/rss/articles/CBMibkFVX3lxTE45dWtWX0F5TVQyOEtadjJhVnlqRHlrbVMwbnBmRlYyUE56TEJfUFVqSHFNS2JkNnd5X0JmTjhWYWJfdXZTc3doRFNZdTc1QnB3QWx0M2JXc05KWFVNa0hPaHcwaVZKTEFOQmpTTHV3?oc=5,included,
7e80153796b623beddbd95d0,HUGGINGFACE-9f083d3b76e6,district_verdict_stage_media,2011-03-15,2011-04-21,"""איתמר שאלתיאל""",אורבניסט: מידע פנים עירוני - calcalist,calcalist,2011-04-05,https://news.google.com/rss/articles/CBMidkFVX3lxTE5QTmROWG02Nld6Ti15TTFFbE13VFp3VkZqVW83SFc4Q2pwRDI4ZFVmSHBuMHhzc1NCMmVxWnhJMWl1OWl6Z0xiSFJuOHE4YWtXMDZrUlowOC0xTjlDQmlrVTJSa3NDWU16YTRtMm1oY0tQNG0zSkE?oc=5,included,
7e8b30134d7d713be5ebb679,HUGGINGFACE-9fcadcfd06fd,appeal_stage_pre_decision_media,2013-07-11,2015-09-20,"""מוחמד שיבלי""","""ניאבק עד הסוף"": האם נגד שחרור דורס בתה - ynet.co.il",ynet.co.il,2015-01-24,https://news.google.com/rss/articles/CBMiZ0FVX3lxTE03ZDdEUXZ0amVxNDRKUThkN3JRcXNqdmdkR2xqM2dmMUdRcVpmX2NTdXYtaENhalZNZ1BFQVNHTFU1bGxjemtSOTFHaER1Sk84bXF4VlJxQ2N2SS1Pd0pWajl5LW92cWc?oc=5,included,
f1dc762d5f6aef8fabf52c15,HUGGINGFACE-a2810eeb4c19,appeal_stage_pre_decision_media,2014-01-26,2014-06-24,"""יובל כהן""",(הכותרת הוסתרה: הכתבה אינה עוסקת בתיק),calcalist,2013-08-06,,excluded_wrong_case,הוחרג בבדיקה ידנית: הכתבה אינה עוסקת בתיק (אדם אחר בעל אותו שם או עניין אחר)
1c49718788fbcb5b539c179b,HUGGINGFACE-a2810eeb4c19,appeal_stage_pre_decision_media,2014-01-26,2014-06-24,"""יובל כהן""",(הכותרת הוסתרה: הכתבה אינה עוסקת בתיק),calcalist,2013-08-28,,excluded_wrong_case,הוחרג בבדיקה ידנית: הכתבה אינה עוסקת בתיק (אדם אחר בעל אותו שם או עניין אחר)
53791d84863034bab0bb86e2,HUGGINGFACE-a2810eeb4c19,appeal_stage_pre_decision_media,2014-01-26,2014-06-24,"""יובל כהן""",(הכותרת הוסתרה: הכתבה אינה עוסקת בתיק),TheMarker,2013-12-25,,excluded_wrong_case,הוחרג בבדיקה ידנית: הכתבה אינה עוסקת בתיק (אדם אחר בעל אותו שם או עניין אחר)
e3d3775657d857f8157a9eb2,HUGGINGFACE-a2810eeb4c19,appeal_stage_pre_decision_media,2014-01-26,2014-06-24,"""יובל כהן""",(הכותרת הוסתרה: הכתבה אינה עוסקת בתיק),calcalist,2013-12-25,,excluded_wrong_case,הוחרג בבדיקה ידנית: הכתבה אינה עוסקת בתיק (אדם אחר בעל אותו שם או עניין אחר)
ae7943589b99e7d0a3c675f4,HUGGINGFACE-a2810eeb4c19,appeal_stage_pre_decision_media,2014-01-26,2014-06-24,"""יובל כהן""",(הכותרת הוסתרה: הכתבה אינה עוסקת בתיק),אנשים ומחשבים,2013-12-29,,excluded_wrong_case,הוחרג בבדיקה ידנית: הכתבה אינה עוסקת בתיק (אדם אחר בעל אותו שם או עניין אחר)
415c661a977cfba99917f7c9,HUGGINGFACE-a2810eeb4c19,appeal_stage_pre_decision_media,2014-01-26,2014-06-24,"""יובל כהן""",(הכותרת הוסתרה: הכתבה אינה עוסקת בתיק),וואלה ברנז'ה,2014-01-23,,excluded_wrong_case,הוחרג בבדיקה ידנית: הכתבה אינה עוסקת בתיק (אדם אחר בעל אותו שם או עניין אחר)
be7feea35b2a8644b71d477e,HUGGINGFACE-a2810eeb4c19,appeal_stage_pre_decision_media,2014-01-26,2014-06-24,"""יובל כהן""",(הכותרת הוסתרה: הכתבה אינה עוסקת בתיק),TheMarker,2014-01-24,,excluded_wrong_case,הוחרג בבדיקה ידנית: הכתבה אינה עוסקת בתיק (אדם אחר בעל אותו שם או עניין אחר)
708701c5bcfba6c42cf42f31,HUGGINGFACE-a2810eeb4c19,appeal_stage_pre_decision_media,2014-01-26,2014-06-24,"""יובל כהן""",(הכותרת הוסתרה: הכתבה אינה עוסקת בתיק),גלובס,2014-02-03,,excluded_wrong_case,הוחרג בבדיקה ידנית: הכתבה אינה עוסקת בתיק (אדם אחר בעל אותו שם או עניין אחר)
1567e786bd893f080e8731d3,HUGGINGFACE-a2810eeb4c19,appeal_stage_pre_decision_media,2014-01-26,2014-06-24,"""יובל כהן""",(הכותרת הוסתרה: הכתבה אינה עוסקת בתיק),calcalist,2014-02-08,,excluded_wrong_case,הוחרג בבדיקה ידנית: הכתבה אינה עוסקת בתיק (אדם אחר בעל אותו שם או עניין אחר)
08af23ff4a9d996ce1c71faa,HUGGINGFACE-a2810eeb4c19,appeal_stage_pre_decision_media,2014-01-26,2014-06-24,"""יובל כהן""",(הכותרת הוסתרה: הכתבה אינה עוסקת בתיק),הבמה,2014-06-15,,excluded_wrong_case,הוחרג בבדיקה ידנית: הכתבה אינה עוסקת בתיק (אדם אחר בעל אותו שם או עניין אחר)
c775412e436a7d2d74e69ad0,HUGGINGFACE-a2810eeb4c19,district_verdict_stage_media,2014-01-19,2014-02-25,"""יובל כהן""",(הכותרת הוסתרה: הכתבה אינה עוסקת בתיק),TheMarker,2014-01-24,,excluded_wrong_case,הוחרג בבדיקה ידנית: הכתבה אינה עוסקת בתיק (אדם אחר בעל אותו שם או עניין אחר)
7fc2b6d761696df1fa2f347a,HUGGINGFACE-a2810eeb4c19,district_verdict_stage_media,2014-01-19,2014-02-25,"""יובל כהן""",(הכותרת הוסתרה: הכתבה אינה עוסקת בתיק),גלובס,2014-02-03,,excluded_wrong_case,הוחרג בבדיקה ידנית: הכתבה אינה עוסקת בתיק (אדם אחר בעל אותו שם או עניין אחר)
bce1149cbab3bd678d021941,HUGGINGFACE-a2810eeb4c19,district_verdict_stage_media,2014-01-19,2014-02-25,"""יובל כהן""",(הכותרת הוסתרה: הכתבה אינה עוסקת בתיק),calcalist,2014-02-08,,excluded_wrong_case,הוחרג בבדיקה ידנית: הכתבה אינה עוסקת בתיק (אדם אחר בעל אותו שם או עניין אחר)
ca4dbe06ac8f0480da76361a,HUGGINGFACE-a430d108dada,district_verdict_stage_media,2012-03-04,2012-04-10,"""אהוד כדור""",6.5 שנות מאסר לנהג שהרג משפחה שלמה - mako,mako,2012-03-12,https://news.google.com/rss/articles/CBMid0FVX3lxTE5xRDF6OThjdzUtM0RsRjZ0aVpFUzQ2LVdWOHZwQ3R6aWhUaXM5YzZfUkE1eDU3elJydVU3Wm5hdHZOam5UT0t3U04zZHlGWk9SY3JBUjZXZmVtbEhUQjlKTXFURTVaOUE3Zmt0Yy1LaTRhV1ZudTBj?oc=5,included,
34868e9ea649005d40206ba0,HUGGINGFACE-a430d108dada,district_verdict_stage_media,2012-03-04,2012-04-10,"""אהוד כדור""",6.5 שנות מאסר לאדם שהורשע בהריגת 3 בני משפחה בתאונה בצפון - הארץ,הארץ,2012-03-12,https://news.google.com/rss/articles/CBMimAFBVV95cUxQRmVWRlJ0MUFaR3g4d1hkd1VyYnd4aXZFSGpUaldCWE9OU0JCSWVYTlBQWktlSkxvS3BVMjhfemdvVko5R3VYWlpkSF9oMnFvOFk2NHNvUnlYVk5kMmk4MTZXWTliLWlHUHV4QjZGMEYxNjAySGpyNUNqMFpqeEUyU3YzakJfbUMxTlp6OVdQX0s0TzRMeFRnSA?oc=5,included,
4a5218f3c7ccd2f10e83a03d,HUGGINGFACE-a8c46f7e7f77,appeal_stage_pre_decision_media,2018-11-15,2019-11-01,"""מחמוד מחאג'נה""",חשד לרצח באום אל פחם: בן 21 נורה למוות ברכבו - ynet.co.il,ynet.co.il,2018-11-03,https://news.google.com/rss/articles/CBMiZ0FVX3lxTE9zV0J2bmpQY3AwMHo0T2l6RkNNb3lpM05VOU04U25FWjAtV0NCRlk5dXRkdVRWdHFlOFNzdW1hV1hwVVZjNi05Z1hLbUctM1VaLWxpOHM3R0xNU0RKRDJmOHkxQXZ4Qk0?oc=5,excluded_after_window,manual media test 2 2026-05-26: excluded because published date is outside the stored media window
85c2cd0e0e0341eb091e1846,HUGGINGFACE-ad6e90cda8a5,appeal_stage_pre_decision_media,2017-07-20,2018-01-08,"""שמעון אסולין""",(הכותרת הוסתרה: הכתבה אינה עוסקת בתיק),רשת 13,2017-08-07,,excluded_wrong_case,הוחרג בבדיקה ידנית: הכתבה אינה עוסקת בתיק (אדם אחר בעל אותו שם או עניין אחר)
e1c5b09bace7d4899a962059,HUGGINGFACE-ad6e90cda8a5,district_verdict_stage_media,2017-07-13,2017-08-19,"""שמעון אסולין""","חקירות רה""מ: סערה בקבוצות הליכוד - רשת 13",רשת 13,2017-08-07,https://news.google.com/rss/articles/CBMieEFVX3lxTFBTZUdnYUQ3cnRrcUd0QXB3SV9OcVgtYy1GZXRlREgtTVItR3E2dTVkR1dKd1JhRnlVYkI3eFZSWDUxcmpZdEppN01UbGhMWW5LN09kS0hsVWZ1MC1KRGFVMHZYT0RBUkt3RFY2Qk1ldFJ3bFBTSzJzOA?oc=5,included,
29ff945c08594b8e97602f82,HUGGINGFACE-b09441243094,appeal_stage_pre_decision_media,2019-07-07,2019-08-05,"""אבירם זגורי""",תיעוד הרצח במסיבה שהוביל לאישום - mako,mako,2019-02-11,https://news.google.com/rss/articles/CBMiggFBVV95cUxOajBQSTBNdXd5N2E5aVoybExpeTRMOGM4Nk1tQmhYOWFMWEItLU1IZ1laS0d2R1FJWjdpQWFHMEVyazc3QVBBNnp3U2ZKbHVYOEVfaEw1X3hmU2Y1TjRndjlnVk11WjdTTlhON3JYOXRleUNfZjl0cnlXR2diYmxreGl3?oc=5,excluded_after_window,manual media test 2 2026-05-26: excluded because published date is outside the stored media window
5862d0636b129320b58fa95d,HUGGINGFACE-b09441243094,appeal_stage_pre_decision_media,2019-07-07,2019-08-05,"""אבירם זגורי""",תיעוד: הוויכוח שהוביל לרצח במסיבת יום ההולדת - ynet.co.il,ynet.co.il,2019-02-11,https://news.google.com/rss/articles/CBMiZ0FVX3lxTFB4TjZrSXR2WTMzQjRvaGZvaU8tSmtURVI4NFVsT0V0QlZOT3FBZzRhREtjUVNXMW1tdVNYUjFad2FqWGJ3VUNlTk1HV2Fiakc2c1V3RmNBTTNIbHdCcDdFM2s5NHMzYlU?oc=5,excluded_after_window,manual media test 2 2026-05-26: excluded because published date is outside the stored media window
55f70ad0d2a8f402f831d972,HUGGINGFACE-b09441243094,appeal_stage_pre_decision_media,2019-07-07,2019-08-05,"""אבירם זגורי""",אישום: רצח את חברו במהלך יום הולדתו - היום,היום,2019-02-11,https://news.google.com/rss/articles/CBMiV0FVX3lxTE1xY3NCV2EyMUhIaGd1bjFoUTAxeW9CbFh1VUlTaTJDTDdUUWtwckotRnZUZFJvcWNzdWdBUXlscF9fZGt4d3d3OE1ncmsyLWRlQ3Q3QXZMa9IBX0FVX3lxTE54N194c0xqOWY3N3ZjdmVjRTNQLXppNnpHZmxyWlUxT0pJNFRaQ3IxVm9NVEpqUzNOMlZZYWRlM053azR6dEhuZlExU0FhVFl5dmVsQXRUM2ZEM0QtZUNr?oc=5,excluded_after_window,manual media test 2 2026-05-26: excluded because published date is outside the stored media window
630a28ec7cd522a51dbb1e22,HUGGINGFACE-b09441243094,appeal_stage_pre_decision_media,2019-07-07,2019-08-05,"""אבירם זגורי""","מגיע לבית, יורה ונמלט: רצח את חברו ביום הולדתו בב""ש | תיעוד - וואלה חדשות",וואלה חדשות,2019-02-11,https://news.google.com/rss/articles/CBMiTkFVX3lxTE9JTDlFWGZwN0JNQW1wMUJZOGJEWWJRVHdMUHoxSXgwSmkwd2ZuY2hLN2RhNW5DVWxHZnJJclJTclM5VldXcHcyQXktdXVpdw?oc=5,excluded_after_window,manual media test 2 2026-05-26: excluded because published date is outside the stored media window
66177e157c1a0d3eb1fe87ba,HUGGINGFACE-b09441243094,appeal_stage_pre_decision_media,2019-07-07,2019-08-05,"""אבירם זגורי""",צפו: תיעוד הריב שהוביל לרצח רותם הרוש ז''ל - חדשות באר שבע והנגב,חדשות באר שבע והנגב,2019-02-11,https://news.google.com/rss/articles/CBMiWEFVX3lxTE9DbmdJbnhqTUs1TExranc1cDdycHRqY1dsZ0ZKZC1nb2tRV3FQNkN2YVV4b0h6Z2VmQ3hZVlRYU003U1pCc0RxZDNicTNlWmJaSE1NWDk0M1c?oc=5,excluded_after_window,manual media test 2 2026-05-26: excluded because published date is outside the stored media window
a8b797e9fccc2bc5e8ec1703,HUGGINGFACE-b09441243094,appeal_stage_pre_decision_media,2019-07-07,2019-08-05,"""אבירם זגורי""",אישום: הצטייד בנשק ורצח את חברו ביום ההולדת - כאן 11,כאן 11,2019-02-11,https://news.google.com/rss/articles/CBMiYEFVX3lxTFBWdkltQk9UTkhuREE2N0wydTV6U3RYX2hLdzFxZXNLNzFiV1NIOXNRWFdYdTh4aEZXZmlCTVFaQkV4T0x0QkxwUjFzR04yYmxSM00zdGU2M19QbmhaeG9Gbg?oc=5,excluded_after_window,manual media test 2 2026-05-26: excluded because published date is outside the stored media window
b72aab152d88855264ef2534,HUGGINGFACE-b09441243094,appeal_stage_pre_decision_media,2019-07-07,2019-08-05,"""אבירם זגורי""","""רצח את חברו במסיבת יום הולדתו"": כתב אישום נגד בן 29 מבאר שבע - מעריב",מעריב,2019-02-11,https://news.google.com/rss/articles/CBMiXEFVX3lxTE9wSUVzeEN6MmJhY0FjdnlmdmZSYVdZVW14RzdBYmxTaldCNVpndDBNYUExb1pRRkthMUV0eVBHU0wtN2M0ZmtENXVvUG0xc2pwQ2wwdjlhV2VCMndh?oc=5,excluded_after_window,manual media test 2 2026-05-26: excluded because published date is outside the stored media window
f7193a0aad3049f7d8acf8c0,HUGGINGFACE-b09441243094,appeal_stage_pre_decision_media,2019-07-07,2019-08-05,"""אבירם זגורי""",הותר לפרסום: פוענח רצח רותם הרוש מבאר שבע ביום הולדתו - פוסטה,פוסטה,2019-07-03,https://news.google.com/rss/articles/CBMizAJBVV95cUxOX19sOHFCeHltZkFlQlVJLUdfLUU3SjJTaVFUSHg3dGdEOF9xdE8tdllKQWFHZzM2OXg4OHN0YlBiNHdja1RhQWN1VGRKTDRWZGVIV05ENTE2YUsxQlRnVDg2MXRsUFpGenFidE4tSENlUFpqNm8yMXlTZWtTaF9DVlpIaHd3ajJGSmdOMERhMmdvTnFQWWV5YVpGRlR6dkJLdUFFRVVUa3lOSkNJQm1HdndlNWZ4X3oyQXJvSFF1N0V6ZlgtMkItQldSQ29KUlJHWmxmeTBTbF9uZlBvb2k3TXZTNjUyYkpCTkZPODVwSXM0SER5NGxPTmhISGhYMEFzQXhGUGJTT3B4dE9SdklzZHVvSmxEZklmWTFaeTEwb2xqenl3QnBQY3lMLTZ2RWFFVlEzd05WZkY4NlV5YS1TaXRoZDJZS2NKajV3cQ?oc=5,excluded_after_window,manual media test 2 2026-05-26: excluded because published date is outside the stored media window
e3d2f2de05e73a51c40eb184,HUGGINGFACE-b52710b2c548,appeal_stage_pre_decision_media,2006-02-23,2010-12-01,"""יצחק זוזיאשווילי""",חדשות - בארץ nrg - רוצחי השופט אזר ערערו: לא רצחנו אותו - מקור ראשון,מקור ראשון,2010-06-30,https://news.google.com/rss/articles/CBMibEFVX3lxTE9Wcmphem94NkdfaGFSNUFZUFNKNUVLNDVxYmZaZWJReERjTlJsVHA1dktMUkdzQUYtS180UUxxQlQ2TVZqVXJyR0J3ZTFvZGprY09tNXFzMW9NWjc1c3dRWk0taUcxNjZQc1JNdw?oc=5,included,auto-included: matched case/legal context terms: רצח
04abf0e9d55d78a79999902a,HUGGINGFACE-b52710b2c548,appeal_stage_pre_decision_media,2006-02-23,2010-12-01,"""יצחק זוזיאשווילי""",בשל השביתה: רוצח השופט אזר ייצא מהפרדה? - וואלה חדשות,וואלה חדשות,2010-11-29,https://news.google.com/rss/articles/CBMiTkFVX3lxTFBsSEI2V0NLdjM3Q3Q0TWItelNtSjVfeG9lOHdWZi1PWTk1aUhlNHJJckZpY3Q4c3c2N3BUNjI4c1Z5R0c0TFR1TlNBa0hMZw?oc=5,included,"manual pending review 2026-05-26: include; article identifies ???? ??????????? as murderer of judge ??? ???, same defendant/case context, pre-decision."
28509347ab488f6fb01b1982,HUGGINGFACE-b52710b2c548,appeal_stage_pre_decision_media,2006-02-23,2010-12-01,"""יצחק זוזיאשווילי""",חדשות - בארץ nrg - הערעור נדחה: רוצחי עדי אזר למאסר עולם - מקור ראשון,מקור ראשון,2010-12-02,https://news.google.com/rss/articles/CBMibEFVX3lxTE1oak5YV1dCVHpuQ0g3c0NZMnZpMmVHd3pYRUFzNUY2SE1TVlNXRE03bEJsTzJVbVlJZTJKQW1IT1A4dElkUGZKSXM1QmU5Y0RxZ2tzT1Fpd0ZEOHM4VTJhM3F4RTNhYVFNbEw2Tg?oc=5,excluded_after_window,
7bda01ecddbb5115bd9e0532,HUGGINGFACE-b52710b2c548,district_verdict_stage_media,2006-02-16,2006-03-25,"""יצחק זוזיאשווילי""",רצח השופט אזר: מאסר עולם לזוזיאשווילי ונחמני - ynet.co.il,ynet.co.il,2006-02-23,https://news.google.com/rss/articles/CBMiZ0FVX3lxTFAyNjVwSk14NjFwbTBvbzlpRFU1MzJJSVdsMDNzVWFibTVqeTJfNDh6Y1RVcnBQMTZpOTFTVnpQclpOSTlRRWdydUNfcmpobGZMUlZfYVVjUnhOei0tNGNkWkVGZU1zX1k?oc=5,included,
a46093c9c48e6574481cb8eb,HUGGINGFACE-b52710b2c548,district_verdict_stage_media,2006-02-16,2006-03-25,"""יצחק זוזיאשווילי""",מאסר עולם ועוד 5 שנות מאסר ליצחק זוזיאשווילי ורפי נחמני שהורשעו ברצח השופט עדי אזר - גלובס,גלובס,2006-02-23,https://news.google.com/rss/articles/CBMiaEFVX3lxTE1wX3M3alNhaEJLMndRNFJFNkNmenVveTRRS0g1Rzdaa1liWmRVd2otbjRCZVU2em5MeXJUelhDLXJIY2d0ZlhJUERLeFg3aG5hMUlET3hEY2RRNS0zWUF3ZjFJTFZCa1VT?oc=5,included,
047b5e30844eebd2bdd73107,HUGGINGFACE-b987185fb74d,appeal_stage_pre_decision_media,2015-11-30,2017-03-15,"""משה מלול""","יצחק אברג'יל לשופטת: ""את עושה לי עוול"" - ynet.co.il",ynet.co.il,2017-02-05,https://news.google.com/rss/articles/CBMiZ0FVX3lxTE5qWG42SDUyRVlEeVBIRWtCMGtyVFNrMFZGX0NRREoxRmpIVGtTcElma0h6QkR2a1VseFBHSTVOQnltVC1uRm5YeDRMb3lWZGMtYXdPMkhudkpRWmc0dG1XZHpUdXBXM1k?oc=5,included,
95b832101f005cd2bea20175,HUGGINGFACE-b987185fb74d,appeal_stage_pre_decision_media,2015-11-30,2017-03-15,"""משה מלול""","פרשה 512: דיון טעון בביהמ""ש; יצחק אברג'יל: ""נעשה לי עוול"" - היום",היום,2017-02-05,https://news.google.com/rss/articles/CBMiV0FVX3lxTE15STBlVm1KOEV4NDlaMTBKLUlUQkN0QnlPSU1PaFVWMDBDZDcwekxRNnkyZnNMVVRKRjFhUExHb2hmM0hGNC1JbElZdkJRci1TdE1iNHVIZ9IBX0FVX3lxTFBhdVJHdm92LWYySXB2WXRiSklrTE91OVhHRXVFTFFjS1NjcXYzZWlBWWtfbC0yc2hPdExzOGY5blQzVnpyX2E4aWlGVmgxSVU3Z0h1Y0JDRjRKTWtQMVRZ?oc=5,included,
14c926751b38357142a60141,HUGGINGFACE-b987185fb74d,appeal_stage_pre_decision_media,2015-11-30,2017-03-15,"""משה מלול""",(הכותרת הוסתרה: הכתבה אינה עוסקת בתיק),הידברות,2017-02-22,,excluded_wrong_case,הוחרג בבדיקה ידנית: הכתבה אינה עוסקת בתיק (אדם אחר בעל אותו שם או עניין אחר)
790214ad0715e63de1823dea,HUGGINGFACE-b987185fb74d,appeal_stage_pre_decision_media,2015-11-30,2017-03-15,"""משה מלול""",(הכותרת הוסתרה: הכתבה אינה עוסקת בתיק),הידברות,2017-03-08,,excluded_wrong_case,הוחרג בבדיקה ידנית: הכתבה אינה עוסקת בתיק (אדם אחר בעל אותו שם או עניין אחר)
559c574cf998fda577c46648,HUGGINGFACE-bcc927576eb0,appeal_stage_pre_decision_media,2013-03-24,2017-03-18,"""דוד בן שטרית""",פרשה 512: שחרורים ומעצרים - פוסטה,פוסטה,2016-05-02,https://news.google.com/rss/articles/CBMi2wFBVV95cUxPaC1TWEc5d2MzcjlEaHBjNk9zMXBENWx0SmdYM0l5Z2RYalVhN2VBSktFX0c3dXZncjhUMzNWUXZTRUs3VjMybFdwLWFQY0VrRVlqTlppRVJzUVpUWnlZWUhfS05rOTREVmVsY3BKMW50b3lZbHI3Q2h4NktvaGpIX19Ja2E0UEt0NlBmeThOM1V4VWJQdTREMmg0b05pOHdfSE5aOEQ1NE5PVk5wempPdlg2Zno5NXBrSUQ3bmVLSmpoa29ROTRBZWJrYTBmUngzYmYxTFo0SkZraFU?oc=5,included,
f283b8e99c1bcf90de6e76a6,HUGGINGFACE-bcc927576eb0,district_verdict_stage_media,2013-03-17,2013-04-23,"""דוד בן שטרית""",אילת: דודו בן שטרית למאסר עולם על רצח מוטי חכים - פוסטה,פוסטה,2013-03-24,https://news.google.com/rss/articles/CBMiXEFVX3lxTE0wWW5KT2lvTlNhWVBYdDkwblBpSUFRUVpaS2JxOWEyLXlGYW5leG5GTlp1Y3lDUm9HUERCTnZUT0dUUHlKdGNzZ0l4ZW05SVlSYUxnclBUUVRfS1FN?oc=5,included,
bcf095a8132c6dbb4a333cb8,HUGGINGFACE-bcc927576eb0,district_verdict_stage_media,2013-03-17,2013-04-23,"""דוד בן שטרית""",הרשעה במחלוקת: דודו בן שטרית הורשע ברצח מוטי חכים - יום יום באילת,יום יום באילת,2013-03-30,https://news.google.com/rss/articles/CBMiVkFVX3lxTE1xZnBqZGM4UnVBSFlaR0ItMEJqVWc2MkZPanpJcE42TlV3UnlteFBiSnhMdURMQzU2OEotXzVaOGRhaDgwRzlRcmp0MnhZd09uSnI4aktn?oc=5,included,
1e9a2b9bc296ec39c76adfe7,HUGGINGFACE-c0f5ef125985,district_verdict_stage_media,2013-09-01,2013-10-08,"""אדוארד גלפונד""",אסון אוטובוס התיירים: הנהג הורשע בהריגת 24 בני אדם - mako,mako,2013-09-08,https://news.google.com/rss/articles/CBMid0FVX3lxTE16MFFrajRsV2ZFaVJQLWNOa2s5azlpSmtnOHhXS1U2UmVmX19zQzFaX3A3ckdsR2g2OTZyT3AxNDZodWpONzVIWHJGcmVnM3h6Y29MWmdPbjhNM09Md091VkJ5eEdzRXJ0azhHYVdONHdiZkY5anJr?oc=5,included,
c4b50a1a823dba59c5a82cdf,HUGGINGFACE-c0f5ef125985,district_verdict_stage_media,2013-09-01,2013-10-08,"""אדוארד גלפונד""",נהג אוטובוס הורשע בהריגת 24 איש בתאונה - ynet.co.il,ynet.co.il,2013-09-08,https://news.google.com/rss/articles/CBMiZ0FVX3lxTE5najdFbWZGQ3FXNFd0dUxjZU9HVXpCbG9jS0FMTDFUb3FrWWxzV21pN1VzVUxoc2c0aEZqcjYxTGlrOGI5LXZjaU1zbGlMZ0RIZW8tY1ptNERjMFhGaGR5UGJ1eTF6eGs?oc=5,included,
0c04cd2b3bf3fa06e1336dff,HUGGINGFACE-c0f5ef125985,district_verdict_stage_media,2013-09-01,2013-10-08,"""אדוארד גלפונד""","תאונת ""סוכני הנסיעות"": נהג האוטובוס הורשע בהריגה - וואלה חדשות",וואלה חדשות,2013-09-08,https://news.google.com/rss/articles/CBMiTkFVX3lxTE5KRGh2aHN3dTdMYXk1VW1RUU94dTRlX1FzcU9MV09jek1CXzdtVFAyZVdTMEdEem0xQTNQTUtlbFJIZWdLMnJiQXMyU3U4UQ?oc=5,included,
125538a585058600324697c5,HUGGINGFACE-c0f5ef125985,district_verdict_stage_media,2013-09-01,2013-10-08,"""אדוארד גלפונד""",נהג אוטובוס הורשע בהריגת 24 תיירים בתאונה - ערוץ 7,ערוץ 7,2013-09-08,https://news.google.com/rss/articles/CBMiSEFVX3lxTE9ORDQxWUd5VEM2cThKdEtJbHZJVGVZOHZjVXRKMFJzcGlreEEwZVBDSmY5bllNUXRpY2MwNk9SbHFqT1IxOEgwMQ?oc=5,included,
e3956ac430cd03e8fe66ef00,HUGGINGFACE-c0f5ef125985,district_verdict_stage_media,2013-09-01,2013-10-08,"""אדוארד גלפונד""",תאונת עבודה בנאות חובב: בן 60 נדרס למוות על ידי מלגזה - רשת 13,רשת 13,2013-09-11,https://news.google.com/rss/articles/CBMiYkFVX3lxTFBWV29LdlpaVzZRbWVrR25tY0RxdnN1UDl4cUdLWWgxMW9uQW1SdWF5dlhWVXB2NVZtN2phMFA1a1Jxa2dWMHQ4YmJBdlFxQVpydzVXcmZMc1VIaTZWX0lEbGt3?oc=5,included,
66bf5b3cd6de3d69d71dc74b,HUGGINGFACE-c284beed7965,appeal_stage_pre_decision_media,2015-04-28,2018-07-27,"""מוחמד נחלה""",(הכותרת הוסתרה: הכתבה אינה עוסקת בתיק),הארץ,2018-05-10,,excluded_wrong_case,הוחרג בבדיקה ידנית: הכתבה אינה עוסקת בתיק (אדם אחר בעל אותו שם או עניין אחר)
f13ddef87e6178109c02d384,HUGGINGFACE-c3413672b5fd,appeal_stage_pre_decision_media,2016-07-31,2020-03-31,"""יורי סוליימנוב""",כך פוענח רצח שומר הלילה באזור התעשייה קיסריה - פוסטה,פוסטה,2019-07-03,https://news.google.com/rss/articles/CBMizAJBVV95cUxPQWVDY1JnNkJ1RjZ4R0Nxc3pmN1Byb1NGdXNIaTNUbFBwdk91QVpJUXZUOGJTU3BXQ0FhMk5tN3RCbG5YeXJyQkg0UDM2SFJwRmpiR2FkVWxfS0tGYmxHd2d2U0ozN1pnb08ydnpIS3VQR3c5Y05BVURVSmFGT1Z0RGQzbXJUR1pYLXppenVSUExmSXdzMUxadGRWTi02ek5RVGlFRmFwTU1scE5sM0Q3ZmNfbUxNaENWQ3FaN2JnSlJEMVh5WFd0YVNuVEROTktwcGM2THVjLTNqT2NYeFhiYW1hd2w1eUJJbG1fNUZ3NVNrcHVRY0pTNFJSNHlLOXM1QlhoTHhmWkxrUkpvNWMtLS1IQTh4UlhEdDdmUHk4YWtKY2lUREdjM09LTENGMmdHdXJxTFVPWFl0R2c1LVFkMTg0UHliSU9qVUIxMw?oc=5,included,
c4edf15c2f44325d8ba9d9f5,HUGGINGFACE-c3413672b5fd,district_verdict_stage_media,2016-07-24,2016-08-30,"""יורי סוליימנוב""",אחרי שש שנים: הורשע אחד הנאשמים ברצח המאבטח בקיסריה - וואלה חדשות,וואלה חדשות,2016-07-31,https://news.google.com/rss/articles/CBMiTkFVX3lxTE5VdWU0akNrOWRPb2gwSUJFMXdzOUhEdXhjVGNqbkpaWDJMeUNocUtEaFVTaWgtSGxYRGRfX3BaeHZmYW5kVUlEX3BMa0lSQQ?oc=5,included,
16eba942fe79fa022900d083,HUGGINGFACE-c3413672b5fd,district_verdict_stage_media,2016-07-24,2016-08-30,"""יורי סוליימנוב""","הורשע ברצח מ-2010: ""גרסתו בלתי מהימנה וסותרת את הראיות"" - מעריב",מעריב,2016-07-31,https://news.google.com/rss/articles/CBMiXEFVX3lxTFBGZDJ4R0FPZEVlMEZYV0ZEYmVwWjJUbHpfRGJqU1g4aUY4Vm1JbDQ0c21nNHFxNVlHZ1BBZTNDNHpNZjg0MHRjWFNxNkVIV25wRS1TM1lCbVp3Y2pj?oc=5,included,
6aeb333d6cedb17c3e301946,HUGGINGFACE-c4b0032e5458,appeal_stage_pre_decision_media,2008-07-03,2011-11-13,"""איתן גץ""",מאסר לצעירים שירו למוות בחייל - mako,mako,2011-11-14,https://news.google.com/rss/articles/CBMid0FVX3lxTFBxcTdzRWh3OTFldk9ldVlEYWZnMEpEQkU2M1pybW9OdkpPVGZzMWdySUhCdlFKWks0cG1uclZTRXNHU09yMzF4Y0JDdDFqek9NU2plQVp5NzIzTFA0ZjJxX2cycnlSeTZlQ1FLSU1SY05pYjU4Z1dV?oc=5,excluded_after_window,
6ff5abf9ce70ac9116268f67,HUGGINGFACE-c4b0032e5458,district_verdict_stage_media,2008-06-26,2008-08-02,"""איתן גץ""",הרצח במועדון בחיפה: הרוצח הורשע עם חבריו - ynet.co.il,ynet.co.il,2008-07-03,https://news.google.com/rss/articles/CBMiZ0FVX3lxTFB3eHVyNFRXWE11R0lsckduZU1aU1g4cEV3YkN5ajNCYmZhUzloejVWTzVpdmc5a2tYVTdoQjFlYWpsT3RmZk1LQWV3bjYzLWdmTVRlcE1HblNhZzFFRGhTVHEtODFlNVk?oc=5,included,
59f4d3ccc3addb721c666e09,HUGGINGFACE-d130633461e5,appeal_stage_pre_decision_media,2011-11-27,2013-10-07,"""יגאל גוזלנד""",עובד נמל אשדוד הורשע אך התפקיד יחכה לו שבע שנים - הארץ,הארץ,2013-02-18,https://news.google.com/rss/articles/CBMimAFBVV95cUxNMUk1RmJLV3hDbUNWb203SDdnaGgyWlE1bDI3czN1Q0gyWjd2bURkbTRvQTBPM1UyUVhVdW9ya2dKTnJBbERRYm5XSHFzVmd1V2NENWQzZ2t6QmVMX3k0bWNmbHgyUFJjX3I2WW5OZTR2NnRfVjFfX194d2txNjg0UzhRNldrNERTdGd0eU1ITmw1bmU2YTFBMA?oc=5,included,
bd56e02158126ff7dc3c5b0a,HUGGINGFACE-d130633461e5,appeal_stage_pre_decision_media,2011-11-27,2013-10-07,"""יגאל גוזלנד""",נמל אשדוד יחויב להרחיק עובדים הנאשמים בפלילים; הוועד מתנגד - TheMarker,TheMarker,2013-03-07,https://news.google.com/rss/articles/CBMilgFBVV95cUxPZ0NvMXdQaXdHamM4TnZFSHFreEYzRG1DczlEUS1WMFhkX2YwazBMTTVxQldxVTVPMU1UUmdLbE9CY2Z6d25XUzgycERCbGFMcTlaSnc4bVdxSFRtN1RJb185MEM1RWNWb2NQR2s0bGgyTDJMZFdxQ2VSb1R6TkdVTThaYnl5Y0prUDBMUEI4SGZKSHMxakE?oc=5,included,
c174d5f95b1772a98a40cf33,HUGGINGFACE-d139193d11dc,appeal_stage_pre_decision_media,2010-07-13,2015-03-02,"""יהודה חדד""",(הכותרת הוסתרה: הכתבה אינה עוסקת בתיק),Ashdod4U,2014-11-15,,excluded_wrong_case,הוחרג בבדיקה ידנית: הכתבה אינה עוסקת בתיק (אדם אחר בעל אותו שם או עניין אחר)
30cd5c9ce47563bacc665147,HUGGINGFACE-d13c15eb5ebd,appeal_stage_pre_decision_media,2012-04-17,2013-10-27,"""נתנאל ביטון""","פוענח הרצח בבית שאן: אחד ירה, שניים הסיעו - ynet.co.il",ynet.co.il,2013-03-01,https://news.google.com/rss/articles/CBMiZ0FVX3lxTFBCdFk3dHc2ZDBBdVQyaExKbXU1R0NjcFRIM2lVYy15VWJsaEpOQjNKWEEwRTY3dTh2Y2h4R0ZlMGdTX2hDSG0yNGVBZEpodW8taXdJUW5MQXFPb1VmWUpYMDBXY3hFODQ?oc=5,included,
2333bfef9de2681b6d357ca0,HUGGINGFACE-d13c15eb5ebd,appeal_stage_pre_decision_media,2012-04-17,2013-10-27,"""נתנאל ביטון""","אישום: ירה למוות לאור יום, ונמלט עם חבריו מהזירה - וואלה חדשות",וואלה חדשות,2013-03-01,https://news.google.com/rss/articles/CBMiTkFVX3lxTE5OWGFZenBBTTBac0w2bEgxdUdoXzJlSGdhSWUyelpzcE96UUZmb0hOU2IzSjJ5cXVzSzFMM3RsX2VkWmV4cGhOdkJVcnZuQQ?oc=5,included,
4e48b0edac24ec244ad047b6,HUGGINGFACE-d13c15eb5ebd,district_verdict_stage_media,2012-04-10,2012-05-17,"""נתנאל ביטון""","20 שנות מאסר על ההריגה במועדון ה""טרמינל"" בת""א - mako",mako,2012-04-17,https://news.google.com/rss/articles/CBMid0FVX3lxTE45N3lZcVpLY3c4STZkd3NzZ1JaYnFsU2NmMUR3RGM3Tk41bGFoVFBIYWRuWlN2Q0x6alhpeXJLc01Pa21MRlh0M0FkZllWM25mS0RBZmVfeHk3QW82NmhhQ2JuMlBEWHhPY0kyUkk4a0pmTzQ0X0dJ?oc=5,included,
924ac1513b140d2f5b0e75fa,HUGGINGFACE-d13c15eb5ebd,district_verdict_stage_media,2012-04-10,2012-05-17,"""נתנאל ביטון""","20 שנות מאסר לצעיר שדקר למוות במועדון בת""א - ynet.co.il",ynet.co.il,2012-04-17,https://news.google.com/rss/articles/CBMiZ0FVX3lxTE01d3NRLTJDa0llM05QYmxGRkExQWpNX1lMaTl3NzJWdkRGaWN0TWlXeFVzWFdWSTg1VUFmN2kwUV8zTjNxWk9ldmhYQ2hRZ2w1aGllUXVsMTdZSy1iN2UzdTFfcUUzX0k?oc=5,included,
704cf022cd63b55e19174b56,HUGGINGFACE-d13c15eb5ebd,district_verdict_stage_media,2012-04-10,2012-05-17,"""נתנאל ביטון""",הרג צעיר מחוץ למועדון ונשלח ל-20 שנה בכלא - מקור ראשון,מקור ראשון,2012-04-17,https://news.google.com/rss/articles/CBMibEFVX3lxTFBfYU1vbGV5dWh5NTQtdEVYMElmM0lFeElmUjNOZ0RFekl5cmlGVU05ZU54ZGtjNkl5S09WSkJKV1lpZWJpX3k2S2hPY1hXS0diWWNWZXR1bUJLR2hWem0xb0tUV1BOV1lIQkhPNw?oc=5,included,
65a44ad25605efdf07d32d38,HUGGINGFACE-d249ad730ad2,district_verdict_stage_media,2010-01-04,2010-02-10,"""מוחמד אבו סנינה""",חדשות - צבא וביטחון nrg - ...שני מאסרי עולם ועוד 40 שנה - מקור ראשון,מקור ראשון,2010-01-11,https://news.google.com/rss/articles/CBMibEFVX3lxTE9BUUhpT2l1OWQ4NjhZd1B1RFppQU1uVVkxNzlUWTVGOXMzQ3YxNFp5WjlfOEFDUEVIVXFocTg0aEJ4WjdDS2Z2VS1wbnItSVltWkx3ajh6RF9IX0p3X29tSDh6U0JZeHVwanRKNQ?oc=5,included,
117dc8519bff61ab0a0c4a82,HUGGINGFACE-d32198442446,district_verdict_stage_media,2012-04-23,2012-05-30,"""יצחק אדרי""","מאסר עולם לרוצח זוגתו, שהחביא גופתה בשטיח - ynet.co.il",ynet.co.il,2012-04-30,https://news.google.com/rss/articles/CBMiZ0FVX3lxTE13aHlNdkQ0UU5MQ29aVkxnOHZSSldVdlcwUlpzblY4X2RMOFNfdHNTVkVJNG8tcHlYWDZoQXp3NV94dTlZTUMwUkNMTlBnRWtydjljajhjbV92cF9YRWhOMjh2dEw4TEE?oc=5,included,
02d1d20203f5c1081216ed60,HUGGINGFACE-d35e2fc6029e,appeal_stage_pre_decision_media,2017-09-27,2019-01-29,"""ג'מיל אמר""",איך זה להיות הומו צעיר ברצועת עזה - הארץ,הארץ,2018-02-21,https://news.google.com/rss/articles/CBMisAFBVV95cUxOcS1TeS1ldE52czUwQ3BhTlZNcGNuNEx6RWt5WW50cXNzVXJVb3MtLUlYaXFablZSV0U3Y1VFU1Y5dHRzbUVwRGJPdWJCM2xJaVBhYzB4UkZoR1BhekU5Z1FuYUd6UUxVR19xYXZZTlpSeHRZaDR2ejZKTXJFQzYtSWVFaGhBTkZNc0hNa0JXQTBwd1Y1ZDN0LUdKQjkycXVkWThYUlBueGRfRkFMNXdPWA?oc=5,included,
c7986c5a8da984d1ce2eaf43,HUGGINGFACE-d3f56e410d20,district_verdict_stage_media,2017-03-21,2017-04-27,"""אליהו קריספיל""",16 ו-6 שנות מאסר לאב ולבן ממגדל העמק על הריגת שכנם שהתלונן על רעש - הארץ,הארץ,2017-03-28,https://news.google.com/rss/articles/CBMimAFBVV95cUxQY2NxSU5wSmJncW1qOVNqWmhqeXZkQk1hblZDUWNCSHI0d08wcjdybDY3aEkzZUdvQXZNbEpDb3VJV0xDNUNJc2VQRV9lRVBvX0EzN1c5elJtSG5XVW1ORmZoVG1uMDdzY2lkR1ZGUTJJaHctMUlacmlyS1A1VjgwOFNuNUdyN0lQaUJ2eW1iUlBGZGZFV1huaQ?oc=5,included,
9e4ab8a4d75c487539f4ce6f,HUGGINGFACE-d3f56e410d20,district_verdict_stage_media,2017-03-21,2017-04-27,"""אליהו קריספיל""",אב ובנו הרגו את שכנם כי ביקש שקט - ונשלחו למאסר - מעריב,מעריב,2017-03-28,https://news.google.com/rss/articles/CBMiXEFVX3lxTFAzZXE4NlNRT2FQXzNmUkxZVGlNYURkbGVEbmg2NmJRdjgwOHhGSFpCS2JOemtabEVFWEI1Um8tU01pN3prbDJzR1k5RGxFTVI4eHloRm1CTTMtbm8z?oc=5,included,
ec152c804b629c0381d126c6,HUGGINGFACE-d4707499513c,appeal_stage_pre_decision_media,2006-10-15,2010-07-28,"""ירון סנקר""",מכה לפשע: האחים אוחנה הורשעו ברצח והריגה - ynet.co.il,ynet.co.il,2009-11-01,https://news.google.com/rss/articles/CBMiZ0FVX3lxTE1RaWl4NWl2VTltemIzcXpyeDN0aFYxTTl5dnVGb2VNa2psYkU1dnd3SHdmcjFWaVNXdVlvc3g0d0NkQUtMNVRtZGZ0cVhWUjVvaEdHLUpHZHdjVVVpZGN6NGkxVnRmTWM?oc=5,included,auto-included: matched case/legal context terms: רצח; הורשע; הריגה
9a77d163ce150b96465636ac,HUGGINGFACE-d4707499513c,appeal_stage_pre_decision_media,2006-10-15,2010-07-28,"""ירון סנקר""",האחים אוחנה הורשעו ברצח - וואלה חדשות,וואלה חדשות,2009-11-01,https://news.google.com/rss/articles/CBMiTkFVX3lxTE9BQjJGcTB5b1NaZWxNTFZ4dHkwVXB4anRGMTU2MEExVDltMzQtNGs5UnNoUzFwN2hvWUNPbTJaSVdIdjFQdWpXWFFMRWkxQQ?oc=5,included,auto-included: matched case/legal context terms: רצח; הורשע
32434e01bf1a8b4ca0616b48,HUGGINGFACE-d4707499513c,appeal_stage_pre_decision_media,2006-10-15,2010-07-28,"""ירון סנקר""",חדשות - בארץ nrg - ...המאבק בארגוני הפשע: האחים אוחנה - מקור ראשון,מקור ראשון,2009-11-01,https://news.google.com/rss/articles/CBMibEFVX3lxTE1tV1AyNVotY0Z4YmdPc01zSWd0N3lIY0hOV3FaWFZsTDNoX29YTEZiLVhyeXhGeFZmcHhKbGlaaDJ6WXdpdXpMcnQ0OUhmUWE5b0dFcHpibUdiYmRCQ3VlQXBwYXl3MVNJQmNYQw?oc=5,included,manual pending review 2026-05-26: include; article on ???? ????? murder proceeding discusses ???? ???? and the same murder scheme/case context.
5933badb10dcf6882124239b,HUGGINGFACE-d4707499513c,appeal_stage_pre_decision_media,2006-10-15,2010-07-28,"""ירון סנקר""",חדשות - בארץ nrg - הרשעת האחים אוחנה: ביקורת על המשטרה - מקור ראשון,מקור ראשון,2009-11-01,https://news.google.com/rss/articles/CBMibEFVX3lxTE5zSWpOVXdDOWNoZEc4T0JDVHlQOFJzZzdXcjl3SUk4ZmFMVnpXUmQydVdxcEdwUkxUTnpibGxIOFN5XzVxZG9NSkV2cDI5YVBhcFlJRkpWdFgyUjNvLUkwRGN5R21BWC1BQ3RJcw?oc=5,included,manual pending review 2026-05-26: include; article on conviction of ???? ????? discusses ???? ???? credibility and the same murder proceeding.
186be4677e2de1a4b67dfb09,HUGGINGFACE-d4707499513c,appeal_stage_pre_decision_media,2006-10-15,2010-07-28,"""ירון סנקר""",חדשות - בארץ nrg - המדינה ביקשה: מאסר עולם לאחים אוחנה - מקור ראשון,מקור ראשון,2009-11-16,https://news.google.com/rss/articles/CBMibEFVX3lxTE1NcmU3MmxqVEh0d1VrbUVJSUdnWHlqNlVRX09BbkhCTGhFNUs0WXk2WGNuWnhhaElsclN1X3JqQjh4TFlrc1lMcjhMa3NraUJfeEhnemV5dm02YWtUblNodlh4UWlhd0tfT0xjVw?oc=5,included,auto-included: matched case/legal context terms: מאסר
06c78d28f9774395208deb3f,HUGGINGFACE-d4707499513c,appeal_stage_pre_decision_media,2006-10-15,2010-07-28,"""ירון סנקר""",מאסרי עולם לרפי ומשה אוחנה שהורשעו ברצח - ynet.co.il,ynet.co.il,2009-11-30,https://news.google.com/rss/articles/CBMiZ0FVX3lxTE9QZEVwUTh0MjJ0TXh1RjlVOXpUcTFCa3V5YnlLSkVsSjg5eG9zQkFVZW9hcS1zdzdpQUxrNHVqUmk2ejdhMURsc0JDc3NZUTRlY0Z4dmdDZW1zM1I1VU9hRWhBR0lSUU0?oc=5,included,auto-included: matched case/legal context terms: רצח; הורשע; מאסר
a25eaa7194cae0201a68fb1d,HUGGINGFACE-d4707499513c,appeal_stage_pre_decision_media,2006-10-15,2010-07-28,"""ירון סנקר""","ביהמ""ש גזר מאסרי עולם על האחים אוחנה - וואלה חדשות",וואלה חדשות,2009-11-30,https://news.google.com/rss/articles/CBMiTkFVX3lxTE1PQ3RhczlkME9aTURsMW9SN1JqTTZ5TU5pRVp2LWszTG5fUTNjcGlQNGxJM3JKWUZ0R2xpbDlpVTNhX0o4azV3VWp2Nnd5QQ?oc=5,included,auto-included: matched case/legal context terms: מאסר
47c328ff77a7f22e8e9cb724,HUGGINGFACE-d4707499513c,appeal_stage_pre_decision_media,2006-10-15,2010-07-28,"""ירון סנקר""","אמה של שקד שלחוב בערעור בעליון: ""הם מפלצות שרצחו לי את הבת"" - mako",mako,2010-02-03,https://news.google.com/rss/articles/CBMid0FVX3lxTFBhQWVkZFMtWEZ0Z0FTRzhVbjBNX1VQZE5fVV9JdHZoemNXeU5lcl9pbEZ5UWVlWkVPbXpYUlZHdzBXamd3Nl9zY3F6NF9nbFl1VlFzT1VBRWxnWV9KNS1faHRleVRSUVMzOF96MmhDX1JTS01zU1cw?oc=5,included,auto-included: matched case/legal context terms: ערעור; רצח
1c310c63fadf94b35874ade8,HUGGINGFACE-d58a7bbab08b,appeal_stage_pre_decision_media,2011-07-18,2012-10-27,"""אביב בן בסט""","צפו: שחזור דקירתו למוות של רועי ברינג ז""ל באולם החתונות - mako",mako,2012-02-28,https://news.google.com/rss/articles/CBMid0FVX3lxTFBVREM2R3dzNzdIbFVIMlZrbDFfQnpteENJZ0s4TmVvOVIwTzdHRlB6SU9SNE5vZU1OaUdkOTJzajFJYXROdHV4aVgzMDJwUFFzR1pDaWkwVFYzTEhwbkhzdlpkQ1RVaWhDUzRpOFVYQ1ZfM0JWcDFZ?oc=5,included,
fdf5bffa23906670f7398a0e,HUGGINGFACE-d58a7bbab08b,district_verdict_stage_media,2011-07-11,2011-08-17,"""אביב בן בסט""","15 שנות מאסר לדוקר רועי ברינג ז""ל - mako",mako,2011-07-18,https://news.google.com/rss/articles/CBMid0FVX3lxTFB4NEdFSmgyMnd4eUZ3dWVsQjFIWWZGcGt1QXA1S1lMSi1QVlFlcW5mM1BNdjZtUzJQUTlsX3NQWkFGOW1rNWdpWmNKWkNFd0tPdmtVMjg4TkJveVZUb2NtMmhILUk0YloxVV9EdWlUTVBXUlpEdXFr?oc=5,included,
71720ad67454bcbaf77a207d,HUGGINGFACE-d58a7bbab08b,district_verdict_stage_media,2011-07-11,2011-08-17,"""אביב בן בסט""",15 שנות מאסר לצעיר שהרג בעל אולם אירועים - ynet.co.il,ynet.co.il,2011-07-18,https://news.google.com/rss/articles/CBMiZ0FVX3lxTE5GcnFFOVhacnJuU3dpUmJhUEo5S2g4d2EtaFJNQ2lZc2laMUNsZEZ0azhyZWNWbzEyMllHTjI4R0lVeWVLTDAyRTZUWHVBUVpQU0stRW5oSFQySEl5SmQ0dWlSeVh6c3c?oc=5,included,
3c71ac837b4199f1289a17e3,HUGGINGFACE-d58a7bbab08b,district_verdict_stage_media,2011-07-11,2011-08-17,"""אביב בן בסט""","15 שנות מאסר לדוקר בעל אולם השמחות בפ""ת - וואלה חדשות",וואלה חדשות,2011-07-18,https://news.google.com/rss/articles/CBMiTkFVX3lxTFBKY2pxSm5DbmdhWlJEWXFvVF9vUzZGRkNHM2JEbHZnMlpUV0JES2pWT045dGNnVVZ2N1RfdmF2ejBQek9qdG15bkhER2F6dw?oc=5,included,
4d86251177d6eff2aab5068d,HUGGINGFACE-d58a7bbab08b,district_verdict_stage_media,2011-07-11,2011-08-17,"""אביב בן בסט""",צעיר שהרג בדקירות בעל אולם אירועים בפתח תקווה נידון ל-15 שנות מאסר - רשת 13,רשת 13,2011-07-18,https://news.google.com/rss/articles/CBMiYEFVX3lxTE53LVdyUXpDY0tFN19qUXNJVklNRDFLTEVFRWY2enZIb21TeXpCYmIxcnV1WmxQb2VEZFdFR1FoMnVvTmxmLXMtbmJRT0s3M285R0l6dHBIQUpMeWpDdHdmNQ?oc=5,included,
536f049eb4668eef94f08c0b,HUGGINGFACE-d81503c9404e,appeal_stage_pre_decision_media,2010-07-21,2013-10-01,"""עדוואן פרחאן""","העליון זיכה את פרחאן מרצח סימחוב, אבל לא מרצח דנה בנט וסילביה מולרובה - הארץ",הארץ,2013-10-02,https://news.google.com/rss/articles/CBMimAFBVV95cUxQSHlINmluMDdfNkJxTjNPcFpjSFk0WGJ3Ny1KRnBfRVlBb09lOXJ0cWM5MS1jMlBBZEhyWk5NWWpHR2k1SFFrQld6QWVDMXRzWllGRmYtWngyT0prTmFvOW9rRlZ4MWt1WDlMSWhuMGt6WmlFOFVCTU00QjZQSThxQ28zbmYtb00tbUlMSDVSZHBkNE5oanVZNA?oc=5,excluded_after_window,
78a49a2466c0b60f9eb60c92,HUGGINGFACE-d81503c9404e,appeal_stage_pre_decision_media,2010-07-21,2013-10-01,"""עדוואן פרחאן""",רוצח דנה בנט זוכה מרצח אסיר - היום,היום,2013-10-02,https://news.google.com/rss/articles/CBMiV0FVX3lxTE5sV3dvaHRIVGhWS1NDMU5qV0dzbENzcjBqc1hZS3pBZzU1bk9mRlZ5d3oxZjFlUGZza0ZCUm82WDVCNE16T1g4Umx3N2JQTXE3Q24wUm5SRdIBX0FVX3lxTE4xNXJFNWFvc1FzOHVhZ2Q3eTI4a1ZzWmlqTXFNQVNQWE5ScmZPY3dHX0pDRzItNDd5NTh0Z05mY3pqMVIzdnNHZzZOS0Y1STdBSm1qa2lPWXlSNVpnVjVB?oc=5,excluded_after_window,
e8b77c2cafd4521d21f82e97,HUGGINGFACE-da61f822abad,appeal_stage_pre_decision_media,2011-06-23,2012-12-02,"""עדי בניטה""",העליון הקל בעונש אישה שרצחה את חברתה ההרה - ynet.co.il,ynet.co.il,2012-12-03,https://news.google.com/rss/articles/CBMiZ0FVX3lxTE1SeXNHZmtqZGM4bUVTLWpUeGlucU9ZampKNTlkMWRfUF81enVmYzhlaXBqRGxWZXNfT2NOeFp4VGlKUmhESHlrY0RoUDFCWU56UVBHR2NCekQycEd5U2NSRVd4V3NQck0?oc=5,excluded_after_window,
71f3ae6a85124f335e960e86,HUGGINGFACE-da61f822abad,district_verdict_stage_media,2011-06-16,2011-07-23,"""עדי בניטה""",20 שנות מאסר לעדי בניטה שרצחה את חברתה ההרה - וואלה חדשות,וואלה חדשות,2011-06-23,https://news.google.com/rss/articles/CBMiTkFVX3lxTE9IbDVtZlpuX0tGeEJKbzMzRFE1RGFaWjd6M1BFT19mbk43TUVMTWtwNnRwaGJPUmE3U3VFemZLWjF1b0ktNXhTclZGZUI3UQ?oc=5,included,
5a9568610bb8526f0734a052,HUGGINGFACE-da61f822abad,district_verdict_stage_media,2011-06-16,2011-07-23,"""עדי בניטה""",חדשות - בארץ nrg - 20 שנות מאסר לצעירה שרצחה את חברתה - מקור ראשון,מקור ראשון,2011-06-23,https://news.google.com/rss/articles/CBMibEFVX3lxTE5rRGh2WHppd0dCWUs1Szd3RHZRWE1RakpiUWtZZHBDVDYyN0hObHRfeHE2SzBsMXBGR2pTd0tPWHVDSm1TSTR0YU8zeTdnaWJwcHRLTnU4M1FqN1ZfNGNCOHNnVnRick9ld3FubA?oc=5,included,
6bcff47ede5235cb01ba20a5,HUGGINGFACE-dc5828365532,appeal_stage_pre_decision_media,2014-03-03,2014-03-09,"""משה כהן""",רגע בטבע: ארבה חוגג ופקק יאוריות - ynet.co.il,ynet.co.il,2013-03-25,https://news.google.com/rss/articles/CBMiZ0FVX3lxTE4wSXlsZC14WkZGelVORkhIVUFhcmo4eW5Xcml1aEh5cFRSam9hS0RPWHZZclBkOEs3Yzg4QWlnZ1RNRjA3VnJjbTN0bnpQeERsS3ZXUHlKOWJVbTBUTVdYd1ZIV254WGs?oc=5,excluded_after_window,manual media test 2 2026-05-26: excluded because published date is outside the stored media window
70d9a488eae20365ea5a2265,HUGGINGFACE-dc5828365532,appeal_stage_pre_decision_media,2014-03-03,2014-03-09,"""משה כהן""",הלב של בית זרע נדם - הארץ,הארץ,2013-04-14,https://news.google.com/rss/articles/CBMinAFBVV95cUxQWU4yV1FTZlFzdzZOdjNybTUxREJnRzF1eUZTY0lGTVdOc3piQkNFNW1DX2EtYzdDTjJVU0d1alJ1aDVwd1BlQkdSbkdwc2dtTUwwRHM2MzRGVDJUS05rVHlkYmhlV1lCcFR1Z2NxMk54ZUt2NkxrRWRDR3NneHVPVWRUTXpXcWkxVjVWZ2pWSEdCY0E4MnpDQV9FeUw?oc=5,excluded_after_window,manual media test 2 2026-05-26: excluded because published date is outside the stored media window
3f17811764b892e7ef3a478d,HUGGINGFACE-dc5828365532,appeal_stage_pre_decision_media,2014-03-03,2014-03-09,"""משה כהן""","""ההפרדה בסופרלנד לא חוקית, אבל היא לפחות מוצהרת"" - TheMarker",TheMarker,2013-06-08,https://news.google.com/rss/articles/CBMimwFBVV95cUxPNzEwY09FUlNSWjRINUFNR0pNQTkwWm4ybWk0bmRvajZyalR3TFprc0lnYmNub3A1SlhJdWU0TDZORkw3WmF2dVlIZTZQOHkxWGswOW82cUEyRmVSVW1KdTNIaHhoekdwc0plWWZndnZlTWhERmF6cnI1ano4Q1FPWWR6YVNMRHVpejM4WTZUamwwVjhLYW9VelhJSQ?oc=5,excluded_after_window,manual media test 2 2026-05-26: excluded because published date is outside the stored media window
a22badb237a5215edda88502,HUGGINGFACE-dc5828365532,appeal_stage_pre_decision_media,2014-03-03,2014-03-09,"""משה כהן""",רגע בטבע: דייט כפול עם ינשופים ושרקרקים - ynet.co.il,ynet.co.il,2013-06-20,https://news.google.com/rss/articles/CBMiZ0FVX3lxTE00emQ2ZWJNaXBvdFVXN0V2eHlGdXQ1NkwzLVJqWUxXS1ZKUmdQN1d6R3h5QVhJdkZ5VnpkVXVYeEN0TjVqUnBhby12LUExUWx3Q05zcElPcXdHZWFRRHQxU3p2SFp6Q00?oc=5,excluded_after_window,manual media test 2 2026-05-26: excluded because published date is outside the stored media window
de3bb3340099839e437ef04e,HUGGINGFACE-dc5828365532,appeal_stage_pre_decision_media,2014-03-03,2014-03-09,"""משה כהן""",רגע בטבע: שפירית צופה וסנונית רעבה - ynet.co.il,ynet.co.il,2013-08-05,https://news.google.com/rss/articles/CBMiZ0FVX3lxTE42cEdvZXhRS2Jhc3V0ZnJEdWRsbWh0OVFBR0Rvb3RYMUtHZDctRTgyTURaU1JyYzRIWHplWFc5VkVOSjI2N3hVcExPRnN0N2hHVHdrSkR4Q0ZFTnZfNmhRMGN4dTJNblU?oc=5,excluded_after_window,manual media test 2 2026-05-26: excluded because published date is outside the stored media window
2d481ea6a9869a6ce131b71d,HUGGINGFACE-dc5828365532,appeal_stage_pre_decision_media,2014-03-03,2014-03-09,"""משה כהן""",ילד הפלא החדש מפציע ב'אתה הראית' • להאזנה - בחדרי חרדים,בחדרי חרדים,2013-09-24,https://news.google.com/rss/articles/CBMiSkFVX3lxTE9mX2duN1U0M1h3dEhVN1FLampaV3FmSFAxMlh3V3V1MnpLUENfSTI3bG4ycENfNTJLMnpZUDlOalhPZU5pNnBSSE5n?oc=5,excluded_after_window,manual media test 2 2026-05-26: excluded because published date is outside the stored media window
e00e5099e8b60d2ff785f51f,HUGGINGFACE-dc5828365532,appeal_stage_pre_decision_media,2014-03-03,2014-03-09,"""משה כהן""",הוצתו אוטובוסים של תלמידים בלב השרון - ynet.co.il,ynet.co.il,2013-10-20,https://news.google.com/rss/articles/CBMiZ0FVX3lxTE1tY2x0RWZpRXpXMVQ4cFd0RlZoYU9ubnlfZEVGbDlldEVsX1NySjc5U1FsRmN6dDdiOEwyM2tIS2dTeW50Q0NYakUzM3B1Wkk2b2V0R04wUkVvUE1xOUZDVEdrZ0tuQk0?oc=5,excluded_after_window,manual media test 2 2026-05-26: excluded because published date is outside the stored media window
6a5c43cec4b2e50c7a66773c,HUGGINGFACE-dc5828365532,appeal_stage_pre_decision_media,2014-03-03,2014-03-09,"""משה כהן""","רצח בתל מונד: אישה נדקרה ע""י בן זוגה - ynet.co.il",ynet.co.il,2013-10-22,https://news.google.com/rss/articles/CBMiZ0FVX3lxTFBXbk9PMVdRS0M4SzQtdTZ1b0wycHRQTi0xb2xTWFJtajRTXzNPc00xek1WNklXQXVhcUZlWVVnZG9TSEpWM1c0TjJFOVlKVHoyeHY1ZTFVc0NYQlhZeE41TGNiTzByems?oc=5,excluded_after_window,manual media test 2 2026-05-26: excluded because published date is outside the stored media window
8a2c338035695b64cdf74b2c,HUGGINGFACE-dc5828365532,appeal_stage_pre_decision_media,2014-03-03,2014-03-09,"""משה כהן""",חדר בבית לצדיק ר’ דוד ומשה - הידברות,הידברות,2013-10-29,https://news.google.com/rss/articles/CBMiT0FVX3lxTE0xM3pXUWZ4SFgybmRiQ0FRU0ZfZjRkR3JRamhJVWlkZ3lHMnMzRmZOaFNHRmFGNDJuWUlVNm1QVlA3QmhES1NicHRJUzd6QjA?oc=5,excluded_after_window,manual media test 2 2026-05-26: excluded because published date is outside the stored media window
6f7497b439f009473e475bf9,HUGGINGFACE-dc5828365532,district_verdict_stage_media,2014-02-24,2014-04-02,"""משה כהן""","חשד: אחים המשרתים במג""ב גנבו אמל""ח - ynet.co.il",ynet.co.il,2014-03-10,https://news.google.com/rss/articles/CBMiZ0FVX3lxTE5IMmxteVVVQzB6TVNJY3ZteEY2Yk9YbGk2N0dvRElEVF9Ga1pBT09LZTJJY0JfLVF0dnpqUEI4U0ZDM05JbzNuUlZQWC00Qkk3ZnpKOE5aamhPcjNqd2dUVG0wTDBxUDQ?oc=5,excluded_after_window,
baefe43400d8f40433dc3f52,HUGGINGFACE-dc5828365532,district_verdict_stage_media,2014-02-24,2014-04-02,"""משה כהן""",החיים שאחרי האקזיט: נפלו עלי 20 מיליון דולר - מה עושים? - TheMarker,TheMarker,2014-03-25,https://news.google.com/rss/articles/CBMimwFBVV95cUxOU1VCYTVTZ2hkN1VDT2xMeVdCbzVYdndpbmdiUHp6Vi1fWmcwb0tmRDR0cUZ0clF1eFE2czVDR3d5WHNsSTNPZkZCWmh2SXZnc0ltS1JiQ1BhVW5HZW1rSmJGT0Q1d253M0tIbnRyTS16MHVTVXJQNzNZRHd2NTJDZEIxVTI4anFSdEtIdklBODgzOFZscDlHUHRSbw?oc=5,excluded_after_window,
d1a68536deae89d2d8f94cab,HUGGINGFACE-dc5828365532,district_verdict_stage_media,2014-02-24,2014-04-02,"""משה כהן""",יד שרה ללקוחות: החזירו ציוד שלא בשימוש - ערוץ 7,ערוץ 7,2014-03-25,https://news.google.com/rss/articles/CBMiSEFVX3lxTE9uMXRWYVI0V3FOaWJsNW9BdGpMQWlITS1HekdlM1E4Q3Q2Q1FCak4zT290MTZzOGJkZTl1a296R0oxbExqS2lwSQ?oc=5,excluded_after_window,
acfeb765e06efd62be359f52,HUGGINGFACE-df8306e252ab,district_verdict_stage_media,2011-02-09,2011-03-18,"""עזיז דוידוב""","19 שנות מאסר לרוצח היצאנית מת""א - mako",mako,2011-02-16,https://news.google.com/rss/articles/CBMid0FVX3lxTE92bm9LOUtMaWpFWTVDR2RJLUlEc3p4UUdDVHY3a1ViYndVTWZ1T1U4ZjF5S09ISUpQTkxnSTRRT3RJNDVlUG5IbUxfOGxoc3dCZ2YwbGw2UDNGQ0xmRDNmcTJnR283cTdDbEgyVUVpZjRrbjVEUVJj?oc=5,included,
21b636bb80c55036176a945c,HUGGINGFACE-df8306e252ab,district_verdict_stage_media,2011-02-09,2011-03-18,"""עזיז דוידוב""",הורשע בהריגת יצאנית - ונשלח ל-19 שנות מאסר - וואלה חדשות,וואלה חדשות,2011-02-16,https://news.google.com/rss/articles/CBMiTkFVX3lxTE5jRDVqVld5WmRoR3Z6RndQaXJEWURKU190ZUdqSXBKenhZcHRpTmJjN2xfTlIySkJwNDJPUzlOWE9KLURJNEZoOWZva2cwQQ?oc=5,included,
338188c5eb2b786c6c5f3def,HUGGINGFACE-e2771655dbdd,appeal_stage_pre_decision_media,2010-09-13,2015-12-22,"""רומן זדורוב""",סודות מהמכון לרפואה משפטית | עובדה - mako,mako,2014-12-29,https://news.google.com/rss/articles/CBMilAFBVV95cUxPQ1hIRTF6bTdNYVUxRWltTDBqWWRmR3RacmtLTVM4emtBYkQ2ZDVnMEROVlM0UTBSeTJ4UkpqWW5zdmNiWkQtWVhaMXdjRUJ2OTRKUDRmV056dFNMN01JNFFtaWIxaF9rZUNzRkVYZFREVUJGN054U2hTMXBjdmlmOHFzaEpKQmM3cVRVOGVTM3Zub1hm?oc=5,included,
6a300c09b3b50dc88f0e4627,HUGGINGFACE-e2771655dbdd,appeal_stage_pre_decision_media,2010-09-13,2015-12-22,"""רומן זדורוב""","דירוג שופטי העליון: יצחק עמית בראש, גרוניס ונאור בתחתית - הארץ",הארץ,2015-01-12,https://news.google.com/rss/articles/CBMipAFBVV95cUxPeWc0LXdqaEkyZlFFOWpUNVpDWFZmZlZYRV9ScGxMckpSWkpYa2NNeUdvdi14QzA0WFFpQWU4RUlLWXYxbVVHZ21fV2EtNXg4NU9LclhCLUw4azlidXJDQTJBWW9iR2RSN2VuV3RHR09FZ2ZsQjRQQjJLNWlZVEt0YnJGRjl6WEhMVGNwcnRyZ2haTW02cXRJZGs0MjVveFlpendTNA?oc=5,included,
0680129f548246d947f26b71,HUGGINGFACE-e2771655dbdd,appeal_stage_pre_decision_media,2010-09-13,2015-12-22,"""רומן זדורוב""",התובעת במשפט זדורוב תעמוד בראש צוות שיבחן את פרשיות נתניהו - גלובס,גלובס,2015-02-18,https://news.google.com/rss/articles/CBMiaEFVX3lxTE9sbmJBSjA4RzMtNmpxWkd2b2g4LXRyZWRtbjM3LWV6YndnMjRwbXhNbG1zUk5QZU1IdURsY3JwMmxUT2VCdnM2YWJKeXFsVHBxN3hCWXRrTW5TVjc2VVp1ckZ6QzZnX3NL?oc=5,included,
68596a63ac56ac9c3b57db93,HUGGINGFACE-e2771655dbdd,appeal_stage_pre_decision_media,2010-09-13,2015-12-22,"""רומן זדורוב""",שי ניצן: לא התכוונתי להורות לבטל מינוי רופאה שהעידה נגד המדינה בתיק זדורוב - הארץ,הארץ,2015-07-29,https://news.google.com/rss/articles/CBMimAFBVV95cUxPVVh4THdodExxR3pCUDhteW5xQTdLT2NjNTl5aGFkSmZvWFM0dTRuTUdlWGJsTXVEMmk3ci1MUEtBd3FtSmVUb2V3TDJjd2dzSlZYWXhvX3NnMjVrQnNSVUZPdjhoZHRGQWZOTGE1SVJ4TFZGMGZOMXFES0ZaTHFYNWQ4Z2xDYVB4ZWIzSGR6aVpLUEN5QTZLMQ?oc=5,included,
5f1ab9de202e76fc78beef05,HUGGINGFACE-e2771655dbdd,appeal_stage_pre_decision_media,2010-09-13,2015-12-22,"""רומן זדורוב""","אשתו של רומן זדורוב:""יש פה ילד שגדל בלי אבא, אני רוצה משפחה שלמה"" - mako",mako,2015-10-04,https://news.google.com/rss/articles/CBMifEFVX3lxTE4xZFY2REVQOGZtWS1Ba2lJLWVWVDF4Y0xFTmswVTRmeGR1T2FaLTBSNTA4a2toR0tTb2RZQmdSVmVpWi1Lay1IVXBOSVA4Wmhjcl82SUxBUk5lWkVDdWxVU3ZCY3lqN3FuT0NxalhzYVR5QV8zTXlPSXJyYVQ?oc=5,included,
69c038cc864c6fabf9ff5025,HUGGINGFACE-e2771655dbdd,appeal_stage_pre_decision_media,2010-09-13,2015-12-22,"""רומן זדורוב""",מבקרת הפרקליטות: ניסו לשנות עדות שעשויה להשפיע על פרשת זדורוב - משפט ופלילים - הארץ,הארץ,2015-11-26,https://news.google.com/rss/articles/CBMipAFBVV95cUxNaktobjR5RWRNMXNzS3YzRjFUVGZwLVBiZGVtZ1dEUEpMZTB1ZGJFbldscUQzWnJVcHR5WGZqYzlQUXlDRHhObE1PWmttS0VzSGlOZmc2VXJXckczay1LRXpMTXBiZ1RDU0NJLUg1a1FZOGlBbWdsZV9zVVNXallCQWU2d0dWaFZpV2VmcVJManB4bVJ0dWNESXVOZUNIQmJ0YW03aQ?oc=5,included,
e508228ead0f72c6d06a468e,HUGGINGFACE-e2771655dbdd,appeal_stage_pre_decision_media,2010-09-13,2015-12-22,"""רומן זדורוב""","פרקליט המדינה לווינשטיין: התערב בהתנהלות נציבת הביקורת, היא חורגת מסמכותה - הארץ",הארץ,2015-11-29,https://news.google.com/rss/articles/CBMipAFBVV95cUxPc09HajJlcEhreURKQ2pWSi1sNHdZMjZ1M2pqS2V3dlk3S1Qxa0VWcFMyZTAyb3U3THp4S1cxaHh1WWZXcm81TlFOVlZPaGZJVk82eDhzSW9fT2ZraW4zcC1RMG02Q0xHOXhfNlNCM1V3R1J6NWY4OXJDdXRyQ1Y0M0hZNWE4aVdEZU5IaVFreUdMSV9ZSV9iY1lWNE54TURoX2ZfUA?oc=5,included,
89648b4a62b329189e4530f4,HUGGINGFACE-e2771655dbdd,appeal_stage_pre_decision_media,2010-09-13,2015-12-22,"""רומן זדורוב""","הסיפור המוזר של ד""ר פורמן והביקורת על התביעה - המכון הישראלי לדמוקרטיה",המכון הישראלי לדמוקרטיה,2015-12-02,https://news.google.com/rss/articles/CBMiTEFVX3lxTFA5RXFzMlBEbFZJUmJHZFBFbzRfLUNobWJOWndUQmNCU0kwbThQV0VRNjdDZHpRMkhqUElDS09zWmpkb2hLUW16MU9WM2s?oc=5,included,
30a206ea4feebdaa4919d24e,HUGGINGFACE-e2771655dbdd,appeal_stage_pre_decision_media,2010-09-13,2015-12-22,"""רומן זדורוב""","היועמ""ש לנציבת הביקורת על הפרקליטות: הגיבי לטענות שחרגת מסמכותך - הארץ",הארץ,2015-12-06,https://news.google.com/rss/articles/CBMimAFBVV95cUxQa0pnNk5QNURkeU1zcU5NM21YbzhxNGR0NmJFVkUwR0tXM2xqRWhBbV9OY1BJZlZ4a3JScWtwNmppS3pEZldvUmNrY3dDdWR6VVJ6MHF3LXJBcGt1ZTNDdERrRV9jUEtFUjU4WFRDOFlXaGw5Sk1uamRUZDZPM2V5aG1TX2ZwSUp0VHdVZk5nTzNGRUlTcTBCdA?oc=5,included,
7924b8ad5b060fa8467e8fb9,HUGGINGFACE-e2771655dbdd,appeal_stage_pre_decision_media,2010-09-13,2015-12-22,"""רומן זדורוב""","""מכתב היועמ""ש מצביע שגרסטל חרגה לחלוטין מסמכותה"" - גלובס",גלובס,2015-12-13,https://news.google.com/rss/articles/CBMiaEFVX3lxTE50U2p6VE5yWmNsdnNZVm14UHpMUEpHVEJvckJCWkJOcGx3ZU1ZNktBdy1pMDZFckYxSVVTaU5yNGgxQy01NDlLWFNrb3RfQmMwZUlfNFl5NXRBVDBud0pzeXVrZkt4a05Z?oc=5,included,
c121c4f4cebbc751a66119d4,HUGGINGFACE-e2771655dbdd,appeal_stage_pre_decision_media,2010-09-13,2015-12-22,"""רומן זדורוב""",העליון יכריע: זדורוב רצח את תאיר ראדה? - mako,mako,2015-12-22,https://news.google.com/rss/articles/CBMiggFBVV95cUxNSWVDM3plSXI5dUJkOW1lbGY5LVZDSGY3TVNzMnBTT0o3bzJOaWd3N3ZFVjVPTjNERlFLeE9JdFV4TUExWHcwYUJObzVYSmtJaTlvTGdYRG9zYjlsTEYwTmhsc0J2bHBmRUtXLV85S1hNOFEyZ1Y0R1AyYWx2dnBSZ3R3?oc=5,included,
dc74b13783129be43f3ad538,HUGGINGFACE-e2771655dbdd,appeal_stage_pre_decision_media,2010-09-13,2015-12-22,"""רומן זדורוב""",הראיות שהרשיעו והאחת שעשויה לזכות: רומן זדורוב מגיע שוב לעליון - וואלה חדשות,וואלה חדשות,2015-12-22,https://news.google.com/rss/articles/CBMiTkFVX3lxTE1rbmM1V3RsWGZ5cGJCek5BalVVZm91d09ueldQLV85SkN5RFZIS3V3ZHNLSWVMVE9hWUh2bTJpcFNIbGE1QWh5STExelQyZw?oc=5,included,
7be2530a814a25eadb93394c,HUGGINGFACE-e2771655dbdd,appeal_stage_pre_decision_media,2010-09-13,2015-12-22,"""רומן זדורוב""",העליון הכריע: זדורוב רצח את תאיר ראדה - calcalist,calcalist,2015-12-23,https://news.google.com/rss/articles/CBMidkFVX3lxTE5vN1E4cjg2UV96OUJnZGotVnlCTFVtcmlOY1hxTzZBTVRadFlPb3lGV2w5blpiR21uVTdZLXFnLXpSMkQ3NlZSZE5HZGNBcS01RWJZTXd4Qm9ESVAyWmJMRGtkdkRiT1BjdWFXUmd6aXg0ZVltRFE?oc=5,excluded_after_window,
5ac87c06af8c1c3f0203a939,HUGGINGFACE-e2771655dbdd,appeal_stage_pre_decision_media,2010-09-13,2015-12-22,"""רומן זדורוב""","השופט שבחר לזכות את זדורוב: ""לא ניתן לקבוע חד משמעית שהוא אשם"" - mako",mako,2015-12-23,https://news.google.com/rss/articles/CBMiggFBVV95cUxOZ1Z6WXBSMEVZWVplbjB6NS0wR1pkalNoNnczaVNUd0NlODJoakxpRlpuNXNyOG93Mjk4MlprSGZQZnAyMG4tdWZSUEIxNzRkM1JxUXJ1cWxqTTkydlA1c2JicWxUYS02R0E0MWRycUlKaE83cUxvandDbU4wS3NBVU9B?oc=5,excluded_after_window,
dea9c9a281010fb8bf1cf4ae,HUGGINGFACE-e2771655dbdd,appeal_stage_pre_decision_media,2010-09-13,2015-12-22,"""רומן זדורוב""",העליון הכריע: זדורוב רצח את תאיר ראדה - ynet.co.il,ynet.co.il,2015-12-23,https://news.google.com/rss/articles/CBMiZ0FVX3lxTE1GYkNaZE1lM3lMMU85WmZzMnJqZGtPWTF0WDVsVVl2clNpYllzbUUzODJKV0tpVGM1SUxIUUdGT2h2Ykw5NmtnOFlVS29OcExOZ2puVVdQY3Y4OWdnODhmUWNERnpwbGc?oc=5,excluded_after_window,
4adfbea6d11f940a8763f253,HUGGINGFACE-e2771655dbdd,appeal_stage_pre_decision_media,2010-09-13,2015-12-22,"""רומן זדורוב""","ביהמ""ש העליון הרשיע את רומן זדורוב ברצח תאיר ראדה - גלובס",גלובס,2015-12-23,https://news.google.com/rss/articles/CBMiaEFVX3lxTFBFc1Vnalloc05vTE1icmh2eXd5aVEwNnhDeTZnaXV2SmdITjFfWXhOQnExc2RTMnI5Q2VTYU5keldrZ0czZ3BrME4ycl9KWk1yUXlkaHRmMlVnSzJGQy1QUnRKNkg4TW9J?oc=5,excluded_after_window,
e4c8c297849edf3bf5612b1d,HUGGINGFACE-e2771655dbdd,appeal_stage_pre_decision_media,2010-09-13,2015-12-22,"""רומן זדורוב""",ברוב של שניים מול אחד: העליון הכריע כי רומן זדורוב רצח את תאיר ראדה - הארץ,הארץ,2015-12-23,https://news.google.com/rss/articles/CBMimAFBVV95cUxNMk9yaGNGODBNUE9KSURMSmV1UFlSSjd3eFBHUmZXQ1BLc2dKMDNvMnlZQmgwWlEwT00tQl9BYk1pSUY3WnVNZkRNUmhPZVVzQ1pXREJzY05NMEJfR2pxdU1GblNTeXNpUUxPRHMwMkcyQnpPYlpBSDV6S1o5NGI5LS0yR2hycGowQWstdFdOd2pjVnY4cXJ6NA?oc=5,excluded_after_window,
2e7c7fbc126f4cbc8226683e,HUGGINGFACE-e2771655dbdd,appeal_stage_pre_decision_media,2010-09-13,2015-12-22,"""רומן זדורוב""","רצח תאיר ראדה עדיין מסעיר את קצרין, תשע שנים אחרי - הארץ",הארץ,2015-12-23,https://news.google.com/rss/articles/CBMimAFBVV95cUxQTVNHR1RPdVFZY0QxRHBVTDJfOWpYVjJDX0tzd2N3a3Z4UzR4RnhFVEtNcl9pbFB0LXF2RVJnWEM5NEtuV2xVcWtrNWlZNExDMGZqWmJSajJwbTI0WFBoZDBvMmNVUWwtREYzaGdhRUwyVVZ1QUl6cklCQnJ5ai1FeTRCWTFHTlNnXzR3Yk5Dc1VTWFBvLXVBbA?oc=5,excluded_after_window,
d227b8a5e08f5a88b4bbab39,HUGGINGFACE-e2771655dbdd,appeal_stage_pre_decision_media,2010-09-13,2015-12-22,"""רומן זדורוב""",רצח תאיר ראדה: אילו שאלות נותרו פתוחות בתיק רומן זדורוב? - הארץ,הארץ,2015-12-23,https://news.google.com/rss/articles/CBMiqAFBVV95cUxQYllXa1B5Qk1pX2tteFc5ZWRIOUgxcW4zUWgxSU93R19vZVM4S0VCWEd2YU9yYUZNenZuY2pNZG1KWnMxb0l2M0ktb2xUcFg1aFdJQnkweDE5SDg2Nkx3OHVmVzN1QkxHeEo3NWh4NXhPNlNGdTdQZ1hJd0t5WGVQUzRKOTJNeS0yeEkyd04xUk1pSUFoYU1YZFJFaF9YVkZ3M2ZxSkRJa0c?oc=5,excluded_after_window,
e48463b44d43e3871b76ea7b,HUGGINGFACE-e2771655dbdd,appeal_stage_pre_decision_media,2010-09-13,2015-12-22,"""רומן זדורוב""",בית המשפט העליון הרשיע את רומן זדורוב ברצח תאיר ראדה - מעריב,מעריב,2015-12-23,https://news.google.com/rss/articles/CBMiXEFVX3lxTE9ISWFQTzRQZEFVSHpJRHUtZHpRcFhNMjhpODJfekVVU2l0d3U3QmlTcXVYYThUMDNxd1pSNmpsVlNCZVlBcnRVekEyNUhLUFM3QnpmLVdKckxFeHFN?oc=5,excluded_after_window,
e5fc02a1a4536e6cc6db884f,HUGGINGFACE-e2771655dbdd,appeal_stage_pre_decision_media,2010-09-13,2015-12-22,"""רומן זדורוב""","השלים את מפעל חייו: הראיון האחרון של שמואל ראדה, שהלך לעולמו - מעריב",מעריב,2015-12-23,https://news.google.com/rss/articles/CBMiYEFVX3lxTE14Ymd0RkRKYm9KV1hySTFweG5QM1hDRGE3SElCczdKbEktYmsxdXo4RGdOelBFYlY4b0ZBdW15WWs2N3FKbjlkcC1KUmIxNHE5UERSNXdEVVNnV2JkQ016Nw?oc=5,excluded_after_window,
3eef9bb38f1c7643ffebc7fe,HUGGINGFACE-e2771655dbdd,appeal_stage_pre_decision_media,2010-09-13,2015-12-22,"""רומן זדורוב""",העליון קבע: זדורוב הורשע בשלישית ברצח תאיר ראדה - מקור ראשון,מקור ראשון,2015-12-23,https://news.google.com/rss/articles/CBMibEFVX3lxTE5hV3J6YzZCVTM2V0dLT3o3YUhQSkNpUXhINjFkRHh2NlhDdDAydG0yM2g2ck9vU0ZUX3Q4T09ZYUxKeThfaEJPb2FHaGFublEyd1B2RVNYZ05MQmlNRlFaX1F0R01OLXU2YjhGVA?oc=5,excluded_after_window,
024e6918c81045bd92f41159,HUGGINGFACE-e2771655dbdd,district_verdict_stage_media,2010-09-06,2010-10-13,"""רומן זדורוב""",גזר הדין של זדורוב: מאסר עולם - mako,mako,2010-09-14,https://news.google.com/rss/articles/CBMid0FVX3lxTE1BMjZZU19jZzdYRkFVT2lFM1FYbkNLTFRhOE5mdHY5N3BsLXVFZzkxVnpwczhDR0NVTlRvN3VqUjRxZ2prNHE2aGtka05fN3JUcHA1UUZuZC0wb0hIWTl1MU00Q1N4UkN1S1JCUXhYaVF4OWZjdUlz?oc=5,included,
eb464b2a195e6bad6cdf2426,HUGGINGFACE-e2771655dbdd,district_verdict_stage_media,2010-09-06,2010-10-13,"""רומן זדורוב""",4 שנים אחרי: הכרעה במשפט רצח תאיר ראדה - ynet.co.il,ynet.co.il,2010-09-14,https://news.google.com/rss/articles/CBMiZ0FVX3lxTE5tZV8xRmxVTVdkd1RSUlFaVUpwOFA2cnFQLUhxcy1KMy1KZnFGbGhyczMwRjAzTnJSMTZWcjVyWnFXeFlwb0FiQWR5Y1ktamVjNDhYWTZnOGJDRVBxd25IRVh1OXByRm8?oc=5,included,
cba5c6e574f581b07cf8fd7e,HUGGINGFACE-e2771655dbdd,district_verdict_stage_media,2010-09-06,2010-10-13,"""רומן זדורוב""",רומן זדורוב הורשע ברצח תאיר ראדה; ירצה מאסר עולם - גלובס,גלובס,2010-09-14,https://news.google.com/rss/articles/CBMiaEFVX3lxTE1oRHl0ZTFPQkNha2lKeENSUDBDOF9sOFBZVkNNNnFEa2xzTmd3d1JJd052aG9xYXBkYWFfMS1LekJQOVdLN1NDWkROaERsQlRucUstQ21yb3BPYjE1N2ZJOXNJSmcxQjhY?oc=5,included,
197c3f442ae783e8732dacd0,HUGGINGFACE-e2771655dbdd,district_verdict_stage_media,2010-09-06,2010-10-13,"""רומן זדורוב""",תיעוד: רומן זדורוב משחזר את רצח תאיר ראדה - וואלה חדשות,וואלה חדשות,2010-09-14,https://news.google.com/rss/articles/CBMiTkFVX3lxTE1VSFhrMUpUeUZUOEE4c0szbHBTcnd0RXlTeEh5Z25oTmN1bTNtLVlZMzRzT3FIUGJJUFBqZ09zWmFjQWJLUHQzYmt0UDdzdw?oc=5,included,
e021a73101b2ca597e845181,HUGGINGFACE-e2771655dbdd,district_verdict_stage_media,2010-09-06,2010-10-13,"""רומן זדורוב""",חדשות - בארץ nrg - היום יוכרע האם זדורוב רצח את תאיר ראדה - מקור ראשון,מקור ראשון,2010-09-14,https://news.google.com/rss/articles/CBMibEFVX3lxTE1uWk1RU0tvVEprTUg1RWhwU1I5QTlCa2U4TXFfdHJ6QVhrc1NncTN6N0M4NTJLeDNfNlpMOTB5S1BtVXdDQk9FQ3ppeWdFZ2dLQVExZmk2WnVzS1E5MU81TV80U0JNOXFrZVRLYw?oc=5,included,
06efae6485637a488e4a8733,HUGGINGFACE-e2771655dbdd,district_verdict_stage_media,2010-09-06,2010-10-13,"""רומן זדורוב""",גבר התייצב בבית משפחת ראדה: רצחתי את תאיר - וואלה חדשות,וואלה חדשות,2010-09-15,https://news.google.com/rss/articles/CBMiTkFVX3lxTE9KUzVOU0dNV3Bfbmw0V00zcXVSVnNUclN6bFJFb0draHNoWFRwV1NnWldQNTFyeVdzZVR2YWhtcFVNeGlEaGxVeHVHejEyUQ?oc=5,included,
30fc2f6960f7bd7ccad02d21,HUGGINGFACE-e43a24160e9c,appeal_stage_pre_decision_media,2013-01-29,2014-01-26,"""יניב מלכה""","הכבוד של מרציאנו, הסיוט שלהם - ynet.co.il",ynet.co.il,2013-08-03,https://news.google.com/rss/articles/CBMiZ0FVX3lxTE9lSEx3VVJKU0JnUTV6bmlqVWhTWWVKYUhrZzF2U2VlT1Y4U3o3SGNRSllsZ1VkLXh2ZEh3VDQ3ekhLRDNIQjZrdi1xbDhxOWhVdUVOcFlFT3BuWG14OUJ6TGlEVXlpbG8?oc=5,included,
24209820e85d71141dec6bde,HUGGINGFACE-e43a24160e9c,appeal_stage_pre_decision_media,2013-01-29,2014-01-26,"""יניב מלכה""",ישראלי שרצח דוגמנית בריטית צפוי להשתחרר - ynet.co.il,ynet.co.il,2014-01-27,https://news.google.com/rss/articles/CBMiZ0FVX3lxTE9UYzlub24tLTNITXdsN0cwU1o3d0VjbnZWZXFGOWpQUV9vbkhuM0h5aVBaclFud3JzRkZRaHU4SUxPcEg4V2lmRUhNSWprNTRzckdna0tzY3NnOF9zeWpJVGw0MjJxLWM?oc=5,excluded_after_window,
4df52ca77d71829c3a6c1927,HUGGINGFACE-ea3daca3af38,appeal_stage_pre_decision_media,2012-09-04,2016-12-10,"""אדם איטל""","ירצה 4 מאסרי עולם: נדחה ערעורו של אדם איטל, ""הרוצח הסדרתי מבאר שבע"" - מעריב",מעריב,2016-12-11,https://news.google.com/rss/articles/CBMiYEFVX3lxTE1zNHNQLW1pYllHYlprNHloX1psVXBjV0l2U2taZWhHLW9HUTd4MU1xRzlZOXdBdVlpRkVPeTd3dGNvTGNyMUhjMXQ2eldCcmJxR0NNbUQxaU9fSDNNQkxVMA?oc=5,excluded_after_window,
4276afb2a1f2ba67a5e075f2,HUGGINGFACE-ea3daca3af38,district_verdict_stage_media,2012-08-28,2012-10-04,"""אדם איטל""",הרצח הכפול בבאר-שבע: אדם איטל נשלח לעוד שני מאסרי עולם - mako,mako,2012-09-04,https://news.google.com/rss/articles/CBMid0FVX3lxTE9sbm1NTEpQZzhWMUhSamMxQ1NTbllzUm1TeFZzbThyTFFDQ3pfMGxwRVotZXZBbDUwRHROQzF4SlZyNmRabWlic0gzMEE2S3h5Z2dUYVFCc3JsLXl6RGtScmFNbWRveWUzUGV5MXQ2T29pUWc2NjZn?oc=5,included,
7c6199dcf3caaaaa1f9a52c0,HUGGINGFACE-ea3daca3af38,district_verdict_stage_media,2012-08-28,2012-10-04,"""אדם איטל""",שוב: הרוצח אדם איטל נידון לשני מאסרי עולם - וואלה חדשות,וואלה חדשות,2012-09-04,https://news.google.com/rss/articles/CBMiTkFVX3lxTE1jUlVad25adkF3dHUxWGpkRXMySFlDVGpCUjBHRGEzd3ctUXE2cU1SZzhfTW95RU9STkM2a0VDaWtMeUxYZTdXNnhQa0RrUQ?oc=5,included,
1e68f0fcd40f3c9f689229dc,HUGGINGFACE-eb11a99ff93f,district_verdict_stage_media,2017-09-11,2017-10-18,"""אברהם ילמה""","מזעזע: אנס את שכנתו, ניסר את גופתה ונתן לכלב לאכול - - באר שבע נט",באר שבע נט,2017-09-19,https://news.google.com/rss/articles/CBMidEFVX3lxTE9jaWRSdGpOQzFVZzdSUnQtV0VDYWd3cU1xSXhzZTB2NTBDalVZVy01ejB2bG9CR2lkaTVlcUdNckEzMU5aNGQ1SWxNdFNON3RyRUx1SGw2cTc0bXNVb0pRYW1pRG02NjV3WGpLOHk1UDNwcl94?oc=5,included,
51fedcd060877ee05bb34aec,HUGGINGFACE-f13d7a450f3b,district_verdict_stage_media,2013-03-28,2013-05-04,"""גילברט פדידה""",מאסר עולם לגבר שרצח את גרושתו - mako,mako,2013-04-04,https://news.google.com/rss/articles/CBMid0FVX3lxTE0tS2tXbEVaeDU2SjZCRFB2dm5zcFk3bWZSYUJqajdoRWVhZlZ2SE1VMFM4S1JQaGtpeVpDdDZydFR1a25QSHdhdXpMSTA1M3E1TDhNanZBMDZZX3hBSzRzOGQ3U2ZlclRTZVhFUjBaakJycndVQnc4?oc=5,included,
90d341572116b2fbd7d51134,HUGGINGFACE-f17cb61d7dc3,district_verdict_stage_media,2010-02-24,2010-04-02,"""דרור דיין""",הורשע ברצח שני אחים; אם הנרצחים: 'אחסל אותך' - ynet.co.il,ynet.co.il,2010-03-03,https://news.google.com/rss/articles/CBMiZ0FVX3lxTFB2Wnd2ZzJHUHYtQnVQUXY5SG5Ic3dsek5rc3VlTC1ibFowOUZkTWpfVWJaNnNSRTVBMFZkc0pLaGRFS2RLREhhbTJIWGVvT3RlYVVRS05qZG53RkdFVXEyTGlKZWNEVHc?oc=5,included,
14cfd9121d75dd52a8f3b02d,HUGGINGFACE-f2789609abe6,appeal_stage_pre_decision_media,2011-09-18,2013-06-29,"""שלומי מזרחי""",קמפיין בפייסבוק: סלבס מתגייסים למען ילדים אוטיסטים - mako,mako,2012-12-18,https://news.google.com/rss/articles/CBMihwFBVV95cUxPSDZvODY3WTZZWV9KWENCd0stYXljb2FNdjlIWDR1Wmd6OGV3ZzZ6TGxjMzVoYU8yVGoyMGdsLTBHNmNITzRQNjlQenZXWHZTZ2tTQkNibDJ4M3BxM2hZa2g5VkpWRlFSUjZuVjZhQXZuYXFadFFiTm9lOTdNNkpLNnBLWWx1clE?oc=5,included,
35680427ebf4c460988f042a,HUGGINGFACE-f2789609abe6,appeal_stage_pre_decision_media,2011-09-18,2013-06-29,"""שלומי מזרחי""",השיחה: יונית לוי עדת מפתח - גלובס,גלובס,2012-12-18,https://news.google.com/rss/articles/CBMiaEFVX3lxTFBHLUEzQkdXc0dHLTVXVzJJYWFfSTdEU0JXR1VJWUdUNVRaZkZVdF80WS03YXFpZHhfUmt1VFZiWUFady15UEJSbDJnMjJ4TklBVlZwNGllMU1FeGFZY1BTUTlLaTU5N3F2?oc=5,included,
3380a73a6b5ce028cf81e543,HUGGINGFACE-f2789609abe6,district_verdict_stage_media,2011-09-11,2011-10-18,"""שלומי מזרחי""",האישום שונה מרצח להריגה - הדוקר נשלח ל-15 שנה - וואלה חדשות,וואלה חדשות,2011-09-18,https://news.google.com/rss/articles/CBMiTkFVX3lxTE5YSEFpdHBCV2t2NERaS1hmZ285U3ZzSEtzV1BlTWlydk10N0d3anQyU3ZnWGFWdnNaUk5NdzgwdjdzYVRCMEJSdmFOT1J2QQ?oc=5,included,
901c7c858706689aa9063cb1,HUGGINGFACE-f2789609abe6,district_verdict_stage_media,2011-09-11,2011-10-18,"""שלומי מזרחי""","""הלך לי בן או צעצוע?"" הורי הנרצח נגד מערכת המשפט - מקור ראשון",מקור ראשון,2011-10-17,https://news.google.com/rss/articles/CBMibkFVX3lxTE9QNXBieDgxeF9URWVZWmhHWWMyUldrb3gwUGtpTlJpYllObW1VM0hTLXNhOHdWaUcya0p1ak96TVpEYTdIdVRRZlVWUWN1dGVrUmoyV0FGemJ3ZXRUVTVVWEdxSXMtaEhrZmlNal9n?oc=5,included,
2731f93c976499e0713fd373,HUGGINGFACE-f666f63ae4db,appeal_stage_pre_decision_media,2017-09-19,2018-08-10,"""שירי סובול""",20 שנות מאסר לרוצח הילי סובול - mako,mako,2017-09-18,https://news.google.com/rss/articles/CBMiggFBVV95cUxPSGdwdk0xUmhjbWZSbG01RVZtZW5laU85dWxfVGZjVHcxVkRNNWYzeE5LVEJPaU5fMmRFZUI5c3pKNmN6ZG4xSHlYVVdhZXNiQTRSRXFzR2xOYnFqcWlodWNzeVMySUxWZGhmbDZUR09lXzFGT2p4ck13UHZFaFNzTzh3?oc=5,excluded_after_window,manual media test 2 2026-05-26: excluded because published date is outside the stored media window
a45863485cf276e6663106d3,HUGGINGFACE-f666f63ae4db,appeal_stage_pre_decision_media,2017-09-19,2018-08-10,"""שירי סובול""",משפט ופלילים / רצח הילי סובול: 6 שנות מאסר נגזרו על אחותה התאומה ו-20 שנות מאסר על דוד ערן - davar1.co.il,davar1.co.il,2017-09-19,https://news.google.com/rss/articles/CBMiRkFVX3lxTE54RE5JYW5wLVd0RHpITE45ajVVMS0xRENRYkxVQk16dzJtOEYzV0NBa3FTS0h0S2E5WXIwSmtUbldFQkwza0E?oc=5,included,
7a311144a88ed1552cc56fdd,HUGGINGFACE-f666f63ae4db,appeal_stage_pre_decision_media,2017-09-19,2018-08-10,"""שירי סובול""","רצח הילי סובול: 6 שנות מאסר לאחותה התאומה שירי, 20 שנות מאסר לדוד ערן - ynet.co.il",ynet.co.il,2017-09-19,https://news.google.com/rss/articles/CBMiZ0FVX3lxTE5FUHlES1NsZkpSYnhQWndwMFVMSjJIa3hqcW5nMTlYRWVSLWxjc1JKRkZPUU5vYzhrazQ5OERySEFBelVPYmFBUEl2QlZuc0pzTThTR0gtWjVCTUlNSzVuTUZweEk2eTA?oc=5,included,
9d903f6edd21f05a279fe3d9,HUGGINGFACE-f666f63ae4db,appeal_stage_pre_decision_media,2017-09-19,2018-08-10,"""שירי סובול""",רצח הילי סובול: שש שנות מאסר נגזרו על אחותה התאומה שהורשעה בשידול לחבלה - הארץ,הארץ,2017-09-19,https://news.google.com/rss/articles/CBMimAFBVV95cUxQbWZNczNkVWk0cXdMdi1Xa1o5dy1WWnBtTmhtUWh4WU9aaFV2REFURTJ5Z01pUkdpaTNGbGh5Vko4SUNVQlBxMER1dUxYbVVULTM2ellLeUhhM1VndXZweTFCamRUSUZDdzA4QXhOQkpWa2xuS1hpWHhnaTBxRE5iLUlwbmVoNzdUeExOQ2gwU04ybGluZ09QTQ?oc=5,included,
494bb0d2aeaef1651b15eea6,HUGGINGFACE-f666f63ae4db,appeal_stage_pre_decision_media,2017-09-19,2018-08-10,"""שירי סובול""","רצח הילי סובול: שש שנות מאסר לאחות התאומה שירי, 20 לדוד ערן - מעריב",מעריב,2017-09-19,https://news.google.com/rss/articles/CBMiXEFVX3lxTE13UFNiUk54cUphT0lUdnpsZGRSbjAyUXhoMkZHaEdYa3E3NEVTTzFWNkpfRGo4V3pVVXFnM19sYW41TndIdG5KaEIxQ1pTdFlEYUlDemdwOW56RGhJ?oc=5,included,
547eb55b9b584666964f01a7,HUGGINGFACE-f666f63ae4db,appeal_stage_pre_decision_media,2017-09-19,2018-08-10,"""שירי סובול""",פשע אמיתי: סיפורי הרצח הכי מזעזעים שביצעו בני נוער - טיים אאוט,טיים אאוט,2018-05-29,https://news.google.com/rss/articles/CBMihAFBVV95cUxQUEVoYWljNGRvN0czUE02RkpCLUF3MHdNR0pnY2ppajhhRmZXbHptZlZsOFlJdkJzQWVESkJCUEw2LXYyQVpCNmxPVUtzdFAyRi1sTVZoSEJxWEIwLTQ3azg4WFpRT3Z5MGc1aFloMnF3UGp4MW5vTTRzaDh5UmRxeWhzMXU?oc=5,included,
a13100100cdeda5905aed263,HUGGINGFACE-f666f63ae4db,appeal_stage_pre_decision_media,2017-09-19,2018-08-10,"""שירי סובול""",(הכותרת הוסתרה: הכתבה אינה עוסקת בתיק),ice (אייס),2018-07-26,,excluded_wrong_case,הוחרג בבדיקה ידנית: הכתבה אינה עוסקת בתיק (אדם אחר בעל אותו שם או עניין אחר)
b1a9d62242ede6e0d5009bfe,HUGGINGFACE-f666f63ae4db,district_verdict_stage_media,2017-09-12,2017-10-19,"""שירי סובול""",20 שנות מאסר לרוצח הילי סובול - mako,mako,2017-09-18,https://news.google.com/rss/articles/CBMiggFBVV95cUxPSGdwdk0xUmhjbWZSbG01RVZtZW5laU85dWxfVGZjVHcxVkRNNWYzeE5LVEJPaU5fMmRFZUI5c3pKNmN6ZG4xSHlYVVdhZXNiQTRSRXFzR2xOYnFqcWlodWNzeVMySUxWZGhmbDZUR09lXzFGT2p4ck13UHZFaFNzTzh3?oc=5,included,
9cc0cf47f0fd7274e0059af3,HUGGINGFACE-f666f63ae4db,district_verdict_stage_media,2017-09-12,2017-10-19,"""שירי סובול""",משפט ופלילים / רצח הילי סובול: 6 שנות מאסר נגזרו על אחותה התאומה ו-20 שנות מאסר על דוד ערן - davar1.co.il,davar1.co.il,2017-09-19,https://news.google.com/rss/articles/CBMiRkFVX3lxTE54RE5JYW5wLVd0RHpITE45ajVVMS0xRENRYkxVQk16dzJtOEYzV0NBa3FTS0h0S2E5WXIwSmtUbldFQkwza0E?oc=5,included,
29ac81a79acf65b0aca4d78f,HUGGINGFACE-f666f63ae4db,district_verdict_stage_media,2017-09-12,2017-10-19,"""שירי סובול""","רצח הילי סובול: 6 שנות מאסר לאחותה התאומה שירי, 20 שנות מאסר לדוד ערן - ynet.co.il",ynet.co.il,2017-09-19,https://news.google.com/rss/articles/CBMiZ0FVX3lxTE5FUHlES1NsZkpSYnhQWndwMFVMSjJIa3hqcW5nMTlYRWVSLWxjc1JKRkZPUU5vYzhrazQ5OERySEFBelVPYmFBUEl2QlZuc0pzTThTR0gtWjVCTUlNSzVuTUZweEk2eTA?oc=5,included,
511a920bf1f6a7a3a60fb0b4,HUGGINGFACE-f666f63ae4db,district_verdict_stage_media,2017-09-12,2017-10-19,"""שירי סובול""",רצח הילי סובול: שש שנות מאסר נגזרו על אחותה התאומה שהורשעה בשידול לחבלה - הארץ,הארץ,2017-09-19,https://news.google.com/rss/articles/CBMimAFBVV95cUxQbWZNczNkVWk0cXdMdi1Xa1o5dy1WWnBtTmhtUWh4WU9aaFV2REFURTJ5Z01pUkdpaTNGbGh5Vko4SUNVQlBxMER1dUxYbVVULTM2ellLeUhhM1VndXZweTFCamRUSUZDdzA4QXhOQkpWa2xuS1hpWHhnaTBxRE5iLUlwbmVoNzdUeExOQ2gwU04ybGluZ09QTQ?oc=5,included,
9764714bc41403b67dfe9fa8,HUGGINGFACE-f666f63ae4db,district_verdict_stage_media,2017-09-12,2017-10-19,"""שירי סובול""","רצח הילי סובול: שש שנות מאסר לאחות התאומה שירי, 20 לדוד ערן - מעריב",מעריב,2017-09-19,https://news.google.com/rss/articles/CBMiXEFVX3lxTE13UFNiUk54cUphT0lUdnpsZGRSbjAyUXhoMkZHaEdYa3E3NEVTTzFWNkpfRGo4V3pVVXFnM19sYW41TndIdG5KaEIxQ1pTdFlEYUlDemdwOW56RGhJ?oc=5,included,
c5114adf694c9499efff24dc,HUGGINGFACE-f71ee8953507,district_verdict_stage_media,2012-01-22,2012-02-28,"""שגיא גמליאל""","פגע וברח ליד יקנעם: חיילת נהרגה, הדורס נמלט - וואלה חדשות",וואלה חדשות,2012-02-10,https://news.google.com/rss/articles/CBMiTkFVX3lxTE00SlFhMXQ1QkQ0RElYUUN5enY4ei1oSnh1RXlXbHhTemptMy1vOHBqaDVXRE11R2M0bWRsZm5uSnB5dkdTZi14QzFOZllRUQ?oc=5,included,
da337c2346a2ba237c85539b,HUGGINGFACE-f87a0d3e1c72,district_verdict_stage_media,2014-12-22,2015-01-28,"""אבנר טווק""","18 שנות מאסר נגזרו על בן הזוג שהרג את נאוה חן ז""ל - mako",mako,2014-12-29,https://news.google.com/rss/articles/CBMiggFBVV95cUxObGRnN3JscWh5QWxiZ0xmb0s1QnRxdUt6MkZsODZBZjVyek5LUS15eFVrOGl4MGw5dnoxUUt3bGVKNi11OHZvSllsNmd2TWNmMnMtNGpIVFZZcW8wbEEzTXlhQ1U4N2xydGkxcjlwSjZCRllPb0tXZEY1dW1RSHFHMUtB?oc=5,included,
3e9b7b8b68cab1f0b41a9db9,HUGGINGFACE-f87a0d3e1c72,district_verdict_stage_media,2014-12-22,2015-01-28,"""אבנר טווק""","בית המשפט גזר על 18 שנות מאסר על אבנר טווק בוקובזה שהרג את בת זוגו נאווה חן ז""ל - מעריב",מעריב,2014-12-29,https://news.google.com/rss/articles/CBMiYEFVX3lxTFA1S2U1aDhFQm95SHByT2x0b0R2U0dBQXNVYnBMVFNlNzRqMUJCVHJxU2dHMzVtbDFPR0k2b2dVeVJNcHprUUpmdmc4d0U2ZjJWY1FTcERNSzE3VjRKeFJqdg?oc=5,included,
3d550599c83dced995d26db4,HUGGINGFACE-f95607aa864f,appeal_stage_pre_decision_media,2014-03-09,2015-10-06,"""עדן אוחיון""",אחרי המהומה בגזר הדין: אלמנתו של גדי ויכמן תגיע לערעור עם אבטחה - mako,mako,2015-06-03,https://news.google.com/rss/articles/CBMiggFBVV95cUxQMTNmaF9HS3R1SWdHWmhQM3h0NlFuMnJ6TlZRdHNzS045VFVzTWJMd1RsTlVya0docjJCQ29tSFAzVkFOc0dHTmhNZWxhdy1IVHFVa3EyUFpzTWVSVDdnMTlpLXgwZEVfUnkxSWlTM0ExdkozejZOXzlqMTNOMGRzRFZn?oc=5,included,
6f027c5047b31426f4d35be7,HUGGINGFACE-f95607aa864f,appeal_stage_pre_decision_media,2014-03-09,2015-10-06,"""עדן אוחיון""","אמו של הרוצח לאלמנה: ""אל תפחדי מאיתנו, לא נפגע בך"" - mako",mako,2015-06-05,https://news.google.com/rss/articles/CBMihgFBVV95cUxQTjRNU04yQTdydjEyTkxScmYzYWdBSUNuNUp6OXhZbm94R3dfbS04Nk5EZV9Sb0FFVVdBVDVfdUp5STBMYWNoQ2Z2QU1nRDRSclRUWVdUeWZadExva0ZVR3hoQXZ5N2V5R0c1U2tGRk5JaVJQMDJTSGE4M0dwc0pGai1KTHNuQQ?oc=5,included,
7612c1eaaaf3d7d4f6d52435,HUGGINGFACE-f95607aa864f,district_verdict_stage_media,2014-03-02,2014-04-08,"""עדן אוחיון""","דוקר גדי ויכמן נשלח למאסר עולם, מהומה פרצה בבית המשפט - mako",mako,2014-03-09,https://news.google.com/rss/articles/CBMid0FVX3lxTE5DOWl1UjV6cFlZb2NqNG1ZQnZxVGZiZVhtVm1NLWNtM3BPT0JwS0ZibVBVMDhrWVh5cWNQYWdXMHFZUC1vQTViZjBRdWZxNEdOYVQ4Vi1KSlZiYkF3Q1R4eVNDQl81X1NQaTI3azlJZGd2WGxUOUJr?oc=5,included,
67e658f87b96e79e683b2a5a,HUGGINGFACE-f95607aa864f,district_verdict_stage_media,2014-03-02,2014-04-08,"""עדן אוחיון""",תיעוד: אחרי ההרשעה ברצח - מכות בבית המשפט - mako,mako,2014-03-09,https://news.google.com/rss/articles/CBMid0FVX3lxTE04dmtIYVJVQ01xdXdCZV9GUndHYlFfQS10dWdMNXBmdjY1QTRIaEhoWk1pZTJobjZIVjNXRURmRk9XYWFfYUJNOEliVl9MRWEtQ0VuMTJiR2J0ZEpsOXVnM3pGc2xxOEhYaVdOdGZpZjBtU3Q0TnJz?oc=5,included,
20be4ae12e425b6fb224264f,HUGGINGFACE-f95607aa864f,district_verdict_stage_media,2014-03-02,2014-04-08,"""עדן אוחיון""","דוקר ויכמן הורשע ברצח, מהומה בביהמ""ש - ynet.co.il",ynet.co.il,2014-03-09,https://news.google.com/rss/articles/CBMiZ0FVX3lxTE54RUttYzQ1SDl3WVRSMDhkQnM2dWRLVzQ4TzJRSk93SFNrUEpBZzNoeW1UV1ZkeGRleWZ2OE5XRW81Njg0aXlPUFE2SmdKeERjbWpjZ2FueHFrUWh1bkVhX3hYUkE0b28?oc=5,included,
aa1e257ba6183b876c300a06,HUGGINGFACE-f95607aa864f,district_verdict_stage_media,2014-03-02,2014-04-08,"""עדן אוחיון""","הרשעת אוחיון ברצח: ""הלחץ הציבורי השפיע"" - ynet.co.il",ynet.co.il,2014-03-09,https://news.google.com/rss/articles/CBMiZ0FVX3lxTFBtc0FYbXJaN0RHak5EOGh0bnVpcC13eXhZNmQ4RzRTNGtPalZmQlJEZ3Q4bUN0NTU3NEl1VjVMdWhpTzdSS01GUWZ3UGgzVVJMNXIyOUNGc3lXWUtFNk5BNllBWnB1U2M?oc=5,included,
a88037588894e8ceed113d50,HUGGINGFACE-f95607aa864f,district_verdict_stage_media,2014-03-02,2014-04-08,"""עדן אוחיון""","מכות בביהמ""ש: נעצרו אחיו של רוצח גדי ויכמן - ynet.co.il",ynet.co.il,2014-03-09,https://news.google.com/rss/articles/CBMiZ0FVX3lxTE1Ld2FQOG1RT3BaTGFlRFRicXhWVjVQQ0kxVmhrd3ZBT1VMTEU0dUJxd2QtNDEzeXBoU0c4RlZNVGo0cWlvNlRkMDRPajBScGx1eEFxUVZ3MzRuQ3hzQjU2TzU5S3BnRUU?oc=5,included,
dbd1a5b1e37fcb62143fb8c6,HUGGINGFACE-f95607aa864f,district_verdict_stage_media,2014-03-02,2014-04-08,"""עדן אוחיון""",מאסר עולם לעדן אוחיון שהורשע ברצח גדי ויכמן - גלובס,גלובס,2014-03-09,https://news.google.com/rss/articles/CBMiaEFVX3lxTE1wUmM2VEFTUWRndGZIV0ZaVk9nRTY1NkctX3RDcnJLWGJSOWtLbFJxOXlVVDRvNVRtRDNuM1pHVkROcmRiTmNTeGhrazRGRlBaN2szWWJ0ZUFnX3JvZEFqeDA4LWVjZUti?oc=5,included,
793d888529133450bf375e34,HUGGINGFACE-f95607aa864f,district_verdict_stage_media,2014-03-02,2014-04-08,"""עדן אוחיון""",עדן אוחיון הורשע ברצח גדי ויכמן בבאר שבע לפני כשנתיים; ירצה מאסר עולם - הארץ,הארץ,2014-03-09,https://news.google.com/rss/articles/CBMimAFBVV95cUxQaXJVU3hjeC04V3N0aVVwRHpsUGxEd1JaQS1SLW9rVDhuTHV2dkJZUl9WandGanlpQmN6Wk5mcmU4Y2NiN2dVaDlMQmRNVkE0QnFMX2JJSUcydEJZaDkzcHVkVHR1Q01EOGs2YTlTM3VsbG1qYnBDblptVmUzb1AxUXZsSUlhbTNLbXo2Q1VmZFlHNEV2UElLVQ?oc=5,included,
91117820ca09e3b60b3f7da8,HUGGINGFACE-f95607aa864f,district_verdict_stage_media,2014-03-02,2014-04-08,"""עדן אוחיון""",אלמנתו של גדי ויכמן חוששת מנקמה - היום,היום,2014-03-09,https://news.google.com/rss/articles/CBMiV0FVX3lxTE1lelgwbXEySHI2YVZ1NXdseDVLTXVlaE9Bcm1NM1NYYm1DLWFlM0ttU1YzbGRMbnJveTJpU2V2alZqano3cXpnRWpmTmtmaXROSmJZSnNpd9IBX0FVX3lxTE5RT2tNS3dCRWpkTkZJam1ZRXQxUUk0VE92dGo2ck5YOFl4dXFuUG41RnBGeVZoSVlidENqR3B6WlRJejd3azhVOFNtLUJubFJDeElzOFlTV1lZZXZPUUhz?oc=5,included,
68a6f7faa234181c0991fcc3,HUGGINGFACE-f95607aa864f,district_verdict_stage_media,2014-03-02,2014-04-08,"""עדן אוחיון""","מאסר עולם לרוצחו של ויכמן. משפחת הדוקר התפרעה בביה""מ - מגפון ניוז",מגפון ניוז,2014-03-09,https://news.google.com/rss/articles/CBMiW0FVX3lxTE02Tk9lOHptVG05bGE5U2xIcXY1MXEwcU9hX3U1TzdIZ0Nva0tWVzdWamYxanRtZUl1YWRpVGpuTFZBaTdLSTNEajV6MURTa09KT09hZ0hTVDJ2c0E?oc=5,included,
3d41a9f5aaff2a3ee2fdcff3,HUGGINGFACE-f95607aa864f,district_verdict_stage_media,2014-03-02,2014-04-08,"""עדן אוחיון""",חדשות - בארץ nrg - הנער שדקר את גדי ויכמן הורשע ברצח - מקור ראשון,מקור ראשון,2014-03-09,https://news.google.com/rss/articles/CBMibEFVX3lxTFA5NXQ0WldZVC0ycEEtdHktRVRsTWR5U2FoQ2h3SWFzc215Q2lXT1J4RllkWVppQkpwenB3YlpoempUdVNabUpRaDlsM21GWXh0STVBX0V6WGJlSnBHOVYxVEVnMWQ5UzBvdWNWQw?oc=5,included,
cdae92ef9b01f617fde62b86,HUGGINGFACE-f95607aa864f,district_verdict_stage_media,2014-03-02,2014-04-08,"""עדן אוחיון""","אלמנתו של ויכמן: ""חוששת לחיי ילדיי""; הפרקליטות: ""מסר ברור לעבריינים"" - רשת 13",רשת 13,2014-03-09,https://news.google.com/rss/articles/CBMiYkFVX3lxTE5sbWVNVDFVUTNUMXFsQ1o5S0hpUXJlZy1TM0pzOG1HRFE1bGZfanJ6MWM0cXlMaFVOOWp3Z2pVOHl3RG9vT2ZpZnljdW82LUFzMTB3SVp1SzdvVVJjcE1mZldB?oc=5,included,
611c362a74b5379e10187d22,HUGGINGFACE-f95607aa864f,district_verdict_stage_media,2014-03-02,2014-04-08,"""עדן אוחיון""","עדן אוחיון משחזר את רצח גדי ויכמן: ""הייתי מטושטש, דקרתי וברחתי"". תיעוד בלעדי - mako",mako,2014-03-10,https://news.google.com/rss/articles/CBMid0FVX3lxTE95YzMycHBWOXB3VEJ2aHJrZWo4UU5pWFNpOGR2TEN6R1ZPT081Y05UQjlPY2NKWml3QnRfaEVuSUp5bEJwbUJzYndJNldvMmswdnV4b1VuallOd2JJYXNCVk1tZjhEazg4X05CM3EzQW9uXzVkcVdN?oc=5,included,
1486c33c744846eb4a6a4c46,HUGGINGFACE-f95607aa864f,district_verdict_stage_media,2014-03-02,2014-04-08,"""עדן אוחיון""",תיעוד ההודאה בחקירה: 'דקרתי את גדי ויכמן' - ynet.co.il,ynet.co.il,2014-03-19,https://news.google.com/rss/articles/CBMiZ0FVX3lxTFBnOVZwek1vTWZlU2NVUnptX0pZTk0tT3RuZVlqc2xJZTRlcnFIUHFfbWZDNU54alRtU2plRnJsbjlILTc1ZDcycEUycmJXUnFKSWpLNV93aVJfVUlXOVVabm90a2E1Ukk?oc=5,included,
e0d839569aa6bb3765b1fb5d,HUGGINGFACE-f9fb8a26e3dc,district_verdict_stage_media,2009-12-07,2010-01-13,"""נתנאל קורש""",3 שנים אחרי: שחזור הרצח נחשף - mako,mako,2010-01-10,https://news.google.com/rss/articles/CBMid0FVX3lxTFBGLVU4SGE3OW9hdWppc1Exa1ViSTRXMHdqUklpb1hiUkJ0MG1RUGZJeFUzaHoxUm82MjRqVmJOU2F3LWFWWG9LYWhodnJKekV0TjdYTm5KMmJBU1hUM1dNcFVGYmI3YnVBTWMtXzl6bGxBRUs5Qzdj?oc=5,included,
6ead991f684a350f14773bd9,HUGGINGFACE-fdcbba5c2b39,appeal_stage_pre_decision_media,2010-05-31,2010-08-07,"""אברהם כהן""",(הכותרת הוסתרה: הכתבה אינה עוסקת בתיק),ynet.co.il,2010-06-23,,excluded_wrong_case,הוחרג בבדיקה ידנית: הכתבה אינה עוסקת בתיק (אדם אחר בעל אותו שם או עניין אחר)
d39fa99fd680cab681e8afe9,HUGGINGFACE-fdcbba5c2b39,district_verdict_stage_media,2010-05-24,2010-06-30,"""אברהם כהן""",(הכותרת הוסתרה: הכתבה אינה עוסקת בתיק),ynet.co.il,2010-06-23,,excluded_wrong_case,הוחרג בבדיקה ידנית: הכתבה אינה עוסקת בתיק (אדם אחר בעל אותו שם או עניין אחר)
4be92cebf8209a778bf8f359,HUGGINGFACE-fdf8bb131075,district_verdict_stage_media,2007-04-29,2007-06-05,"""ניקולאי בונר""",רוצח ההומלסים נשלח לארבעה מאסרי עולם - ynet.co.il,ynet.co.il,2007-05-06,https://news.google.com/rss/articles/CBMiZ0FVX3lxTE95RGJSMFlQVTVWQUZJQVVGVERqYWVzZ2RNb0ZmcUlJR0xjc29jN2RaVUdZZFdSWmIxTzFRVG5PQ2VqNGJ3dDVkc0J0WW5aa04xRl9GQTlheVhOSEZsbXhXYzI5NVJCTlE?oc=5,included,
968460cf060df0ddd4bdd072,HUGGINGFACE-ffc2037834c5,appeal_stage_pre_decision_media,2009-06-21,2010-11-24,"""שמואל לוי""",(הכותרת הוסתרה: הכתבה אינה עוסקת בתיק),גלובס,2009-12-07,,excluded_wrong_case,הוחרג בבדיקה ידנית: הכתבה אינה עוסקת בתיק (אדם אחר בעל אותו שם או עניין אחר)
ad2756670511d9b818c9d5f6,HUGGINGFACE-ffc2037834c5,appeal_stage_pre_decision_media,2009-06-21,2010-11-24,"""שמואל לוי""",(הכותרת הוסתרה: הכתבה אינה עוסקת בתיק),גלובס,2010-07-30,,excluded_wrong_case,הוחרג בבדיקה ידנית: הכתבה אינה עוסקת בתיק (אדם אחר בעל אותו שם או עניין אחר)
6a4a425a81751cabe48256bd,HUGGINGFACE-ffc2037834c5,district_verdict_stage_media,2009-06-14,2009-07-21,"""שמואל לוי""",7 שנות מאסר לפעיל העבודה לשעבר שהרג חסר הבית - mako,mako,2009-06-21,https://news.google.com/rss/articles/CBMid0FVX3lxTE51LVZkNDRmMEFUU3hTM2Z4SkM0T2Y3bERsNkY5UGo2d2x3VlRBR1p5T0xORTJFb1gwVU40YXZidmNOdS1sMlZmNnhjdDFUZXVvdnBTQy1SV0FHckNMVUxobmpuRjdJMVpPYk5Idmh3UDFkMHdjS1VN?oc=5,included,
