case_id,reviewed_at,appeal_outcome_raw,relief_type,outcome_evidence_excerpt
HUGGINGFACE-d4707499513c,2026-05-26T07:21:27+03:00,manual_review_no_defendant_relief,none,"ע""פ 9808/06 ירון סנקר: פסק הדין קובע כי דין הערעור להידחות; ההרשעה נותרה על כנה."
HUGGINGFACE-7e96aca655df,2026-05-26T07:21:27+03:00,manual_review_sentence_relief,sentence_relief_only,"ליבא דידו מדובר בעונש שהולם את חומרת מעשיו ואולם משגילתה המשיבה את דעתה במסגרת הטיעונים לעונשו של טהא כי מעשיו שווים בחומרתם לאלה של המערער ניצבת היא כיום בפני מצב בלתי אפשרי להצדיק את הפער הקיצוני בענישה בין השניים לאור האמור הייתי מציע לחברי לקבל את הערעור ולהפחית מעונש המאסר בפועל שהוטל על המערער בהתחשב בכך שהמערער הואשם והורשע גם בקשירת הקשר לביצוע המעשים החמורים סבורני כי יש להעמיד את עונש המאסר בפועל שיוטל על המערער על שמונה שנות מאסר בפועל שאר רכיבי העונש יוותר בעינם בשולי הדברים אציין כי לא מצאנו לנכון להתערב בעניין גובה הפיצוי שהושת על המערער לטובת משפחת המנוח על אף הפער המשמעותי המתקיים גם ככל שמדובר בפיצוי זה הרי שההלכה היא כי שומה היה על המערער לצרף את משפחת המנוח כמשיבה בערעור לעניין זה בלבד משלא עשה כן דין ערעורו להידחות בעניין זה והשוו ע""פ 3818 99 פלוני נ מדינת ישראל טרם פורסם 14 11 01 ע""פ 5367 פלוני נ מדינת ישראל טרם פורסם 4 2 2008 המשנה לנשיאה השופט נ הנדל אני מסכים ש ו פ ט השופט ח מלצר 1 אני מצטרף בהסכמה לפסק דינו של חברי המשנה לנשיאה השופט א ריבלין 2 המערער שבפנינו מבקש בנסיבות המיוחדות שבמכלול לחזור בו מהסדר הטיעון שהסכים לו כך שיאופשר לו לטעון שעונשו צריך להיות זהה לזה שנגזר על השותף בפרשה שהורשע גם הוא על פי הודאתו בעקבות הסדר טיעון ראו ע""פ 3404 10 טהה עותמאן נ מדינת ישראל טרם פורסם 24 2 10 בדרך כלל בקשה שכזו אין מקום לאשרה ואולם במקרים נדירים ניתן לחרוג מהאמור כאשר ההודיה בעובדות במסגרת הסדר הטיעון איננה מגלה עבירה או איננה תואמת את העבירה בה הורשע המודה או את הנסיבות הרלבנטיות עליהן הסכימו הצדדים במסגרת הסדר הטיעון אזי ניתן לאפשר חזרה מהסדר הטיעון ופתיחת המשפט מחדש או שיש לבצע ההתאמות הנדרשות בהרשעה או בעונש עיינו והשוו ע""פ 1820 98 אנג ל נ מדינת ישראל פ""ד נ""ב 5 97 106 1998 דברי הנשיאה ד ביניש ב בג""צ 5699 07 פלוני נ היועץ המשפטי לממשלה לא פורסם 26 8 08 שם בפיסקה 9 פסק דיני ב ע""פ 5734 10 קאשור נ מדינת ישראל טרם פורסם 25 1 12 שם בפיסקה 17 3 במקרה שלפנינו התביעה טענה בבית המשפט המחוזי הנכבד כי במסגרת עונש המאסר שיושת על המערער יש לקחת בחשבון בין השאר ""את העובדה כי שותפו העומד לדין בתיק המקביל נטל חלק גדול יותר באירוע בכך שפגע באדם נוסף"" מאידך גיסא המערער כאן הודה בביצוע שתי עבירות נוספות על אלה ששותפו הורשע בהן קשירת קשר לביצוע פשע וחבלה במזיד לרכב נוכח כל האמור לעיל ומהטעמים שצוינו ע""י המשנה לנשיאה השופט א ריבלין העני"
HUGGINGFACE-73823124bf3c,2026-05-26T07:21:27+03:00,manual_review_sentence_relief,sentence_relief_only,"ליו אבנים מטווח אפס אלא עמד מולו כשזרק את האבנים לעברו במרחק של 6 מטרים לדידו עובדה זו שלא היה מרדף היא לב העניין שכן היא מפחיתה במידה רבה מחומרת המעשה ובהסתמך עליה מן הראוי להקל בעונש באופן ממשי 17 המערער מבקש להסתמך על מספר פסקי דין לשיטתו הם תומכים בכך שיש להפחית מעונשו למשל ע""פ 1196 99 ממדוב נ מדינת ישראל פ""ד נה 1 700 1999 שם הורשע הנאשם בהריגה של אדם שאותו טלטל ובעט בבטנו מספר פעמים והגיש ערעור הן על הכרעת הדין הן על גזר הדין בית המשפט העליון דחה את הערעור במה שנוגע להרשעה בהריגה אך קיבל את הערעור לעניין גזר הדין והפחית את עונשו של המערער שם ל 24 חודשי מאסר בפועל ו 16 חודשי מאסר על תנאי המערער עותר לשחרורו מן המאסר לאלתר מכיוון שלדידו עונש של 30 חודשי מאסר שריצה עד כה הוא מאוזן וראוי וניתן להסתפק בו בנסיבותיו של תיק זה 18 טיעוני המשיבה אין מקום להתערב בהכרעת הדין של בית משפט קמא שכן היא מבוססת בעיקרה על ממצאי מהימנות העדים ע""פ 9352 99 פלוני נ מדינת ישראל פ""ד נד 4 632 2000 ע""פ 7477 08 גץ נ מדינת ישראל לא פורסם ניתן ביום 14 11 2011 עניינו של המערער אינו בא בגדר החריגים לכלל אי ההתערבות הנקוט בפסיקה ע""פ 2864 01 מסילתי נ מדינת ישראל פ""ד נו 1 315 2001 ע""פ 10477 08 פיזולאיב נ מדינת ישראל לא פורסם ניתן ביום 25 01 10 19 זאת ועוד המשיבה טוענת כי בניגוד למה שטוען המערער גרסתו של עד אינה חייבת להיות מקשה אחת שלא ניתנת להפרדה אלא יתכן ויימצא כי בחלקה ניתן לתת אמון ובחלקה האחר לא מטעמים שונים לאחר בחינה זהירה ושקולה כבכל קביעה בענייני מהימנות גם בעניין זה ישנה עדיפות ניכרת לערכאה הדיונית אשר שמעה את העדים התרשמה מהם ותדע לעשות ""פלגינן דיבורא"" במידת הצורך 20 לטענת המשיבה המערער היה מודע לנסיבות גרימת התוצאה הקטלנית מאחר וניסיון החיים והשכל הישר מלמדים כי מי שמשליך שתי אבנים שכאלה אל עבר פלג גופו העליון של אדם ממרחק של מטרים ספורים הריהו מודע לאפשרות כי פגיעת האבנים יכולה לגרום למותו של אותו אדם במיוחד כשמדובר בשתי אבנים גדולות ובמרחק הקצר שהיה בין המערער לבין המנוח בעת השלכת האבנים המשיבה הפנתה ל ת""פ חיפה 320 02 מדינת ישראל נ נסראלדין לא פורסם ניתן ביום 28 09 04 על מנת ללמוד משם במידת הצורך כי פגיעת אבן יכולה להיות קטלנית 21 במה שנוגע לגזר הדין טוענת המשיבה כי יש לדחות את הערעור על חומרת העונש כי איננו חמור כלל ועיקר צעיר אשר כל עתידו היה לפניו נהרג בגין מריבה סתמית העונש אשר נגזר על המערער אינו סוטה מרף הענישה במצבים דומים ולפי גישת המשיבה הוא מחוייב המציאות דיון והכרעה 22 שקלנו את טענות באי כוחם המלומדים של הצדדים והחלטנו לדחות את הערעור הן לעניין הכרעת הדין הן לעניין גזר הדין 23 הכרעת הדין כנקודת מוצא אכן כטענת המערער המסכת העובדתית הנדונה כאן איננה מקרה קלאסי של אלימות מדובר בנסיבות מצערות וקשות בראש ובראשונה מפאת מותו הנורא של המנוח המערער מצדו נקלע לסיטואציה של אלימות שעיקרה בתחילה בין המנוח לבין שירן וניר המערער ביקש להפריד בין הניצים אך האלימות הסלימה עד מהרה והידרדרה לדבריו ""באתי לעשות טוב ויצא רע"" עמוד 214 לפרוטוקול מיום 9 3 10 בבית משפט קמא המנוח הרים אבנים המערער גם כן השליך אחת ועוד אחת לעבר המנוח והרגו כך מצא עצמו המערער מורשע בעבירת הריגה שבעטיה נגזר עליו עונש חמור של 8 שנות מאסר ונמנע ממנו לממש את אבהותו ולגדל את בנו בכורו אשר נולד תשעה ימים לאחר מעצרו 24 לגופו של עניין יש לציין כי בניגוד לטענת המערער ובהתאם לטענת המשיבה גרסתו של עד אינה חייבת להיות מקשה אחת שלא ניתנת להפרדה אלא יתכן ויימצא כי בחלקה ניתן לתת אמון ובחלקה האחר לא מטעמים שונים לאחר בחינה זהירה ע""פ 5008 10 פלוני נ מדינת ישראל ניתן ביום 14 03 2011 ע""פ 526 90 בלזר נגד מדינת ישראל פ""ד מה 4 133 186 1991 ע""פ 439 73 לבנה נ מדינת ישראל פ""ד כח 2 785 788 1974 כבכל קביעת מהימנות גם בעניין זה קיימת עדיפות מהותית לערכאה הדיונית אשר התרשמה מן העדים המערער לא הצביע בענייננו על סיבה קונקרטית שבגינה יש מקום להתערבות ערכאת הערעור בקביעות העובדתיות של בית משפט קמא 25 עבירת ההריגה מעוגנת בסעיף 298 לחוק זו לשונו ""הגורם במעשה או במחדל אסורים למותו של אדם יאשם בהריגה ודינו מאסר עשרים שנה"" הקשר הסיבתי בין הרכיב ההתנהגותי ""מעשה או מחדל אסורים"" לבין הרכיב התוצאתי ""מותו של אדם"" משמעו כי התנהגותו של המואשם בהריגה בבחינה אובייקטיבית היא הסיבה ובלעדיה איין להתרחשות התוצאה היסוד הנפשי כדרישת סעיף 20 א לחוק הוא זה ""מודעות לטיב המעשה לקיום הנסיבות ולאפשרות הגרימה לתוצאות המעשה "" 26 מן הראוי לציין כי המודעות הנדרשת ביחס ל תוצאה היא ברמה נמוכה יותר מאשר המודעות הנדרשת ביחס ל מעשה ול נסיבות משום שקשה מאוד עד בלתי אפשרי לדעת באופן ודאי שהתוצאה תתרחש ש""ז פלר יסודות בדיני עונשין כרך א 491 התשמ""ד לפיכך נוקט סעיף 20 א הנ""ל לשון ""אפשרות"" רק לגבי ה תוצאה ולא לגבי ה מעשה וה נסיבות כמו כן בצדק ציין ב""כ המשיבה כי אין הכרח בהוכחה על צפיית פרטי תהליך הגרימה והאופן המדוייק של השתלשלות העניינים שהביאו בסופו של דבר לידי מותו של אדם ובלבד שהתוצאה אינה חריגה ביותר ע""פ 3158 00 מגידיש נ מדינת ישראל פ""ד נד 4 80 93 2000 ע""פ 9723 03 בלזר נ מדינת ישראל פ""ד נט 2 408 2004 כל בר דעת יודע שהתוצאה הקטלנית בנסיבות העניין דנן איננה חריגה ודוק המחשבה הפלילית הנדרשת על פי סעיף 20 א 2 לחוק היא ""פזיזות שבאחת מאלה א אדישות בשוויון נפש לאפשרות גרימת התוצאות האמורות ב קלות דעת בנטילת סיכון בלתי סביר לאפשרות גרימת התוצאות האמורות מתוך תקווה להצליח למנען"" ה פזיזות נבחנת מנקודת ראותו הסובייקטיבית של הנאשם האם צפה בפועל את האפשרות לגרימת מותו של הקרבן לשם הרשעה ב גרימת מוות ברשלנות די בצפייה בכוח קרי די בהוכחה כי הנאשם יכול היה כאדם מן הישוב לצפות את אפשרות גרימת המוות לשם הרשעה ב הריגה נדרשת כאמור צפייה בפועל 27 בעניין דנן אין לקבל את טענת המערער לפיה לא היה מודע לאפשרות גרימת התוצאה הקטלנית ולפיכך לא התקיימה אצלו לטענתו המחשבה הפלילית הנדרשת לפי סעיף 20 א לחוק הנ""ל אמת נכון הדבר נסיבות ענייננו קשות ואופן השתלשלות העניינים מכביד המערער החל את חלקו בארוע מתוך כוונה למנוע מריבה אלא שאז עד מהרה חלה הידרדרות מצב הדברים יצא משליטה המערער הפך לצד פעיל ומרכזי במריבה וברגע מר ונמהר הוא היה זה שגרם למותו של המנוח בחקירתו הנגדית בבית משפט קמא נשאל המערער האם ""מכה בראש יכולה לגרום לבן אדם למות "" עמוד 214 לפרוטוקול הדיון בבית משפט קמא מיום 9 3 10 תשובתו ""את שואלת אותי שאלה כאילו אני פרופסור לא יודע איך לענות לך את שואלת שאלה מאוד קשה יש אדם שקיבל צרור יריות בראש ולא מת ויש בן אדם שנפתחה לו כרית אויר בראש ומת"" שם עוד כהנה וכהנה דברים של התחמקות אמר שם המערער אך ברי כי היה מודע לאפשרות גרימת התוצאה הקטלנית 28 אין לקבל את טענת המערער נגד הכרעת הדין על כך שיש בה ליקוטי אמרים מדבריהם של כמה עדים והיא אינה מבוססת אף לא על עדות אחת שלמה מתחילה ועד סוף בית משפט קמא הסביר בהכרעת הדין את דרך הילוכו בהקשר זה והסברו משכנע מרבית העדים היו שוחרי טובתו של המערער חלקם הפגינו חוסר רצון בולט להעיד כך במישור הסובייקטיבי בהיבט האובייקטיבי ממקום צפייתם השונה של העדים בארוע ובהתחשב בחשכת הליל יכלו העדים לקלוט בחושיהם רק חלק מנסיבות הארוע כיוון שכך נאלץ בית משפט קמא לחבר את חלקי התצריף לתמונה שלמה ולהיזקק בין היתר ל""פלגינן דיבורא"" ולהעדפת אמרות לפי סעיף 10א לפקודת הראיות אך מכל מקום מפיו של המערער עצמו נאמרו בעדותו הדברים הללו בתשובה לשאלה ""לאיזה כיוון זרקת את האבן "" השיב ""שמע לא יכול להגיד לך שדייקתי יש את הגב הידיים ליד לגב לתחת לכתף מרכז הגוף"" עמוד 194 לפרוטוקול בית משפט קמא מיום 8 3 10 המערער נשאל ""למה לא כיוונת לרגליים "" ותשובתו ""מה זה נשק אקדח אתה מכוון לרגליים ויורה זה אבן שנזרקה בכוונה שתפגע במרכז הגוף שיקבל מכה בגב ביד בתחת שנוכל לברוח לא יכול לכוון זו אבן לא ראיתי איפה האבנים שזרקתי פגעו בשחר היה שם חושך מצרים"" שם גם לגבי גודלן של האבנים אין צורך לחיות מפיהם של עדים אחרים די בדברי המערער על גודלן ""כדור וחצי של טניס"" שם בעמודים 194 195 או ""סלעים"" בסרט השחזור ככלל מי שמשליך שתי אבנים שכאלה לעבר פלג גופו העליון של אדם ממרחק של מטרים ספורים חזקה עליו כי הוא מודע לאפשרות כי בכך יגרום למותו של אותו אדם מדובר כאמור בשתי אבנים גדולות שהושלכו בחשכה מטווח קצר של כ 6 מטרים חזקת המודעות הנ""ל ניתנת אמנם לסתירה ע""פ 10332 03 בלייכר נ מדינת ישראל פ""ד נח 3 954 2004 אך המערער לא הצליח לעשות כן ודוק יש צורך במודעות לאפשרות שהמעשה יגרום למותו של הקורבן אין די במודעות לאפשרות שהקרבן יספוג חבלה גופנית כפי שהיה המצב החוקי לפני תיקון 39 לחוק יחד עם זאת מודעות לאפשרות גרימת חבלה חמורה עשויה בדרך כלל להקים חזקת מודעות גם לאפשרות של גרימת מוות זאת על פי נסיון החיים המלמד שחבלה חמורה יכולה גם לסכן חיים הנטל לסתור את החזקה כי היה מודע לאפשרות שהמנוח ימות כתוצאה מהשלכת האבנים לעברו רובץ על שכמו של המערער בהיותו מודע לכל הפחות לאפשרות גרימת חבלה גופנית חמורה למנוח כאמור המערער לא נשא בנטל 29 המערער מבקש הלכה למעשה להחזיק את החבל בשני קצותיו מחד גיסא הוא טוען כי לא היה מודע לאפשרות גרימת מותו של המנוח מאידך גיסא הוא לא חוזר בו מטענותיו העובדתיות בבית משפט קמא לפיהן זרק את האבנים לעבר המנוח לשם הגנה על חייו של ניר שהיה נתון לאיום על חייו מצדו של המנוח אשר עמד לזרוק אבנים לעברו לפי גרסתו שלו אפוא היה המערער מודע לאפשרות גרימת התוצאה הקטלנית שכן הוא עצמו בחר באופן מושכל לזרוק את האבנים על מנת להגן על ניר בסברו שחייו נתונים בסכנה 30 מסקנת הדברים היא כי אין לקבל את טענתו של המערער לפיה נסיבות העניין מבססות לכל היותר הרשעה בעבירה של גרימת מוות ברשלנות אין מדובר במודעות אובייקטיבית גרידא הנדרשת לביסוס עבירה של גרימת מוות ברשלנות שכן כאמור התקיימה אצל המערער מודעות סובייקטיבית לטיב המעשה לקיום הנסיבות ולאפשרות גרימת התוצאה הרשעתו של המערער בהריגת המנוח תעמוד אפוא בעינה 31 גזר הדין ערכאת הערעור אינה נוהגת להתערב כדבר שבשיגרה ולשנות עונש שהוטל על ידי הערכאה הדיונית אלא רק במצבים חריגים למשל ע""פ 9097 05 מדינת ישראל נ ורשילובסקי לא פורסם ניתן ביום 03 07 2006 ע""פ 9437 08 אלגריסי נ מדינת ישראל לא פורסם ניתן ביום 12 05 2009 וכיו""ב 32 מצב הדברים בעניין שלפנינו לא נמנה על אותם המצבים המצדיקים התערבות חיי אדם באו לקיצם בגין מריבה סתמית גם אם השלכת האבנים לא נעשתה תוך כדי מרדף אלא בנסיבות כמתואר כשהמערער עמד מול המנוח במרחק של כ 6 מטר גם אז חומרת מעשה ההריגה מצדיקה את העונש שגזר בית משפט קמא חיי אדם קופחו ועל משפחת המנוח נגזר לחיות חיים של כאב בצל השכול והאובדן 33 המערער ביקש להפנות לת""פ ת""א 40049 08 מדינת ישראל נ מנחם אדטו לא פורסם ניתן ביום 25 11 08 אך לא נראה כי יש מקום להסתמך על אותה פרשה על מנת להקל בעונשו של המערער גם שם נגזר דינו של נאשם שהורשע בהריגה באמצעות השלכת אבן לעבר המנוח הנאשם הרים אבן גדולה השליך אותה לעבר המנוח והאבן פגעה בבית החזה השמאלי של המנוח וגרמה למותו כעבור מספר דקות בית המשפט גזר על הנאשם שם 8 שנות מאסר מתוכן 6 שנות מאסר לריצוי בפועל תוך שציין כי אין זה הארוע הקלאסי של הריגה אשר נעשה באמצעים קיצוניים של אלימות כגון בדקירות סכין בית המשפט ציין שם כי ברור שהשימוש באבן נעשה באופן ספונטני ובמהלך השתלשלות העניינים אף על פי כן ציין בית המשפט כי לאור גודלה של האבן והעוצמה שבה נזרקה ניתן ללמוד על מודעותו של הנאשם לאפשרות גרימת התוצאה הקטלנית וממילא על חומרת המעשה והעונש הראוי בגינו בעניין אדטו נגזר העונש במסגרת הסדר טיעון וגם נסיבותיו שונות בענייננו המערער לא יזם מריבה עם המנוח אלא ביקש להשקיט את הרוחות הסוערות אך לבטח לא הייתה הצדקה לעשות כן בדרך של השלכת אבן ועוד אבן כדרך שעשה המערער מכל מקום אל מול עונש מתון יחסית בענין אדטו ישנן בפסיקה דוגמאות לרוב לענישה חמורה יותר ובמידה ניכרת למשל ע""פ 9090 07 חזן נ מדינת ישראל לא פורסם ניתן ביום 09 02 2011 שם נגזרו 15 שנות מאסר על נאשם שהרג בנסיבות של פרץ אלימות קשה בע""פ 10832 07 סטצ נקו נ מדינת ישראל לא פורסם ניתן ביום 06 04 2010 נגזרו 13 שנות מאסר בגין הריגה שנגרמה בהכאה פעמיים באמצעות שבר מרצפת על ראשו של המנוח עוד כהנה וכהנה דוגמאות ישנן בפסיקה לעונשים חמורים מזה שנגזר על המערער מן הראוי להזכיר בהקשר זה גם את עברו הפלילי שתי עבירות רכוש שתי עבירות של העדר מן השירות ועבירת סמים שבגינה ריצה שנת מאסר בפועל העונש שנגזר על המערער הוא קשה אבל לא במידה יתרה 34 העיקר הוא שהענישה חייבת לבטא את הערך של קדושת החיים עונש קל מזה שנגזר על המערער יבטא זילות בערכם של חיי אדם העונש צריך להיות גמול הולם ותמרור אזהרה למערער ולאחרים שכמותו באחת נגדעו חיי אדם בגלל פרץ פתאומי של אלימות נהרג המנוח לחינם העונש שנגזר על המערער בכורח הנסיבות הוא מחוייב המציאות 35 אשר על כן החלטנו לדחות את הערעור על הכרעת הדין ועל גזר הדין ניתן היום כ""ו באדר התשע""ב "
HUGGINGFACE-b2f9cd7cc5ec,2026-05-26T07:21:27+03:00,manual_review_no_defendant_relief,none,"לו נסיבות שאינן מתקיימות בענייננו אף בלא הראייה של ""גזר דין משווה"" העונש איננו חמור באופן שמצדיק התערבות ערעורית כזכור המערער הורשע בחמישה אישומים חמורים שהמשותף להם הוא מעורבות בעבירות ביטחון במטרה לפגוע בחיילי צה""ל וזאת במשך תקופה של מספר שנים 5 המסקנה היא שאין מקום לקבל את הערעור ניתן היום כ""ז באדר התשע""ב 21 3 2012 ש ו פ ט ש ו פ ט ש ו פ ט _________________________ העותק כפוף לשינויי עריכה וניסוח 11036270_Z05 doc אמ מרכז מידע טל 077 2703333 אתר אינטרנט www court gov il"
HUGGINGFACE-c6b2072f1b4c,2026-05-26T07:21:27+03:00,manual_review_sentence_relief,sentence_relief_only,"ין אחד מרכיביה של העבירה המוגמרת לפיכך ואם דעתי תישמע הייתי מבטל כליל את המאסר הנוסף שנגזר למערער כך שעונשו יהיה מאסר עולם בלבד"" ע""פ 5781 06 נאצר נ מדינת ישראל לא פורסם פס 6 השופט לוי בדיון בפנינו הציעה המשיבה בהגינותה את הפחתת עונשיהם של המערערים בדומה לפיכך יבוטל העונש הנוסף של עשרים שנות המאסר חציו בחופף וחציו במצטבר שהוטל על המערערים ועונשם יהיה מאסר עולם בלא התוספת בהקשר אחרון זה מתקבל הערעור בהסכמה ש ו פ ט השופטת מ נאור אני מסכימה ש ו פ ט ת השופט ס ג ובראן אני מסכים ש ו פ ט הוחלט כאמור בפסק דינו של השופט א רובינשטיין ניתן היום א באייר תשע""ב 23 4 2012 ש ו פ ט ת ש ו פ ט ש ו פ ט ________"
HUGGINGFACE-728ebf11b386,2026-05-26T07:21:27+03:00,manual_review_sentence_relief,sentence_relief_only,בגופה ואז נשך אותה בזרועה וחנק את צווארה מאחור נוצרו חבלות בזרועה בצווארה ובמרפקיה הוא נדון לעשר שנות מאסר ו 18 חודשי מאסר על תנאי ב הערעור נסב הן על הכרעת הדין הן על גזר הדין ג בהמלצתנו לא עמד המערער על הערעור לעניין הכרעת הדין תוך שציינו בפניו כי אנו נוטים להפחתה מסוימת בעונש אף הפרקליטות הסכימה בנסיבות המיוחדות כי המדובר בעונש כבד ד הצדדים טענו בהמשך לעניין העונש תוך שמטעם המערער הוטעמו תוצאותיה הלא קשות של העבירה וכן נסיבותיו האישיות הקשות נאמר כי גם בפרמטרים של התיקון מס 113 לחוק העונשין שייכנס לתוקפו ביולי הקרוב עקרון ההלימה שהוא המנחה בו מצדיק הקלה משמעותית מאוד בעונש זאת שכן הפסיקה הקיימת בעבירות ניסיון לרצח גוזרת 10 שנים במקרים חמורים בהרבה ואילו בכגון דא יש מקום לקרב זאת כך נטען למקרי דקירה הנדונים ל 2 עד 4 שנות מאסר אשר לנסיבותיו האישיות של המערער נאמר כי התייתם בגיל צעיר עלה ארצה מאתיופיה לאחר אבדן שני ילדיו וחוה בעיות קליטה קשות ה מטעם המשיבה נאמר כי על ההפחתה שיש לה הסכמה לה
HUGGINGFACE-171bacc7d00c,2026-05-26T07:21:27+03:00,manual_review_no_defendant_relief,none," עסקינן במתמטיקה או בלחיצה על מקלדת מחשב אף אם לא הקל בית המשפט קמא בעונשו של המערער גם לא מיצה עמו את הדין ככל שיתמיד המערער בהתנהגותו הטובה במאסר הדעת נותנת כי הדבר יעמוד לזכותו בעתיד בלא שניטע מסמרות אנו מאחלים ומייחלים כי בבוא העת ישוב לתפקוד נורמטיבי י""ב אין בידינו איפוא להיעתר לערעור ניתנה היום ט""ז באייר תשע""ב 8 5 2012 ש ו פ ט ש ו פ ט ש ו פ ט _________________________ העותק כפוף לשינויי עריכה וניסוח 09002130_T03 doc רח מרכז מידע טל 077 2703333 אתר אינטרנט www court gov il"
HUGGINGFACE-aa5bab886762,2026-05-26T07:21:27+03:00,manual_review_lesser_offense,conviction_modified_lesser_offense,"0 בת""פ 2134 06 שניתנו על ידי כבוד השופטת א אפעל גבאי תאריך הישיבה כ""ה באדר התשע""ב 19 03 2012 בשם המערערים בשם המשיבה בשם שרות המבחן למבוגרים עו""ד יהושע שטיין עו""ד איתמר גלבפיש פטורה מהתייצבות פסק דין חלקי 1 בעקבות המלצתנו הודיע בא כוחה של המשיבה כי הוא מסכים שתחת הרשעתם של המערערים בעבירת הריגה תבוא הרשעה בעבירה של גרם מוות ברשלנות המלצתנו ניתנה נוכח נסיבות המקרה ובמיוחד לאחר שהערכאה הדיונית החליטה להרשיע את נאשם 4 בגרם מוות ברשלנות ולא בעבירה של הריגה לפיכך מזוכים המערערים מעבירת הריגה ואנו מרשיעים אותם תחת זאת בעבירה של גרם מוות ברשלנות לפי סעיף 304 לחוק העונשין תשל""ז 1977 2 טרם שנשמע טיעונים לעניין העונש מפנים אנו את המערערים לממונה על עבודות"
HUGGINGFACE-680e59c0eeec,2026-05-26T07:21:27+03:00,manual_review_no_defendant_relief,none,"ותו אין ספק כי מעשיו של המערער סייעו לארגון וכי כתוצאה מסיוע זה עלולים היו אזרחים להיפגע תוך שהמערער היה מודע לאפשרות זו בית המשפט המחוזי שקלל את נסיבותיו האישיות של המערער והעונש שנגזר עליו אף שמדובר בעונש חמור אינו סוטה במידה ניכרת מרמת הענישה המקובלת ומשכך אין מקום להתערבותו של בית משפט זה יצויין כי המערער כלל לא העלה לפני בית המשפט המחוזי את טענתו לפיה ביתו נהרס בידי כוחות צה""ל וזאת אף שלטענתו הבית נהרס כשנתיים לפני שניתן גזר הדין ולכן איננו נדרשים לטענה זו ניתן היום ח בתמוז התשע""ב 28 6 2012 המשנה לנשיא ש ו פ ט ש ו פ ט _________________________ העותק כפוף לשינויי עריכה וניסוח 11023590"
HUGGINGFACE-2fdac57da77e,2026-05-26T07:21:27+03:00,manual_review_sentence_relief,sentence_relief_only,"גרינברג נ מדינת ישראל לא פורסם 3 2 1998 ע""פ 3091 08 טרייגר נ מדינת ישראל טרם פורסם 29 1 2009 בפסקה 11 במקרה הנוכחי אין מחלוקת כי בית המשפט שקל את כלל השיקולים הרלבנטיים לעניין גזר הדין יחד עם זאת כמפורט להלן מצאנו כי בנסיבות המיוחדות של העניין שבפנינו יש מקום להקל במידת מה בעונשו של המערער לעניין מתחם הענישה הראוי העיון בפסיקה מעלה כי ככלל מתחם הענישה הראוי לשילוב העבירות בהן הורשע הנאשם נע בין 6 ל 10 שנות מאסר כך לדוגמא בע""פ 107 08 אלמהדי ע ית נ מדינת ישראל טרם פורסם 3 2 2010 נגזרו על הנאשם שבע שנות מאסר וזאת חרף העובדה שלצד עבירת ההריגה ועבירת גרימת חבלה חמורה בנשק חם הורשע המערער בעבירות נוספות וכן נוכח נסיבות המקרה החמורות מנסיבות המקרה הנוכחי בדומה בע""פ 3769 06 בן שמחון נ מדינת ישראל לא פורסם 21 6 2007 בו הורשע הנאשם באותן העבירות כמו המערער בהליך שבפנינו ונגזרו עליו 14 שנות מאסר בבית המשפט המחוזי קיבל בית משפט זה את הערעור והפחית את עונש המאסר בפועל ל 9 שנים זאת נוכח הרקע לאירועים והקנטור שבוצע על ידי קורבנות העבירה וחרף העובדה כי לא היה מקום לראות בהתנהגות זו כמקימה בסיס לטענת הגנה עצמית והשוו גם תפ""ח י ם 627 09 מדינת ישראל נ עותמאן לא פורסם 31 5 2010 במקרה שבפנינו מצא עצמו המערער ללא התגרות מצידו לכוד באירוע אלים בו הותקפו הוא ובני משפחתו אמנם לא נפל פגם בקביעת בית המשפט המחוזי כי משפנו קורבנות העבירה לעזוב את המקום היה על המערער להימנע מלרדוף אחריהם וכי בעשותו כן ביצע את העבירה במנותק מהאירועים שקדמו לה יחד עם זאת יש לתת לאירועים אלו משקל של ממש במסגרת גזר הדין יפים לעניין זה דברי השופטת ע ארבל ""בית משפט זה הקל לא פעם בצורה משמעותית בעונשם של נאשמים שחרגו מתנאי ההגנה העצמית הכל כמובן לפי נסיבותיו המיוחדות של כל מקרה ומקרה בפרט ראוי להקל בעונשו של מי שחרג מתנאי ההגנה העצמית כאשר הוא היה שרוי במצב נפשי מיוחד בעת המעשה פחד בלבול לחץ וכיוצא באלו"" ע""פ 4191 05 אלטגאוז נ מדינת ישראל לא פורסם 25 10 2006 פסקה 62 יצוין בהקשר זה כי אין באמור לעיל כדי להצדיק את ביצוע העבירה או להפחית מחומרתה על המערער היה לפנות לרשויות ולהסתייע בהן כדי למנוע הישנות אירועי אלימות נגדו ונגד משפחתו והבחירה לתקוף את תוקפיו בנשק קר אשר הובילה למותו של המנוח היא חמורה ביותר נוכח כל האמור מצאנו כי יש לקבל את הערעור ולהעמיד את רכיב המאסר בפועל בעונשו של המערער על 10 שנים יתר רכיבי גזר הדין יוותרו על כנם ניתן היום כ""ח בתמוז התשע""ב 18 7 2012 ש ו פ ט ש ו פ ט ש ו פ ט _________________________ העותק כפוף לשינויי עריכה וניסוח 10060950_H04 doc שצ מרכז מידע טל 077 2703333 אתר אינטרנט www court gov il"
HUGGINGFACE-d4e0c2ce9af3,2026-05-26T07:21:27+03:00,manual_review_no_defendant_relief,none," בעבירת הרצח אף ברכיב הפיצויים הכלול בגזר דינו של בית המשפט המחוזי לא מצאתי מקום להתערב אך אעיר כי לעניין זה היה על המערער לצרף את נפגעי העבירה כצדדים להליך ראו למשל רע""פ 9727 05 פלוני נ מדינת ישראל פ""ד סב 2 802 בפסקה 16 2007 ש ו פ ט אשר על כן הוחלט ברוב דעות לדחות את הערעור ניתן היום כ""ו חשוון התשע""ג 11 11 2012 ש ו פ ט ש ו פ ט ש ו פ ט _________________________ העותק כפוף לשינויי עריכה וניסוח 09087040_Z03 doc מא מרכז מידע טל 077 2703333 אתר אינטרנט www court gov il"
HUGGINGFACE-84657f87d3b0,2026-05-26T07:21:27+03:00,manual_review_no_defendant_relief,none,"המתוקן והמוסכם איננה ברף הנמוך לטענתו העונש שקבע בית המשפט המחוזי הנכבד הולם את כלל נסיבות המקרה ובהיותו מצוי בתוך טווח הענישה עליו הוסכם במסגרת הסדר הטיעון אין כל עילה להתערב בו דיון והכרעה 11 לאחר עיון בערעור ובחומר שצורף לו ולאחר שמיעת טיעוני הצדדים בפנינו החלטנו לדחות את הערעור הטעמים לכך יובאו מיד בסמוך 12 הלכה ידועה היא כי בית המשפט שלערעור לא יתערב בגזר הדין שקבעה הערכאה הדיונית אלא אם מדובר במקרה של טעות בולטת או סטייה ניכרת ממדיניות הענישה הנהוגה בנסיבות דומות ראו לדוגמה פיסקה 19 ב ע""פ 1725 06 טאראבין נ מדינת ישראל לא פורסם 25 05 2011 וההפניות שם כפי שיובהר מיד הננו בדעה כי לנוכח מכלול "
HUGGINGFACE-97fdcec0b7a1,2026-05-26T07:21:27+03:00,manual_review_acquittal,conviction_reversed_or_acquittal, לפגוע במתלוננת המעשה והכוונה לגביה מתלכדים איפוא באשר לעונש נטען כי מדובר בירי נפרד המצדיק ענישה נפרדת ואף אילו היתה ההרשעה בסעיף 329 אין מקום להקלה בשל החומרה הפגיעה היתה בשתי נשים והמדובר בשוטר בחופשה שמעל באמון והשתמש בנשק משטרתי הכרעה ה לאחר העיון החלטנו לזכות את המערער מחמת הספק מנסיון רצח החברה ולהמיר את ההרשעה בסעיף 305 בהרשעה בחבלה בכוונה מחמירה לפי סעיף 329 לחוק העונשין נציין כי אמנם תג העונש שקבע המחוקק בסעיף זה זהה לזה הקבוע לצד עבירת הניסיון לרצח לפי סעיף 305 ואולם יש מקום בנסיבות עם המרת העבירה לעבירה שאינה בכוונת קטילה להפחית במידה מסוימת מעונשו של המערער ולהעמידו על חמש עשרה שנים תו
HUGGINGFACE-084fbf73bd39,2026-05-26T07:21:27+03:00,manual_review_sentence_relief,sentence_relief_only," להרשיעו בעבירת אלימות שאיננה ניסיון לרצח דווקא שכן היסוד הנפשי הנדרש להתגבשותה של עבירה זו לא הוכח 22 בכל הנוגע לגזר הדין טען המערער כי בית המשפט קמא שגה כאשר לא ייחס משקל ראוי לנסיבותיו האישיות של המערער ובהן גילו ומצבו הבריאותי הרעוע כמו כן נטען כי אף שאין להקל עם המערער כמו עם נאשמים המודים באשמתם ונוטלים אחריות למעשיהם עובדת הכפירה באשמה כשלעצמה אינה יכולה להוות שיקול לחומרא הכרעתנו 23 לאחר ששקלנו את הדברים מצאנו לדחות את הערעור על כל חלקיו 24 אכן בית משפט זה כבר הטעים לא אחת שהערכאה הדיונית נדרשת לנקוט זהירות מירבית בבואה לבסס הרשעה בפלילים על סמך עדות זיהוי יחידה ראו למשל 3176 03 ווחידי נ מדינת ישראל לא פורסם 6 6 2007 בפסקה 15 וכי עליה להשתכנע במקרים אלו לא רק במהימנותו של העד המזהה במישור הסובייקטיבי אלא גם בכך שבמישור האובייקטיבי לא נפלה טעות כנה מצדו בזיהוי ראו ע""פ 2098 08 פרעוני נ מדינת ישראל לא פורסם 28 12 11 בפסקה 6 ע""פ 9040 05 אוחיון נ מדינת ישראל לא פורסם 7 12 2006 בפסקה 16 ע""פ 8902 11 חזיזה נ מדינת ישראל לא פורסם 15 11 2012 להלן עניין חזיזה בפסקאות 49 48 ברם בענייננו בית המשפט קמא נהג במקרה דנן בכל הזהירות הנדרשת הימנו והרשעתו של המערער מבוססת היטב בחומר הראיות 25 בהתייחס למישור הסובייקטיבי של עדות הזיהוי בית המשפט קמא השתכנע באשר למהימנותו המוחלטת של המתלונן ובמיוחד כך לנוכח העובדה שהזיהוי במשטרה ובעת מתן העדות נתמך בהצבעה ספונטנית על המערער סמוך לאחר התקיפה כפי שעולה מעדויות הרס גסטה לא מצאנו כל הצדקה להתערב במסקנה זו בהתייחס למישור האובייקטיבי האפשרות שמדובר בזיהוי שביסודו טעות כנה הייתה במקרה זה קלושה ביותר בשים לב לנסיבות האירוע לתנאי המקום ולנתונים שעמדו לרשות המתלונן המתלונן התבונן בפניו הגלויות של תוקפו ממרחק אפסי בתנאי תאורה מספקים האירוע התרחש בשעת ערב מוקדמת בטרם ירדה החשיכה כל זאת לרקע של היכרות מוקדמת ממושכת שהקלה על הזיהוי והקטינה את הסיכון לזיהוי שגוי ראו והשוו עניין חזיזה בפסקאות 51 50 הנה כי כן ראיית הזיהוי בעניינו של המערער הייתה מבוססת היטב ולכאורה די היה בה בלבד על מנת להכריע בשאלת זהותו של הדוקר 26 לא כל שכן כאשר הרשעתו של המתלונן נתמכה במערך ראייתי רחב יותר שכלל גם את התנהלותו המחשידה של המערער בעת מעצרו וחקירותיו ואת העדויות השונות השופכות אור על הרקע שקדם למעשה הדקירה ועל המניעים לביצועו עדויות שבית המשפט קמא מצא מהימנות מנגד עמדו עדותו של המערער שהותירה על בית המשפט רושם שלילי ובלתי מהימן וכן עדותה של הנכדה שהיתה עדות בודדת מבין העדויות ה""חיצוניות"" שלא התיישבה עם טענת הזיהוי על פי מראה פניו של התוקף ואשר גם אותה מצא בית המשפט קמא בלתי מהימנה בנסיבות אלה לא מצאנו כל הצדקה להתערב בממצאים העובדתיים של בית המשפט קמא 27 אנו מבקשים להוסיף כי אף דעתנו לא היתה נוחה מכך שהמשיבה לא ביקשה לחקור את הנכדה בחקירה נגדית מה גם שלא הוצג לנו הסבר מניח את הדעת להתנהלות זו נקודת המוצא היא שבדרך כלל כאשר בעל דין נמנע מחקירה נגדית של עד מבלי שהציג הסבר סביר להימנעותו זו ההנחה היא כי אינו חולק על דברי העד ועל בית המשפט להביא עובדה זו בבואו להעריך את משקלה הראייתי של אותה עדות ראו למשל ע""פ 7653 11 ידען נ מדינת ישראל לא פורסם 26 7 2012 להלן עניין ידען בפסקה 40 יעקב קדמי על הראיות חלק רביעי 1953 1952 2009 הגיונה של הנחה זו נעוץ בהכרה בתרומתה המשמעותית של החקירה הנגדית לבירור האמת ולהערכה נכונה של משקל העדות עניין ידען שם בענייננו ראוי היה שהמשיבה תבקש לחקור את הנכדה חקירה נגדית לא רק מטעמים ""תועלתניים"" אלא גם מבחינת מראית פני הצדק עם זאת איננו סבורים כי יש מקום לקבלת הערעור נגד הרשעתו של המערער מטעם זה בלבד בהתחשב בתשתית הראייתית האיתנה שעליה היא מבוססת ראשית יש להדגיש כי גם במקרה שבו בעל דין נמנע מחקירה נגדית של עד עדיין אין הדבר מחייב את בית המשפט לקבל את גרסת אותו עד כמהימנה הערכת מהימנותו של עד ומשקלה של עדותו נתונים בכל מקרה לשיקול דעתה של הערכאה הדיונית הגם שהיעדרה של חקירה נגדית עשוי להיות אחד משיקוליה בעניין זה ראו והשוו ע""פ 639 79 אפללו נ מדינת ישראל פ ד לד 3 561 566 1980 עניין ידען שם יתר על כן אפילו קיבל בית המשפט קמא את עדותה של הנכדה כמהימנה לא היה בכך כדי לכרסם בתשתית הראייתית האיתנה שעליה הושתתה הרשעתו של המערער לכל היותר עדותה של הנכדה היא עדות מפי השמועה שאינה מהווה ראיה לאמיתות הדברים ששמעה מפי המתלונן אלא לעצם אמירתם ככזו אין בה כדי לאיין את גרסתו העקבית והסדורה של המערער במשטרה ובבית המשפט לפיה פניו של הדוקר היו גלויות 28 לא מצאנו ממש גם בטענתו החלופית של המערער לפיה היה על בית המשפט קמא להרשיעו בעבירת אלימות פחותה בחומרתה היסוד הנפשי הנדרש להרשעה בעבירת ניסיון לרצח על פי סעיף 305 הוא כוונה לגרום לתוצאה הקטלנית ע""פ 1639 98 דהן נ מדינת ישראל פ ד נה 4 501 517 516 2001 בהתחשב בעובדה שהמערער ארב למתלונן כשהוא מצויד בסכין שהכין מבעוד מועד ונוכח הנחישות שבה דקר את קורבנו חזור ודקור באיברים הנחשבים חיוניים ניתן להניח בלא כל קושי כי המערער אכן התכוון במעשיו לגרום למותו של המתלונן 29 בסיכומו של דבר סברנו שההרשעה מבוססת היטב במערך הראייתי הכולל ולא מצאנו בטענותיו של בא כוח המערער בסיס להתערבות בה 30 אף איננו סבורים שיש מקום להתערב בעונש שהושת על המערער המערער איים על המתלונן באופן מתמשך בכל הנוגע לעבירה של ניסיון לרצח מעשיו התאפיינו בתכנון קר ובפעולה חסרת רחם הוא הצטייד בסכין ארב למתלונן בדרכו לבית הכנסת ודקר אותו מספר פעמים בצווארו ובפניו המערער לא חדל ממעשיו גם כאשר המתלונן נפל על גבו ואחז בלהב הסכין בניסיון למנוע את התקיפה המערער ניסה לדקור אותו ג"
HUGGINGFACE-888de4ae3895,2026-05-26T07:21:27+03:00,manual_review_no_defendant_relief,none,"רה ספק כי המערער חפץ לבטח בשלב היריות הקטלניות במות המנוחה סיכומם של דברים 29 על יסוד האמור לעיל הגעתי למסקנה כי הוכח שהמערער החליט להמית את המנוחה כפי שפסק בית המשפט המחוזי הוכח שהמערער המית את המנוחה בכוונה תחילה ובכך ביצע את עבירת הרצח אשר על כן אציע לחברי לדחות את הערעור ש ו פ ט השופט ס גובראן אני מסכים ש ו פ ט השופט נ הנדל אני מסכים ש ו פ ט הוחלט כאמור בפסק דינו של השופט נעם סולברג ניתן היום י""ד בטבת תשע""ג 27 12 2012 ש ו פ ט ש ו פ ט ש ו פ ט _________________________ העותק כפוף לשינויי עריכה וניסוח 10086670_O07 doc ע ב מרכז מידע טל 077 2703333 אתר אינטרנט www court gov il"
HUGGINGFACE-d1b5535b9a4e,2026-05-26T07:21:27+03:00,manual_review_sentence_relief,sentence_relief_only,"ן ואף לא ידע אודות תוכניתו של ויקטור להמיתם המערער מוסיף וטוען כי שגה בית המשפט המחוזי משלא שקל לקולא את עובדת היותו שרוי בגילופין בעת האירוע בנוסף לכך טוען המערער כי אינו ממעיט מחומרת העבירה אך טוען כי למנוחים הייתה תרומה משמעותית להתרחשותה המערער טוען כי יש להקל בעונשו נוכח נסיבותיו האישיות והמשפחתיות המערער מוסיף כי לא ניתן משקל הולם להודאתו וחרטתו כן מפנה המערער לתנאי מאסרו הקשים שכן לטענתו הוא מוגדר כ""טעון הגנה"" בשל היותו מאוים מעבר לכך טוען המערער כי בית המשפט המחוזי לא נתן משקל לאינטרס השיקום בעניינו חרף העובדה כי הוא נטל חלק בהליך שיקומי שבמרכזו נסיונו להיגמל מסמים מכל הטעמים דלעיל עותר המערער להקלה בעונשו תשובת המשיבה 9 המשיבה טוענת באמצעות בא כוחה עו""ד ד""ר דותן רוסו כי בהתחשב במהות המעשים ובתוצאותיהם כמו גם במאפייני המערער מדובר בעונש מדוד המשיבה מוסיפה כי המערער היה מעורב במעשים אכזריים וקשים שנעשו אחרי רדיפת המנוחים עד להשגתם כמו כן טוענת המשיבה כי המערער הצטייד בסכין וגרם לשלושה חתכים בפניו של דוד המשיבה מדגישה את עברו הפלילי החמור של המערער לרבות הרשעה בשוד ואינוס בכוח כשבגין עבירות אלה ריצה מאסר ארוך בפועל בנוסף לכך טוענת המשיבה כי התסקיר שהתקבל בעניינו של המערער היה שלילי ושירות המבחן נמנע מלבוא בהמלצה טיפולית לגביו המשיבה מטעימה כי על אף מכלול הנתונים לחומרה בית המשפט המחוזי הקל עם המערער בשל נסיבות חייו הקשות ומצבו המשפחתי נוכח כל האמור טוענת המשיבה כי יש לדחות את הערעור דיון והכרעה 10 לאחר שעיינתי בנימוקי הערעור והאזנתי בקשב רב לטיעוני הצדדים בדיון שנערך לפנינו הגעתי לכלל מסקנה כי יש מקום להקל במידת מה בעונשו של המערער נוכח העובדות המצומצמות המפורטות בכתב האישום המתוקן באשר לחלקו המוגבל במסכת העבריינית ולאור הסדר הטיעון בגדרו הושמט סעיף 10 מכתב האישום המקורי 11 איני סבור כי יש מקום לייחס משקל למרבית טענותיו של המערער שנבחנו לעומקן ונדחו בצדק על ידי בית המשפט המחוזי המערער הודה שהרג את דוד ועל כך אין מחלוקת עבירת ההריגה היא אחת העבירות החמורות בספר החוקים בשל תוצאתה נטילת חיי אדם זאת ועוד בנסיבות העניין המערער הצטרף לויקטור ולשמעון במרדף אחר האחים אבועזיז חרף העובדה שאלו היו חבולים וחסרי יכולת ממשית להתגונן תוך שהמערער הסכים לקבל סכין שנתן לו ויקטור המערער אף גרם לשלושה חתכים עמוקים בפניו של דוד כשזה שכב על הארץ והיה חסר יכולת להתגונן לאחר מכן נמלט מהמקום נסיבות מעורבותו של המערער באירוע מושא כתב האישום חמורות אף יותר שכן לו עצמו לא הייתה כל יריבות עם האחים אבועזיז וחרף זאת הוא הצטרף לויקטור ולשמעון ויחדיו הם נטלו את חייהם של האחים אבועזיז תוצאת האירוע קשה ובלתי מתקבלת על הדעת 12 זאת ועוד סבורני כי שיקולי מדיניות המצדדים באינטרס הציבורי אינם מאפשרים להלום הכרת הדין בכך שאדם ""נגרר"" לנטילת חיי אדם יש לקבל את קביעתו של בית המשפט המחוזי כי אין בעובדה שהמערער היה מצוי בגילופין כדי לשמש נסיבה לקולא לאור הכלל בדבר איסור כניסה למצב בהתנהגות פסולה ראו סעיף 34יד לחוק העונשין לכלל השיקולים דלעיל יש לצרף את עברו הפלילי המכביד של המערער גם אם בשנים האחרונות הוא ניסה להשתלב בהליך שיקומי אשר גם אם אין להקל בו ראש נדמה כי הוא לא נשא פרי ממשי אשר ניתן להתחשב בו לצרכי הקלה בעונש בנוסף לכך שירות המבחן לא בא בהמלצה שיקומית בעניינו של המערער לא זאת אף זאת צדק בית המשפט המחוזי בהדגישו כי בעבירות המתה נסיבות אישיות נסוגות מזומנות מפני האינטרס הציבורי אלא שחרף זאת סבר בית המשפט המחוזי כי יש מקום להתחשב בנסיבותיו האישיות של המערער ונתן לכך ביטוי בגזר הדין בבחינת מכלול הדברים נדמה כי בית המשפט המחוזי"
HUGGINGFACE-46b423aafcbd,2026-05-26T07:21:27+03:00,manual_review_no_defendant_relief,none,"תחכמות שאינן חד משמעיות ומשאיר לעצמו פתח הימלטות כל אימת שמובאות בפניו ראיות נוספות שיש בהן כדי לקשור אותו למעשה הרצח "" עמוד 113 להכרעת הדין דיון והכרעה 17 למקרא הכרעת הדין לאחר שקילת טענות ב""כ הצדדים מזה ומזה אלו שבעל פה ואלו שבכתב על רקע החומר שבתיק נמצא כי דין הערעור להידחות ידוע כי ככלל לא תתערב ערכאת הערעור בממצאים העובדתיים של הערכאה הדיונית אשר התרשמה מהראיות ומהעדים באופן בלתי אמצעי למעט במצבים חריגים ע""פ 2439 10 פלוני נ מדינת ישראל 6 6 2010 ע""פ 4045 11 פלוני נ מדינת ישראל 30 4 2012 ע""פ 9352 99 יומטוביאן נ מדינת ישראל פ""ד נד 4 632 2000 להלן הלכת אי ההתערבות כפי שיובהר להלן בערעור לא "
HUGGINGFACE-0e798a715c64,2026-05-26T07:21:27+03:00,manual_review_sentence_relief,sentence_relief_only,"טיל על המערער 2 עונש מאסר עולם בגין עבירת הרצח ניסיון לשוד והעבירות הנלוות להן נוסף על כך הושת על המערער 2 עונש של 5 שנות מאסר בגין עבירת הניסיון לחבלה חמורה ונקבע כי עונש זה ירוצה באופן מצטבר למאסר העולם לגישת בא כוח המערער 2 יש "" להקל בעונשו של המערער 2 תוך הפחתה מסוימת מתקופת המאסר שנגזרה לריצוי בפועל ולחילופין באופן ריצוי המאסר כך שהמערער 2 ירצה את המאסר בחופף לכל תקופת מאסר שתושת עליו "" במוקד הדיון עומדות שלוש שאלות ראשית האם נכון עשה בית משפט קמא בגוזרו על המערער 2 שני עונשים נפרדים שנית האם עונש המאסר הנוסף בגין עבירת הניסיון לחבלה חמורה סוטה באופן ברור ממדיניות הענישה הראויה ושלישית האם היה מקום להורות על צבירת העונשים ולא על חפיפתם 151 בראש ובראשונה דעתי היא כי נכון עשה בית משפט קמא עת קבע כי עבירת הרצח ניסיון השוד והעבירות הנלוות להן מובחנות מן העבירה של הניסיון לחבלה חמורה שעה שהראשונות משתלבות כמקשה אחת למעשה אחד ואילו האחרונה נבדלת מהם ומשקפת מעשה שונה ונפרד קביעה זו בדין יסודה והמערער 2 אף לא השיג אודותיה היא עולה בקנה אחד הן עם המבחן הצורני עובדתי והן עם המבחן המהותי מוסרי אשר מטרתם לקבוע מתי עסקינן ב"" מעשה אחד "" עליו "" לא יענישנו יותר מפעם אחת "" כאמור בסעיף 186 לחסד""פ הירי שביצע המערער 2 לעבר סופייב במהלך המאבק ביניהם מהווה חוליה נפרדת בשרשרת הפעולות אותן ביצע ואף פוגע באינטרס של האחרון לשמירה על שלמות גופו ראו לעניין זה ע""פ 104 89 דרורי נ מדינת ישראל פ""ד מד 1 843 1990 ע""פ 1742 91 פופר נ מדינת ישראל פ""ד נא 5 289 1997 ע""פ 5023 99 חכמי נ מדינת ישראל פ""ד נה 3 406 2001 ע""פ 3503 01 תפאל נ מדינת ישראל פ""ד נח 1 865 2003 להלן עניין תפאל ע""פ 2948 03 ברזובסקי נ מדינת ישראל 20 6 2005 אשר על כן אין להתערב בקביעתו של בית משפט קמא לפיה ניסיון השוד הרצח והעבירות הנלוות בהן הורשע המערער 2 נבדלות מעבירת הניסיון לחבלה חמורה אותה ביצע ואין הן יכולות להיחשב כ"" מעשה אחד "" לצורך ענישה ולפיכך נכון היה לגזור בגינם שני עונשים נפרדים 152 אשר לשאלה האם ראוי היה להשית על המערער 2 עונש של 5 שנות מאסר בגין העבירה של ניסיון לחבלה חמורה אחזור תחילה ואזכיר כי הלכה מושרשת היא שערכאת הערעור תתערב בעונש שהוטל על ידי הערכאה הדיונית רק במקרים חריגים של סטייה ברורה ממדיניות הענישה הראויה ראו למשל ע""פ 6095 10 יחיא נ מדינת ישראל 18 7 2012 ע""פ 7439 09 פלוני נ מדינת ישראל 4 9 2009 ע""פ 3117 12 ארביב נ מדינת ישראל 6 9 2012 בנסיבות המקרה דנן סבורני כי אין כל הצדקה להתערב במידת העונש אשר הוטל על המערער 2 בגין הניסיון לחבלה חמורה אין להקל ראש בחומרתו של המעשה הנדון בו ירה המערער 2 לעבר סופייב באמצעות אקדח טעון שהיה ברשותו במהלך מאבק עימו ובאופן אשר היה עלול לגרום לו לחבלה חמורה או אף למותו וכל זאת על רקע ובמהלך ניסיון שוד ורצח וכאשר לחובתו של המערער 2 עבר פלילי הכולל מעורבות קודמת בעבירה בה קופחו חיי אדם תוך שימוש בנשק חם לפיכך דעתי היא כי אין כל עילה להתערבותנו בהחלטת בית משפט קמא להשית על המערער 2 עונש של 5 שנות מאסר בגין העבירה של הניסיון לחבלה חמורה 153 וכעת נותר לקבוע אם יש להתערב בהחלטתו של בית משפט קמא להורות על הצטברות העונשים אשר הושתו על המערער 2 לעניין זה יוזכר כי ברירת המחדל הקבועה בהוראת סעיף 45 ב לחוק העונשין קובעת כי מקום בו נאשם נידון לעונשי מאסר בגין עבירות שונות ובית המשפט לא הורה כי יישא את העונשים במצטבר יישא הנאשם בעונש המאסר הארוך ביותר מבין עונשי המאסר שהושתו עליו בגדר זאת נתון לבית המשפט שיקול דעת לקבוע האם ירוצו העונשים במצטבר או שמא בחופף במסגרת הפעלת שיקול דעתו "" על בית המשפט לאזן בין האינטרס החברתי במצוי הדין לבין האינטרס האנושי נקיטת מידת חסד עם הנאשם המאפשרת לו לרצות את העונש החמור כדי לכפר על עוונותיו "" עניין תפאל בעמ 872 בפסיקה התגבשו שלל שיקולים מנחים אשר בכוחם להשפיע על מלאכת איזון זו וביניהם עוצמת הזיקה המתקיימת בין המעשים השונים חומרת העבירות בהן הורשע הנאשם נסיבות המעשה והעושה שיקולי גמול והרתעה מידת הפגיעה והנזק שמעשי הנאשם יצרו וכיוצא באלו ראו לעניין זה ע""פ 9059 03 יוסבשוילי נ מדינת ישראל 21 3 2007 ע""פ 10153 07 קייסי נ מדינת ישראל 30 7 2012 ע""פ 9275 06 אבו מוך נ מדינת ישראל 6 9 2010 ע""פ 2933 08 אנג ל נ מדינת ישראל 5 12 2012 154 בית משפט קמא ציין כי עבירת הניסיון לחבלה חמורה היא עבירה נפרדת מיתר העבירות אותן ביצע המערער 2 וסבר כי עברו הפלילי של המערער 2 העובדה כי נשקפה מצידו סכנה לחיי אדם סופייב והאינטרס הציבורי תומכים בהצטברות העונשים ואכן אין ניתן להתעלם מן עובדה כי המערער 2 היה שותף פעיל ואחראי לפרשת רצח אלימה ומזעזעת במהלכה קופד פתיל חייו של המנוח ואשר במהלכה אף ירה לעברו של סופייב תוך כדי מאבק עימו יחד עם זאת הנני סבור כי על אף שמדובר במעשים נפרדים הרי שהזיקה הקיימת ביניהם אינה מבוטלת זאת שעה שכלל מעשיו של המערער 2 נעשו על רקע ומתוך מטרה להוציא מן הכוח אל הפועל את תוכנית השוד וכאשר העבירה שעניינה ניסיון לחבלה חמורה נעברה במהלך העבירה העיקרית ותוך כדי מאבק כך גם ובעיקר יש ליתן את הדעת לעובדה כי על אף שהמערער 2 נושא באחריות ישירה למותו של המנוח אין הוא זה אשר לחץ על הדק האקדח אל אלו מצטרפת אף העובדה כי למרבה המזל הפגיעה והנזק אשר נגרמו בגין הירי אשר בוצע לעבר סופייב אינם חמורים בהינתן כל אלו הגעתי למסקנה ולא בלב קל כי הטלת עונש מאסר נוסף הינה תוצאה מחמירה עם המערער 2 ועל כן אציע להתערב בקביעת בית משפט קמא להטיל עונש מאסר מצטבר אם תישמע דעתי זו הרי שייקבע כי העונשים אשר הוטלו על המערער 2 ירוצו בחופף ולא במצטבר כך שהמערער 2 יישא אך ורק בעונש של מאסר עולם סוף דבר 155 אשר על כן אציע לחבריי לדחות את ערעורו של המערער 1 לעניין הכרעת הדין בכפוף להחלפת סעיף עבירת הרצח כאמור בפס 136 כמו כן אציע לחבריי לדחות את ערעורו של המערער 2 לעניין הכרעת הדין ולקבל את ערעורו על חומרת העונש באופן שחמש שנות המאסר אשר הושתו עליו ירוצו בחופף לעונש מאסר העולם כאמור בפס 155 לעיל ש "
HUGGINGFACE-4f81de02ef51,2026-05-26T07:21:27+03:00,manual_review_sentence_relief,sentence_relief_only,"טיל על המערער 2 עונש מאסר עולם בגין עבירת הרצח ניסיון לשוד והעבירות הנלוות להן נוסף על כך הושת על המערער 2 עונש של 5 שנות מאסר בגין עבירת הניסיון לחבלה חמורה ונקבע כי עונש זה ירוצה באופן מצטבר למאסר העולם לגישת בא כוח המערער 2 יש "" להקל בעונשו של המערער 2 תוך הפחתה מסוימת מתקופת המאסר שנגזרה לריצוי בפועל ולחילופין באופן ריצוי המאסר כך שהמערער 2 ירצה את המאסר בחופף לכל תקופת מאסר שתושת עליו "" במוקד הדיון עומדות שלוש שאלות ראשית האם נכון עשה בית משפט קמא בגוזרו על המערער 2 שני עונשים נפרדים שנית האם עונש המאסר הנוסף בגין עבירת הניסיון לחבלה חמורה סוטה באופן ברור ממדיניות הענישה הראויה ושלישית האם היה מקום להורות על צבירת העונשים ולא על חפיפתם 147 בראש ובראשונה דעתי היא כי נכון עשה בית משפט קמא עת קבע כי עבירת הרצח ניסיון השוד והעבירות הנלוות להן מובחנות מן העבירה של הניסיון לחבלה חמורה שעה שהראשונות משתלבות כמקשה אחת למעשה אחד ואילו האחרונה נבדלת מהם ומשקפת מעשה שונה ונפרד קביעה זו בדין יסודה והמערער 2 אף לא השיג אודותיה היא עולה בקנה אחד הן עם המבחן הצורני עובדתי והן עם המבחן המהותי מוסרי אשר מטרתם לקבוע מתי עסקינן ב"" מעשה אחד "" עליו "" לא יענישנו יותר מפעם אחת "" כאמור בסעיף 186 לחסד""פ הירי שביצע המערער 2 לעבר סופייב במהלך המאבק ביניהם מהווה חוליה נפרדת בשרשרת הפעולות אותן ביצע ואף פוגע באינטרס של האחרון לשמירה על שלמות גופו ראו לעניין זה ע""פ 104 89 דרורי נ מדינת ישראל פ""ד מד 1 843 1990 ע""פ 1742 91 פופר נ מדינת ישראל פ""ד נא 5 289 1997 ע""פ 5023 99 חכמי נ מדינת ישראל פ""ד נה 3 406 2001 ע""פ 3503 01 תפאל נ מדינת ישראל פ""ד נח 1 865 2003 להלן עניין תפאל ע""פ 2948 03 ברזובסקי נ מדינת ישראל 20 6 2005 אשר על כן אין להתערב בקביעתו של בית משפט קמא לפיה ניסיון השוד הרצח והעבירות הנלוות בהן הורשע המערער 2 נבדלות מעבירת הניסיון לחבלה חמורה אותה ביצע ואין הן יכולות להיחשב כ"" מעשה אחד "" לצורך ענישה ולפיכך נכון היה לגזור בגינם שני עונשים נפרדים 148 אשר לשאלה האם ראוי היה להשית על המערער 2 עונש של 5 שנות מאסר בגין העבירה של ניסיון לחבלה חמורה אחזור תחילה ואזכיר כי הלכה מושרשת היא שערכאת הערעור תתערב בעונש שהוטל על ידי הערכאה הדיונית רק במקרים חריגים של סטייה ברורה ממדיניות הענישה הראויה ראו למשל ע""פ 6095 10 יחיא נ מדינת ישראל 18 7 2012 ע""פ 7439 09 פלוני נ מדינת ישראל 4 9 2009 ע""פ 3117 12 ארביב נ מדינת ישראל 6 9 2012 בנסיבות המקרה דנן סבורני כי אין כל הצדקה להתערב במידת העונש אשר הוטל על המערער 2 בגין הניסיון לחבלה חמורה אין להקל ראש בחומרתו של המעשה הנדון בו ירה המערער 2 לעבר סופייב באמצעות אקדח טעון שהיה ברשותו במהלך מאבק עימו ובאופן אשר היה עלול לגרום לו לחבלה חמורה או אף למותו וכל זאת על רקע ובמהלך ניסיון שוד ורצח וכאשר לחובתו של המערער 2 עבר פלילי הכולל מעורבות קודמת בעבירה בה קופחו חיי אדם תוך שימוש בנשק חם לפיכך דעתי היא כי אין כל עילה להתערבותנו בהחלטת בית משפט קמא להשית על המערער 2 עונש של 5 שנות מאסר בגין העבירה של הניסיון לחבלה חמורה 149 וכעת נותר לקבוע אם יש להתערב בהחלטתו של בית משפט קמא להורות על הצטברות העונשים אשר הושתו על המערער 2 לעניין זה יוזכר כי ברירת המחדל הקבועה בהוראת סעיף 45 ב לחוק העונשין קובעת כי מקום בו נאשם נידון לעונשי מאסר בגין עבירות שונות ובית המשפט לא הורה כי יישא את העונשים במצטבר יישא הנאשם בעונש המאסר הארוך ביותר מבין עונשי המאסר שהושתו עליו בגדר זאת נתון לבית המשפט שיקול דעת לקבוע האם ירוצו העונשים במצטבר או שמא בחופף במסגרת הפעלת שיקול דעתו "" על בית המשפט לאזן בין האינטרס החברתי במצוי הדין לבין האינטרס האנושי נקיטת מידת חסד עם הנאשם המאפשרת לו לרצות את העונש החמור כדי לכפר על עוונותיו "" עניין תפאל בעמ 872 בפסיקה התגבשו שלל שיקולים מנחים אשר בכוחם להשפיע על מלאכת איזון זו וביניהם עוצמת הזיקה המתקיימת בין המעשים השונים חומרת העבירות בהן הורשע הנאשם נסיבות המעשה והעושה שיקולי גמול והרתעה מידת הפגיעה והנזק שמעשי הנאשם יצרו וכיוצא באלו ראו לעניין זה ע""פ 9059 03 יוסבשוילי נ מדינת ישראל 21 3 2007 ע""פ 10153 07 קייסי נ מדינת ישראל 30 7 2012 ע""פ 9275 06 אבו מוך נ מדינת ישראל 6 9 2010 ע""פ 2933 08 אנג ל נ מדינת ישראל 5 12 2012 150 בית משפט קמא ציין כי עבירת הניסיון לחבלה חמורה היא עבירה נפרדת מיתר העבירות אותן ביצע המערער 2 וסבר כי עברו הפלילי של המערער 2 העובדה כי נשקפה מצידו סכנה לחיי אדם סופייב והאינטרס הציבורי תומכים בהצטברות העונשים ואכן אין ניתן להתעלם מן עובדה כי המערער 2 היה שותף פעיל ואחראי לפרשת רצח אלימה ומזעזעת במהלכה קופד פתיל חייו של המנוח ואשר במהלכה אף ירה לעברו של סופייב תוך כדי מאבק עימו יחד עם זאת הנני סבור כי על אף שמדובר במעשים נפרדים הרי שהזיקה הקיימת ביניהם אינה מבוטלת זאת שעה שכלל מעשיו של המערער 2 נעשו על רקע ומתוך מטרה להוציא מן הכוח אל הפועל את תוכנית השוד וכאשר העבירה שעניינה ניסיון לחבלה חמורה נעברה במהלך העבירה העיקרית ותוך כדי מאבק כך גם ובעיקר יש ליתן את הדעת לעובדה כי על אף שהמערער 2 נושא באחריות ישירה למותו של המנוח אין הוא זה אשר לחץ על הדק האקדח אל אלו מצטרפת אף העובדה כי למרבה המזל הפגיעה והנזק אשר נגרמו בגין הירי אשר בוצע לעבר סופייב אינם חמורים בהינתן כל אלו הגעתי למסקנה ולא בלב קל כי הטלת עונש מאסר נוסף הינה תוצאה מחמירה עם המערער 2 ועל כן אציע להתערב בקביעת בית משפט קמא להטיל עונש מאסר מצטבר אם תישמע דעתי זו הרי שייקבע כי העונשים אשר הוטלו על המערער 2 ירוצו בחופף ולא במצטבר כך שהמערער 2 יישא אך ורק בעונש של מאסר עולם סוף דבר 151 אשר על כן אציע לחבריי לדחות את ערעורו של המערער 1 לעניין הכרעת הדין בכפוף להחלפת סעיף עבירת הרצח כאמור בפס 136 כמו כן אציע לחבריי לדחות את ערעורו של המערער 2 לעניין הכרעת הדין ולקבל את ערעורו על חומרת העונש באופן שחמש שנות המאסר אשר הושתו עליו ירוצו בחופף לעונש מאסר העולם כאמור בפס 155 לעיל ש "
HUGGINGFACE-04b22a1c65fe,2026-05-26T07:21:27+03:00,manual_review_no_defendant_relief,none,"ולא מלקים אותו ופטור מדיני שמים על אותו העוון ומכל מקום מקבל דינו על מה שלא עצר ברוחו להשתגע"" ראו גם רע""פ 1286 11 אמברם נ מדינת ישראל פסקה 19 16 10 2012 סוף דבר 40 בדין הורשע המערער ברציחתו של המנוח סייג השכרות לא הוכח גם לא מצב של שכרות חלקית אציע אפוא לחברי לדחות את הערעור ולהותיר על כנה את הרשעתו של המערער ברצח ש ו פ ט הנשיא א גרוניס אני מסכים ה נ ש י א השופט א שהם אני מסכים ה ש ו פ ט הוחלט כאמור בפסק דינו של השופט נ סולברג ניתן היום כ""ה באדר התשע""ג 7 3 2013 ה נ ש י א ש ו פ ט ש ו פ ט _________________________ העותק כפוף לשינויי עריכה וניסוח 11063310_O05 doc עב הג מרכז מידע טל 077 27033"
HUGGINGFACE-4eefdb33e5fc,2026-05-26T07:21:27+03:00,manual_review_no_defendant_relief,none,"הרה לכן הגם ושיעור הפיצוי גבוה באופן כמעט חריג לא היינו מתערבים בנסיבות תיק זה לסיכום לנוכח הנסיבות המחמירות ובהיעדר נסיבות מקלות של ממש נקיטת רף הענישה המחמיר הן בעונש המאסר והן ברכיב הפיצוי על ידי בית המשפט קמא איננו מגלה עילה משפטית להתערבות ערכאת הערעור 5 הערעור על שני חלקי פסק הדין נדחה ניתן היום כ""ה באדר תשע""ג 7 3 2013 המשנה לנשיא ש ו פ ט ת ש ו פ ט _________________________ העותק כפוף לשינויי עריכה וניסוח 11062210_Z07 doc נכ מרכז מידע טל 077 2703333 אתר אינטרנט www court gov il"
HUGGINGFACE-53998ac33c66,2026-05-26T07:21:27+03:00,manual_review_no_defendant_relief,none,תו כי בשעת הרצח היה בביתו שבענתא ולהסבריו הכלליים והסתמיים אינו מותיר ספק כי שעלאן הוא האדם שדקר את המנוח למוות ראיות אלה מצטרפות כפי שיפורט להלן לראיות נוספות המבססות את המסקנה כי שעלאן הוא גם האורח אשר הוזמן על ידי סיורי לרצוח את המנוח ניתן אפוא כבר בשלב זה לדחות את ערעורו של שעלאן על הרשעתו האם הרוצח הוא האורח זיהויו של שעלאן כאורח 22 במוקד הדיון בבית המשפט המחוזי ניצבו עדויותיהם של בני משפחת חרוב סמיר עלי ואיהאב אשר תיארו בהרחבה את השתלשלות האירועים בשעות שקדמו לרצח אין חולק כי בערבו של יום 13 8 08 יום לפני הרצח הודיע סיורי לסמיר חרוב כי אורח יגיע ללון עימו ועם בני משפחתו בחדר סיורי ה
HUGGINGFACE-257da275fa5a,2026-05-26T07:21:27+03:00,manual_review_sentence_relief,sentence_relief_only,"מכן החל לנדב פרטים אודות אירועי יום הרצח והודה שאכן הגיע לדירה יחד עם נאשם 2 ואף סיפר שהיה עד למעשה הדקירה וניסה להפריד בין הנאשם 2 לבין המנוח ומשלא עלה בידו לעשות כן עזב את המקום ז 51 ע 4 6 בהמשך שינה נאשם 1 את גרסתו במעט והודה הודיה מסויגת בהשתתפות ברצח תוך הפחתה של חלקו במעשה ולבסוף מסר הודיה מפורטת ומלאה עליה חזר בשתי הזדמנויות נוספות "" פס 8 להכרעת הדין סנגורו של מוחמד טען כי אמרותיו במסגרת ההודאה ובשיחה שקיים עם רס""ר באדי חרב עובר להודאה מבולבלות ואינן מפורטות או ברורות כי ההודאה אינה סדורה וכי בתוכנה ניכר חוסר עקביות ממשי בדחיית הטענה עמד בית המשפט המחוזי על כך שקרא בעיון את תמלילי הודאות וצפה בהקלטותיהן וקבע ""אמנם ההודאה ניתנה בשלבים כשבכל שלב הוא מוסיף ומגלה טפח נוסף מאירוע הרצח המחריד אך מרגע שבחר להתוודות ולשטוח בפני חוקריו את כל סיפור המעשה כפי שהתרחשותו נראה כי הסיפור בעיקרו ניצב איתן כשהוא נהנה מהיגיון פנימי "" פס 11 להכרעת הדין נדחתה גם הטענה לפיה נוכח העובדה שמוחמד הודרך בידי רס""ר באדי חרב בהודאה ברכב בענין מספר הדקירות בגוף אין לייחס להודאה משקל פנימי מוחמד טען תחילה ברכב שפריד לבדו דקר את עמוס ""דקירה אחת"" רס""ר חרב הודיע לו כי ""הגופה מדברת אחרת"" ושעל פי הממצאים לא ייתכן שהרצח בוצע על ידי אדם אחד לאחר מכן הודה מוחמד שגם הוא השתתף ברצח ובסופו של דבר הודה שהשניים דקרו את עמוס דקירות רבות אולם בית המשפט המחוזי הדגיש כי כאשר מוחמד החל למסור הודאה מלאה נשמע מפיו תיאור שלם יותר של ההתרחשות בהכרעת הדין מצוטטים דבריו של מוחמד עת שנידב פרטים בענין המקומות בגוף בהם דקר סיפר שהוא שתה והסביר שהוא מאלה שכאשר הם דוקרים ""נותנים נותנים לא יודעים כמה"" וש""הגוף של עמוס היה דקור מדי"" פס 12 להכרעת הדין סניגורו של מוחמד טען בפני בית המשפט המחוזי כי העובדה שהחוקרים ""רעננו"" למוחמד את הזכרון תוך כדי ההודאה מפחיתה ממשקלה אך בית המשפט המחוזי דחה את הטענה "" יש לראות את הדברים באספקלריה רחבה יותר ותוך הבנה של דינאמיקה חקירתית שבה הנאשם המוסר הודאה אינו בהכרח שש למסור הודאתו ולא פעם הוא נעצר או שותק בעוד חוקריו מדרבנים אותו להמשיך במסירת ההודאה צפייה בקלטת החקירה מלמדת כי אין לפרש את ההפסקות בדיבורו כנובעות מחוסר אונים של חף מפשע אשר פיו נאלם דום בשל אי הכרת העובדות ההפך הוא הנכון התחושה היא כי נאשם 1 הינו אדם בר דעת המבין את המעשה הנורא שביצע בחמת זעמו ובהשפעת שכרותו ומודע לכך שהוא מפליל את עצמו ברצח וצפוי לרצות מאסר עולם בגין עבירה זו על רקע דברים אלו נקל להבין מדוע אין ההודאה קולחת מפיו כאילו הייתה בשורת הגואל"" פס 14 להכרעת הדין בית המשפט המחוזי דחה גם את הטענה שמוחמד הודה רק כדי לרצות את חוקריו ראו והשוו בחינת טענה בדבר מסירת הודאה מפאת לחץ החקירה במסגרת המבחן הפנימי דנ""פ אל עביד בע 775 נקבע כי אמנם משפטים כגון ""אתה רוצה שאני אגיד שדקרתי הנה אני דקרתי"" ז 51 עמ 39 נאמרו מפי מוחמד בראשיתה של ההודיה אך הם נאמרו בשפה רפה ונוכחותם הלכה והתמעטה ככל שמוחמד חשף פרטים רבים יותר וגיבש את הודאתו זאת כאשר בשלבים האחרונים של אותה הודאה ובהודאה הפורמאלית שלאחר מכן לא נמצא כל זכר לטענות אלה פס 13 להכרעת הדין 122 במסגרת הערעור חזר מוחמד על שנטען בבית המשפט המחוזי 123 לדעתי אין מקום להתערב בקביעות בית המשפט המחוזי בענין המשקל הפנימי של ההודאות זאת ועוד כפי שציין בית המשפט המחוזי מוחמד הודה שלוש פעמים וזאת בנוסף לאישרור המאוחר של ההודאות 10 ימים לאחר מכן עליו עמדנו לעיל בשלב הראשון של החקירה ברכב שבו ייחס מוחמד את הרצח לפריד בלבד מוחמד נידב ללא הדרכה בענין הפרטים גרסה בסיסית קוהרנטית ובעלת הגיון פנימי שגם לא היתה נטולת פירוט ""חוקר 1 קובי תן לנו כמה דקות לבד כן מרגיש טוב אני יודע שזה שלב שהוא חשוב מבחינתך ואני רוצה לשמוע רק את האמת מה היה באמת נחקר מה שהיה שהלכתי עם פריד שתיתי שתייה הוא אומר לי בוא נלך אצל בן אדם את זה את זה אומר לו בשביל מה אומר לי בשביל לעשות סקס לא יודע מה לקבל כסף טוב אומר לו איפה אומר לי כאן קרוב עכשיו הלכנו אצלו ישבנו אצלו בבית אני ופריד חוקר 1 איזה בן אדם נחקר עמוס חוקר 1 אהא נחקר הלכנו וישבנו אצלו בסלון התחלנו לדבר את זה את זה עשינו סקס אתה מבין קיבלנו כסף לא יודע על מה התחיל להתווכח עם פריד בשביל כסף וזה ואני אומר לפריד יאללה יאללה בוא נצא שנחזור הרי זה התחילו לריב הוא התחילו לריב ובסוף פריד נתן לו דקירה חוקר 1 עם מה נחקר עם סכין"" ז 51 ע 3 4 לאחר שמוחמד מספר שהוא ניסה להפריד בין פריד לעמוס ועמוס נפל ממשיך מוחמד בתיאורו ""חוקר 1 איפה זה היה באיזה חדר נחקר זה היה בחדר הראשון חוקר 1 איזה ראשון אתה נכנס לבית נחקר כן חוקר 1 איזה חדר מאיזה צד נחקר מהצד הזה חוקר 1 מצד ימין נחקר כן"" שם בע 5 עוד נידב מוחמד בשלב זה של החקירה ברכב בין היתר כי הוא שתה XL עם וודקה בכוס זכוכית שקופה ללא ידית כי הוא עישן סיגריות מרלבורו או LM אדום כי על אף שבעבר הוא קיים יחסי מין מלאים עם עמוס באותו יום רק פריד קיים עם עמוס יחסי מין כי פריד ועמוס התווכחו בחדר אחר וכי פריד הביא סכין שעמו דקר את עמוס מהמטבח של עמוס גרסה זו שפרש מוחמד היתה קוהרנטית הגיונית עקבית וסדורה ולא היתה מבולבלת או נטולת פירוט אמנם מוחמד סיפר גרסה זו תחילה תוך ייחוס מעשה הרצח לפריד בלבד וכאשר מוחמד הודה שגם הוא דקר את עמוס ז 51 ע 39 הוא לא חזר וסיפר באותה החקירה את הגרסה כולה מחדש אולם עולה בבירור מהמשכה של אותה חקירה כי הודאתו של מוחמד בענין ביצוע דקירות יחד עם פריד מתייחסת לאותה הגרסה בתוספת הדקירות שלו בנסיבות אלה אין לראות בהודאתו של מוחמד בביצוע דקירות הודאה לקונית אלא הודאה קוהרנטית הגיונית עקבית וסדורה בה נמסרו פרטים רבים לכך יש להוסיף כי בחקירה סמוך לאחר החקירה ברכב שבה מסר מוחמד הודאה פורמאלית הוא שוב הודה בביצוע הרצח הפעם כחלק ממסירת גרסה קוהרנטית והגיונית ""שאלה האם אתה מוכן לחזור על הסיפור ועל הגרסה שמסרת לי מחוץ לתחנה בתוך הרכב תשובה לא לא בא לי לספר את הסיפור עוד פעם שאלה האם מישהו לחץ עליך לספר את מה שסיפרת לי היום ומה גרם לך לספר מה שסיפרת תשובה לא אני סיפרתי כי נמאס לי מהכל ואז סיפרתי שאלה אם סיפרת הכל מרצון מה הבעיה שתחזור ותספר לי מה סיפרת תשובה לא בעיה שאלה אז אני מבקש ממך לספר עכשיו מה שבא לך לפי הרצון שלך תשובה מה שאני רוצה פריד לקח אותי מהתחנה המרכזית הלכנו לבית של עמוס טל לשכב איתו התווכחו עמוס ופריד ואחרי זה פריד דקר אותו אחרי זה התחיל לקלל ואני הייתי מסטול מהשתייה לא יודע מה עשיתי שם ואם לא הייתי מסטול לא הייתי עושה זה בכלל שדקרתי אותו את עמוס וזה לא הייתי מתכוון לעשות כך ולדקור אותו זה הייתי מסטול זה היה הטעות שלי שהייתי מסטול זאת הייתה טעות גדולה אם לא הייתי מסטול לא הייתי עושה כך לא יכולתי להשתלט על עצמי שם לא יכולתי ולא הייתי מתכוון לרצוח בכלל אם לא הייתי מסטול לא הייתי עושה את זה בכלל ולא הייתי נותן לפריד לעשות את זה בכלל והייתי מתקשר למשטרה שיק שאק וזהו"" ז 52 ע 2 לעניין ייחוס משקל פנימי להודאה שאינה ההודאה הראשונה אפנה ל ע""פ 6679 04 סטקלר נ מדינת ישראל פס 14 לא פורסם 11 5 2006 להלן סטקלר בקשה לדיון נוסף נדחתה ב דנ""פ 4324 06 סטקלר נ מדינת ישראל לא פורסם 20 2 2007 באותה פרשה מצא בית משפט זה משקל פנימי בהודאה השנייה שנתן הנאשם שם לאחר שהודאתו הראשונה היתה מבולבלת ובעלת סתירות בענייננו כפי שנותח לעיל גם הודאתו הראשונה של מוחמד היתה הודאה הגיונית וקוהרנטית בעלת משקל פנימי גם ההודאה השלישית בשחזור נושאת משקל פנימי ועיון בהקלטת השחזור מעלה כי מוחמד המחיש בדירה את הגרסה כפי שכבר סיפר אותה בחקירה ברכב ובהודאה הפורמאלית וגם בהמחשה זו נראית ההודאה הגיונית וקוהרנטית לנימוקים אלו יש להוסיף כי משקלה הפנימי של ההודאה של מוחמד אף מתחזק נוכח ריבוי ההודאות שמסר ראו סטקלר פס 17 האסמכתאות שם ע""פ 1094 07 דדון נ מדינת ישראל פס כ""ז לא פורסם 3 7 2008 המשקל החיצוני של ההודאות ""דבר מה נוסף"" 124 על פי מבחן המשקל החיצוני נדרשת תוספת ראייתית מסוג ""דבר מה נוסף"" החיצונית להודאתו של הנאשם על מנת להרשיעו מדובר בתוספת ראייתית מאמתת שדי שתאשר במידת מה את תוכן ההודאה ולא בתוספת ראייתית מסבכת מסוג של סיוע המתייחסת לזהות הנאשם כמבצע העבירה קיימים קשרי גומלין בין משקלה הפנימי של ההודאה לבין משקלה החיצוני ככל שאחד משני אלה גדול יותר יידרש פחות משקל מהסוג האחר כך הדרישה ל""דבר מה"" היא דרישת מינימום בלבד וכאשר משקלה הפנימי של ההודאה נמוך עשוי להידרש ""דבר מה"" ברמה של סיוע מטרת מבחן המשקל החיצוני היא להסיר את החשש שהנאשם לקח על עצמו ביצועה של עבירה שהוא אינו אחראי לה או שאינו אחראי לה באופן מלא סטקלר פס 20 21 125 בענייננו של מוחמד בית המשפט המחוזי קבע שהודאותיו נושאות משקל חיצוני על סמך שורה של פרטים מוכמנים "" מידע שהיה מצוי בידיעתו של הנאשם 1 אשר יכול היה להיות רק בידיעתו של מי שנכח בדירה בעת הרצח"" פס 15 ו 18 להכרעת הדין די בפרט מוכמן כדי להוות דבר מה נוסף סטקלר פס 26 אקדים ואומר כי למרות שאינני תמימת דעים עם בית המשפט המחוזי לגבי מעמדם של חלק מהפרטים שמנה כפרטים מוכמנים חלקם של הפרטים אכן מהווים פרטים מוכמנים שיש בהם כדי לעמוד במבחן המשקל החיצוני בנסיבות ענייננו 126 כך למשל מוחמד ידע למסור כי עמוס היה ערום בעת שנרצח בית המשפט המחוזי קבע כי מרגע שהחל לגולל את הודאתו עוד בשלבים שבהם הפליל את פריד והרחיק עצמו מביצוע הרצח מסר מוחמד כי המנוח היה ערום בעת ביצוע העבירה ופרט זה אומת באמצעות ראיות אובייקטיביות שנתפסו בזירה בית המשפט דחה את טענת הסנגור לפיה החוקרים הלעיטו את מוחמד בעובדה שעמוס היה ערום צוין כי הקטע בחקירה שבו שאלה החוקרת אם עמוס היה ערום או לבוש התרחש לאחר שבשלב מוקדם יותר בחקירה ברכב מוחמד כבר נידב מידע זה בערעור טוען ד""ר לייסט כי גם בחקירה ברכב שאל החוקר באדי חרב את מוחמד אם פריד ועמוס היו לבושים או ערומים בזמן ביצוע הרצח כך שלמוחמד היה סיכוי של 50 לענות תשובה נכונה על שאלה זו ואין לראות בפרט זה פרט מוכמן פס ד למסמך ""התמודדות עם הפרטים המוכמנים שנזכרו בהכרעת הדין"" שהוגש בידי ד""ר לייסט בדיון להלן ""מסמך ההתמודדות"" אמנם צודק ד""ר לייסט שגם בחקירה ברכב מוחמד לא העלה בעצמו את השאלה אם עמוס היה לבוש או ערום והוא נשאל אם עמוס היה לבוש או ערום אלא שלדעתי בכל זאת מדובר בפרט מוכמן עמוס נמצא ערום לחלוטין דקור בכל גופו אף שהחוקרים אמרו למוחמד בחקירה כי התקיימו יחסי מין הומוסקסואליים בדירה בליל הרצח ראו למשל ז 39 ע 80 כאשר החוקר באדי חרב שאל את מוחמד בחקירה ברכב האם עמוס היה לבוש או ערום חוקר זה לא רמז למוחמד שאחת מהחלופות לבוש או ערום היא התשובה הנכונה אלא שאל ""באותו רגע הם היו לבושים או ערומים "" ז 51 ע 11 זאת ועוד מוחמד לא ענה תשובה סתמית לשאלה אלא הבדיל בין עמוס לבין פריד בענין לבוש ""חוקר 1 באותו רגע הם היו לבושים או ערומים נחקר באותו רגע חוקר 1 כן נחקר לא היו היה עמוס ערום חוקר 1 עמוס ערום ופריד נחקר פריד אני זוכר היה לבוש חוקר 1 מה נחקר לא זוכר היה לובש בכלל ג ינס ולא יודע מה חוקר 1 מכנס ג ינס היה לו נ עליים נחקר כן "" שם כך בנסיבות הענין יש לראות בידיעה שמסר מוחמד לפיה עמוס היה ערום בעת הרצח כפרט מוכמן לא נעלם מעיניי שמוחמד סיפק תשובה לא נכונה כאשר נשאל בשחזור בקשר לגילוח שיער הערווה של עמוס בעת האירוע ז 56 בע 17 ת 3 תמונה 24 עם זאת ניכר מעיון בשחזור כי לעומת פרטים רבים אחרים שמסר מוחמד לא זכר בקלות או באופן מיידי את הפרטים לגבי השיער ז 55 22 56 שעה 20 15 59 127 בית המשפט המחוזי ראה כפרט מוכמן גם את העובדה שמוחמד ידע לספר שהשאיר את כלי הרצח הסכין שעמו דקר בתוך הדירה נקבע כממצא עובדתי כי שני הסכינים ששימשו לביצוע הרצח נתפסו בדירה פס 16 ו להכרעת הדין בית המשפט המחוזי דחה את טענת הסנגור לפיה במהלך החקירה ברכב גילה החוקר באדי חרב למוחמד שהסכין נמצא בדירה נקבע כי החוקר אמנם אמר למוחמד ""יש לי שני סוגים של סכין"" ז 51 ע 45 ""אך אמירה זו נאמרה בהקשרה של השאלה בדבר מספר הסכינים בהם בוצע הרצח"" כאשר "" משפט כללי זה אינו מלמד דבר וחצי דבר על המקום בו נתפסו הסכינים שבהחלט יכול ונתפסו בחצר הבית "" או בהכרח על כך שנתפסו פס 16 ו להכרעת הדין על פי טענתו של ד""ר לייסט בערעור עולה בבירור מתמליל החקירה ברכב ז 51 ע 43 44 כי החוקר באדי חרב רמז למוחמד שהסכינים נתפסו בדירה פס ו ל""מסמך ההתמודדות"" אף אם אניח שהחוקר באדי חרב רמז למוחמד שהסכינים נתפסו בדירה המידע שמסר מוחמד לגבי כלי הרצח מהווה פרט מוכמן הרי שני הסכינים שנתפסו בדירה הם סכיני מטבח ת 1 פס 9 ג ותצלום מס 46 ת 8 ויצוין שהדבר גם נטען מפורשות בכתב האישום ס 4 א לכתב האישום הקצה של אחד מהם נמצא שבור ונמצא בקרקפת של עמוס רסיס מתכתי אפור בעובי של 0 1 ס""מ ובאורך של כ 0 6 ס""מ עם הקצה המחודד לכיוון חלל הגולגולת סעיף 3 כב לחוות דעת מומחה ב ת 3 סנגורו של מוחמד ד""ר לייסט עצמו מפנה לחוות הדעת ב ת 29 בה נקבע כי שבר להב סכין שנמצא בגולגולת אכן שייך לאחת הסכינים שנמצאו בדירה ראו סעיף 1 ל""נקודות שוני בין הודאת מערער 1 לממצאים בזירה"" שהגיש ד""ר לייסט בדיון על פה בערעור בתחילת החקירה ברכב כאשר מוחמד עדיין טען שרק פריד דקר את עמוס הוא טען תחילה שהוא לא יודע מאיפה פריד הביא את הסכין ז 51 ע 4 אולם זמן קצר לאחר מכן והרבה לפני הרמזים הנטענים שנתן החוקר למוחמד בענין מציאת הסכינים בדירה מוחמד נידב שמדובר בסכין מהמטבח ""חוקר 1 איזה סכין תאר לי את הסכין מאיפה הביא את הסכין היה עליו סכין או ש לא יודע מה איזה סכין נחקר הביא סכין מהמטבח חוקר 1 מהמטבח נחקר כן חוקר 1 מהמטבח של עמוס נחקר כן"" שם ע 10 128 בפרטים מוכמנים אלה די על מנת לעמוד בדרישת המשקל החיצוני בענייננו 129 על כן יש להוסיף למרות שאין פרט להודאותיו של מוחמד ראיות חד משמעיות שנקבעו כאמינות בענין המיקום המדויק של ביצוע הדקירות בתוך הדירה מרבית כתמי הדם בדירה מעבר לדם ברצפה שהרי כל הדירה הוצפה מים נמצאו בחדר השינה בחדר האמבטיה ובמבואה המחברת ביניהם במובחן מחדר המגורים והמטבח ראו ת 1 ובפרט תרשים הדירה שבו אציין כאן כי בית המשפט המחוזי טעה בקביעה שלא נמצאו כתמי דם כלל במטבח ראו ת 1 תצלומים 47 48 ראו גם פס 3 5 לתגובה מטעם המדינה מיום 17 1 2012 העובדה שמוחמד מיקם את אותן הדקירות שהוא ראה וביצע בחדר השינה ז 51 בע 5 ז 55 קלטת השחזור משתלבת עם ראיות חפציות חיצוניות אלה אמנם צודק ד""ר לייסט כי מוחמד טען בשחזור כי עמוס התמוטט במרכז חדר השינה ואילו עמוס נמצא ממוטט במבואת הדירה צמוד לדלת הכניסה לדירה פס ה ל""מסמך ההתמודדות"" אך כזכור על פי גרסתו של מוחמד עצמו בשחזור כאשר עזב את הדירה עמוס היה עדיין בחיים וצעק אין סתירה בין דקירות ראשונות ונפילתו של עמוס בחדר השינה בריחתו של מוחמד כאשר עמוס עדיין בחיים וצועק והעובדה שהמשטרה מצאה אותו בסופו של דבר ממוטט במבואה בסמוך לדלת הכניסה לדירה 130 העובדה שמוחמד מסר במסגרת הודאותיו כי הוא ופריד הפכו את הארון בדירתו של עמוס מאמתת אף היא את ההודאות ס 16 א להכרעת הדין אמנם כפי שציין בית המשפט המחוזי החוקר באדי חרב אמר למוחמד בחקירה ברכב שבמהלכה הודה מוחמד כי היה ""בלאגן"" בדירה אך צדק בית המשפט המחוזי בקביעה שיש דרכים רבות ליצור ""בלאגן"" בדירה ואין במסירת המידע על ""בלאגן"" בדירה משום גילוי שמקור ה""בלאגן"" הוא דווקא הפיכת הארון כפי שטען ד""ר לייסט בערעור החוקרים גם מסרו למוחמד בשלב מסוים בחקירה בטרם ההודאות כי ""גם איפה שחיפשתם שם בארון הכל נבדק "" ז 39 ע 86 אולם חיפוש בארון ו"" הפיכת הארון "" פיזור תכולתו בחדר אינם פעולות זהות והפיכת הארון אינה תוצאה הכרחית או מובנת מאליה של חיפוש בארון כך מסירת הנתון בענין ""הפיכת הארון"" מוסיפה אף היא לאימות הודאותיו של מוחמד 131 טענתו של מוחמד בהודאותיו לפיה הוא שתה אצל עמוס בערב הרצח וודקה עם משקה XL מצאה אף היא אישוש בראיות החיצוניות בזירה בחקירה בשלב שבו מוחמד עדיין טען כי לא נכח בדירה במועד הרצח הוא טען כי הוא היה בדירתו של עמוס במועד קודם למועד הרצח וכי באותו מועד קודם הוא שתה בדירה וודקה עם משקה XL ז 31 ע 20 גם בשלב מאוחר יותר בחקירה במסגרת הודאותיו כאשר מוחמד כבר הודה שהיה בדירתו של עמוס במועד הרצח הוא המשיך להתמיד בטענה שהיה בדירתו של עמוס גם במועד המוקדם יותר ז 51 ע 6 כאן המקום להזכיר את עדותו של חברו של עמוס יעקב אשר נתקבלה בידי בית המשפט המחוזי לפיה הקשר הקודם בין עמוס לבין מוחמד התפרש על פני תקופה לא קצרה פס 54 להכרעת הדין יטען הטוען כי לאור הכרותו הקודמת של מוחמד עם דירתו של עמוס מוחמד ידע שנהוג לשתות XL אצל עמוס ומוחמד שילב פרט זה בהודאת שווא אין לקבל טענה זו אמנם אם שתיית XL בדירתו של עמוס לא היתה התרחשות המיוחדת לאירוע הרצח במסירת נתון בענין שתיית XL בידי אדם עם הכרות מוקדמת עם דירתו של עמוס אין לראות פרט מוכמן לגבי הרצח אולם מן הצד השני טענתו של מוחמד שהוא שתה XL אצל עמוס במועד הקודם אינה הופכת שתיית אותו משקה בערב הרצח על ידי מוחמד או בכלל לעובדה ברורה מאליה והכרחית ודוק כאשר מוחמד סיפר בחקירה על שהתרחש בדירה במועד הקודם הוא אמר כי הוא שאל את עמוס מה יש לשתות ועמוס ענה לו ""יש לי קולה יש לי בירה יש לי אבסלוט וודקה "" ז 31 ע 20 XL לא היה ככל הנראה המשקה היחיד אצל עמוס תמיד כך גם אם אין לראות בשתיית XL בערב הרצח פרט מוכמן העובדה שמוחמד ידע למסור במסגרת הודאותיו שנשתה משקה XL בדירתו של עמוס גם בערב הרצח אינה חסרת משקל ראייתי באישוש ההודאות ודוק לפי התמונות והכתוב בחוות הדעת של המעבדה הניידת לזירת העבירה שהוגשה כראייה לבית המשפט המחוזי מיכל המשקה היחיד שנתפס בדירה היה ""פחית משקה XL ועליה כתמי חומר החשוד כדם על המיטה הזוגית"" בחדר שבו לטענת מוחמד בוצעו הדקירות הראשונות חוות הדעת מזירת העבירה ב ת 1 פס 5 ד ו 13 יא ותצלום מס 14 לעניין טענתו של ד""ר לייסט לפיה בניגוד לדברי מוחמד לא נמצא בקבוק וודקה בזירה פסקה ז ל""מסמך ההתמודדות"" יצוינו התמונות והדיווח באותה חוות דעת לגבי ""עטיפת פלסטיק של צוואר בקבוק שתייה"" שנמצאה אף היא בחדר הנזכר ת 1 פס 5 ד ו 13 ה ותצלום מס 15 132 בפרטים המוכמנים ובראיות החיצוניות הנוספות שמאששות את הודאותיו של מוחמד כפי שסקרתי אותם לעיל יש די והותר על מנת להוות ה""דבר מה הנוסף"" הנדרש על מנת להרשיע את מוחמד על סמך הודאותיו לאלה יש להוסיף את הפרכת טענת האליבי של מוחמד בענייננו בית המשפט המחוזי לא רק קבע שטענת האליבי של מוחמד כבושה ובלתי מהימנה הוא הוסיף וקבע כי טענת האליבי הופרכה בידי איכון שיחות טלפון על פי ההלכה הפסוקה הפרכה פוזיטיבית של טענת אליבי במובחן מדחיית טענת אליבי ללא הפרכה פוזיטיבית יכולה להוות אפילו סיוע ראו ע""פ 2596 90 פלוני נ מדינת ישראל פ""ד מו 5 690 693 1992 ע""פ 892 07 גרנדיבסקי נ מדינת ישראל פס 30 לפסק דינו של השופט י אלון ופס 6 לפסק דינו של השופט א גרוניס טרם פורסם 26 5 2008 מקל וחומר שהפרכה פוזיטיבית כאמור יכולה למלא את תנאיה הפחותים של תוספת ראייתית מסוג דבר מה נוסף ראו דברי השופט י דנציגר ב פסק דין אבו עצא פס 67 לפסק דינו על הפרכת טענת האליבי של מוחמד בהמשך הדברים דחיית טענת האליבי 133 כפי שציינתי בתחילת הדברים בית המשפט דחה את טענת האליבי שהעלה מוחמד לראשונה בבית המשפט לפיה שהה בערב הרצח במסיבה של עמותת על""ם שממנה הלך לביתו של חברו סאמר נאסר טענת אליבי זו שגם היתה שונה בתכלית מגרסת האליבי המפורטת שמסר בחקירה קודם לכן נדחתה כגרסה כבושה בית המשפט אף בחן את טענת האליבי לגופה ומצא שהיא בלתי מהימנה ואף הופרכה בנימוקי הערעור ובעיקרי הטיעון שהוגשו מטעם מוחמד בידי עו""ד אבו שחאדה נטענו שלוש קבוצות של טענות נגד הקביעות בקשר לטענת האליבי זאת מעבר לטענות בעלמא בענין טעויות בקביעות בית המשפט ללא הסבר או נימוק מדוע בית המשפט טעה וטענות בדבר סתירות בעדותה של שכנת המנוח שעליה כלל לא סמך בית המשפט את ידו בהכרעת הדין בקבוצת הטענות הראשונה נטען כי כיוון שלא ניתנה הודעה למוחמד במהלך החקירה בדבר מועד הרצח ומקומו לא היה מקום לראות בגרסת האליבי שהועלתה לראשונה בבית המשפט כגרסה כבושה בקבוצת הטענות השניה נטענו טענות לביסוס העובדה שהמסיבה אכן התקיימה במרכז על""ם בערב הרצח דבר אשר מחזק לפי הנטען את מהימנותו של מוחמד באופן התומך בטענת האליבי בקבוצת הטענות השלישית נטען כי בית המשפט טעה כאשר קבע כי איכון הטלפון של קיפאח באזור הרצח מפריך את טענת האליבי בדיון על פה בערעור ביום 16 5 2012 הוסיף ד""ר לייסט בענין הקשר בין המסיבה במרכז על""ם לבין ההודאות של מוחמד כי בהודאות טען מוחמד שפגש את פריד בשעה 18 00 בערב הרצח אך נוכח האליבי ה""ממקם"" אותו במרכז על""ם בין השעות 19 00 19 30 ברור שההודאה אינה אמת 134 לדעתי אין מקום להתערב במסקנה אליה הגיע בית המשפט המחוזי לפיה יש לדחות את טענת האליבי אבאר 135 במסגרת הערעור של מוחמד על הכרעת הדין למעשה טען עו""ד אבו שחאדה כי בית המשפט המחוזי טעה בקביעה שגרסת האליבי שהועלתה במשפט היא גרסה כבושה שכן כתוצאה מכך שלא ניתנו למוחמד פרטים בענין מועד הרצח ומקומו לא ניתן היה לצפות ממוחמד להעלות את גרסת האליבי הזו מוקדם יותר יש לדחות טענה זו שכן כפי שכבר קבעתי לעיל אין מקום להתערב בממצאים העובדתיים שקבע בית המשפט המחוזי לפיהם מוחמד ידע כבר בתחילת החקירה באיזה רצח מדובר ומתי בוצע והוא ממילא טען באותו שלב שמעולם לא היה בדירתו של עמוס כך לא מתרחשת בענייננו ""דחייה"" של המועד שממנו מצופה היה ממוחמד שיעלה את גרסת האליבי שלו וצדק בית המשפט בקובעו שהגרסה אשר העלה מוחמד רק במשפטו היא גרסה כבושה 136 גם אין בטענות בקשר לעובדה שהתקיימה מסיבה במרכז על""ם בערב הרצח כדי להצדיק התערבות בדחיית טענת האליבי לגופה כבלתי מהימנה מוחמד טען במסגרת טענת האליבי כי נכח בערב הרצח במסיבה של מרכז על""ם בית המשפט המחוזי קבע כי עדויות של שני נציגי עמותת על""ם תומכות בטענה זו כי מהימנותם לא נסתרה וכי לא נשמעה כל טענה של המאשימה נגד מהימנות או אמיתות עדויות אלה אלא שלעובדה שהמסיבה התקיימה או להשתתפותו של מוחמד בה אין רלוונטיות ממשית זאת כי המסיבה הסתיימה סביב השעה 20 30 ואילו הרצח שבוצע בדירתו של עמוס הנמצאת קרוב מאוד למקום המסיבה בוצע בין השעות 22 30 23 00 פס 27 להכרעת הדין בערעור חזר עו""ד אבו שחאדה על עדותם של נציגי עמותת עלם תוך הפנייה לצילומים של מוחמד אשר צולמו לפי הנטען באותה מסיבה והוגשו במסגרת המשפט נטען שיש בעדויות אלה כדי לתמוך בטענת האליבי ולחזק את מהימנותו של מוחמד ראו פס 118 124 לנימוקי הערעור אני מוכנה לקבל שהמסיבה התקיימה באותו הערב ועוד מוכנה אני להניח כי מוחמד נכח בה אולם אין בעובדה שמוחמד ציין שנכח במסיבה שהתקיימה כדי להפוך את טענת האליבי לגרסה מהימנה 137 ראשית יובהר כי אין בנוכחותו של מוחמד במסיבה כדי לסתור את השתתפותו ברצח בהמשך אותו ערב ואין בנוכחותו במסיבה כדי לסתור את הודאותיו כפי שקבע בית המשפט המחוזי המסיבה הסתיימה לכל המאוחר סביב השעה 20 30 פס 27 להכרעת הדין ואילו הרצח בוצע במקום מאוד קרוב לאותה מסיבה בין השעות 22 30 23 00 כך שאין בנוכחותו של מוחמד במסיבה כדי לעמוד בסתירה עם השתתפותו המאוחרת יותר ברצח כאמור נוכחותו של מוחמד במסיבה אף אינה עומדת בסתירה עם הגרסה בהודאותיו ברצח בית המשפט המחוזי עמד על עדותה של נציגת עמותת על""ם דורית לפיה המסיבה התחילה בשעה 19 00 ועל עדותו של נציג העמותה עידן לפיה יכול להיות שמוחמד הגיע למסיבה אמר שלום הצטלם ויצא פס 27 להכרעת הדין המסקנה העולה מההודאות של מוחמד היא שהוא נפגש עם פריד פעמים באותו הערב ולאחר שפגש אותו בפעם השניה לקראת השעה 20 00 הוא הלך עמו לדירתו של עמוס בתחילת הודאתו הראשונה ברכב אמנם טען מוחמד שפגש את פריד בתחנה המרכזית בשעה ""שש שש וחצי"" ז 51 ע 7 אך כאשר נשאל שוב בהמשך אותה הודאה באיזו שעה פגש את פריד ענה ""לפני השעה שמונה"" שם ע 37 באותו שלב כאשר החוקר באדי חרב שאל את מוחמד ""אמרת לי בשעה שש פגשת את פריד"" תשובתו של מוחמד לא היתה ברורה הוא ענה ""כן פגשתי את פריד"" שם ז 50 1 07 05 בהודאה הפורמאלית בתחנה סמוך לאחר מכן טען מוחמד שהוא לא יודע באיזו שעה בדיוק פגש את פריד ז 52 ע 3 ש 1 כאשר נשאל לגבי תשובתו הקודמת לפיה הוא פגש את פריד בסביבת השעה שש הבהיר מוחמד שהוא פגש את פריד פעמים באותו ערב בפעם הראשונה פגש את פריד בשעה שש ""והתחלנו להסתובב"" ובפעם השניה ולאחר שלדבריו לקח את הטלפון הנייד מקיפאח השניים כבר הלכו לדירתו של עמוס שם ש 47 51 אין סתירה בין ""הסתובבות"" של מוחמד עם פריד באזור התחנה המרכזית בתל אביב החל מהשעה 18 00 18 30 כניסתו של מוחמד למסיבה של מרכז על""ם ברחוב מנחם בגין 7 ראו עדותה של דורית פרידמן בע 101 לפרוטוקול מיום 17 12 2008 שהתחילה בשעה 19 00 והליכה עם פריד שלדברי מוחמד אותו פגש בשנית לדירה של עמוס לאחר מכן כך לא זו בלבד שנוכחותו של מוחמד במסיבה אינה סותרת את השתתפותו ברצח נוכחותו באותה מסיבה אף אינה סותרת את תוכן הודאותיו לגבי השעות שלפני הרצח 138 אין בעובדה שמוחמד טען שנכח במסיבה ושטענה זו הסתברה כנכונה כדי לחזק את מהימנותו של מוחמד בקשר לטענת האליבי ראשית נוכח קביעות בית המשפט המחוזי לגבי שעות המסיבה הטענה שמוחמד השתתף במסיבה אינה לאמתו של דבר חלק מטענת האליבי הרי "" טענת אליבי טענת במקום אחר הייתי הינה טענת הגנה מכוחה טוען חשוד או נאשם כי בעת ביצוע העבירה המיוחסת לו לא היה במקום התרחשות העבירה כי אם במקום אחר"" ע""פ 2694 09 פלוני נ מדינת ישראל פס 10 טרם פורסם 23 6 2010 ההדגשה הוספה נוכח השעות שבהן נערכה המסיבה כאמור במקום קרוב למקום ביצוע העבירה אך שעות קודם לכן הטענה בענין השתתפותו של מוחמד במסיבה אינה טענה לגבי מקומו בעת ביצוע העבירה ולכן אין לראות בה כלל כחלק מטענת אליבי טענת האליבי האמיתית שנדחתה לא רק ככבושה אלא כבלתי מהימנה היא הטענה שבזמן הרצח מוחמד שהה עם חברו סאמר נאסר בביתו ובקרבת ביתו בשכונת התקווה נוכחותו של מוחמד במסיבה גם בהנחה שטענתו שנכח בה היתה טענת אמת אינה מוסיפה כשלעצמה מהימנות לטענת האליבי אף אם ניתן לראות את עדותו של מוחמד לגבי המסיבה כחלק מטענת האליבי הרי לאור עקרון ""העפרון הכחול"" המאפשר הפרדה בין חלקים מהימנים וחלקים בלתי מהימנים באותה עדות ראו ע""פ 2772 11 נחמני נ מדינת ישראל פס 12 ו 24 טרם פורסם 21 3 2012 ואסמכתאות שם ממילא אין באישוש הטענה בענין ההשתתפות במסיבה כדי להוביל למסקנה שיש להפוך את הקביעות של בית המשפט לגבי חלקים אחרים של העדות שנדחו ואף הופרכו 139 נראה כי עו""ד אבו שחאדה היה ער לכך טענתו הייתה שאישוש הטענה בענין נוכחותו של מוחמד במסיבה מוסיפה למהימנותו של מוחמד וזו בתורה תומכת בקבלת טענת האליבי שלו נטען כי יש בעדויות לגבי השתתפותו של מוחמד במסיבה ""כדי לחזק את מהימנותו של המערער גם אם שעת הרצח אינה נופלת בתוך פרק הזמן בו שהה במסיבה של העמותה"" פס 124 לנימוקי הערעור כאמור ערכאת הערעור אינה נוהגת להתערב בממצאי מהימנות עדים ודי בכך כדי לדחות את הבקשה להתערב בקביעת ממצאי מהימנות לגבי מוחמד אוסיף כי דחיית טענת האליבי לגופה לא נשענה על הערכת מהימנות בלבד בית המשפט המחוזי עמד בפירוט רב על שורה של סתירות בין גרסתו של מוחמד לבין גרסתו של סאמר נאסר לגבי שהותם הנטענת יחד בליל הרצח בית המשפט קיבל את הבחנתו של בא כוח המאשימה לפיה מוחמד וסאמר נאסר הצליחו לתאם גרסת אליבי בקוויה הכלליים אך לא עלה בידם לתאם את פרטי הפרטים של הגרסה "" וכך כפי שקורה חדשות לבקרים במסירת דבר שקר דווקא בחינת הפרטים הפשוטים לכאורה ממוטטת את הגרסה כולה ומלמדת על הקנוניה שבבסיסה"" פס 29 להכרעת הדין 140 אך לא בכך הסתכמו נימוקי דחיית טענת האליבי בית המשפט קבע כי איכון הטלפון של קיפאח מפריך את טענת האליבי שם כזכור לפי טענת האליבי מוחמד שהה בשכונת התקווה בעת הרצח נקבע לענין זה בין היתר כי כפי שעולה מדו""ח איכון הטלפון של קיפאח לא ייתכן שטלפון זה היה בשכונת התקווה בשעות הרלוונטיות שם פס 30 בערעור טען עו""ד אבו שחאדה כי גם אם הטלפון של קיפאח אוכן במקום שונה מהמקום שבו מוחמד טען שהוא היה המאשימה עדיין לא הוכיחה כי טלפון זה הוחזק בידי מוחמד בשעות הרלוונטיות פס 137 לנימוקי הערעור 141 דין טענה זו להידחות לפי עדותו של מוחמד עצמו בבית המשפט לאחר שהסתיימה המסיבה במרכז על""ם אשר לטענתו הסתיימה בשעה 21 00 הוא פגש בדרכו לבית של סאמר נאסר בשכונת התקווה את קיפאח ""אחרי כמה דקות"" לדבריו של מוחמד אביו של מוחמד התקשר לטלפון של קיפאח מטלפון של שכנו בכפר פרעה מר איסמעיל סרחאן ושוחח עם מוחמד פס 28 30 להכרעת הדין פרוטוקול 17 12 2008 ע 73 ע 83 ש 17 ע 84 ש 2 דא עקא וכפי שיפורט שיחת טלפון זו בת מספר שניות בלבד אשר לטענת מוחמד התקיימה בזמן שהלך מהמסיבה במרכז על""ם לשכונת התקווה התקיימה באזור סמוך ממש למרכז על""ם וממילא לביתו של עמוס למעלה משעה וחצי לאחר מכן בשעה 22 36 על פי עדותו של מוחמד עצמו לפיה התעכב אצל קיפאח ""כמה דקות"" בלבד על מנת לשוחח עם אביו בשעה 22 36 הוא צריך היה להיות כבר בשכונת התקווה ולמצער רוב הדרך לשכונת התקווה אלא שהשיחה התקיימה סמוך מאוד למרכז על""ם ולביתו של עמוס למעלה משעה וחצי לאחר סיום המסיבה לשיטתו ומכאן שצדק בית המשפט המחוזי בקביעתו שאיכון הטלפון מפריך את טענת האליבי 142 עמדנו לעיל על כך שעל פי פלט השיחות של הטלפון של קיפאח ת 44 וחוות הדעת המומחה בענין האיכון ת 77 השיחה שחויגה מהטלפון של איסמעיל סרחאן בשעה 22 36 ואשר נענתה בטלפון של קיפאח ארכה 21 שניות ואוכנה כאשר הטלפון של קיפאח היה באזור שמכסה את אתר ""מקווה ישראל בזק"" מדובר באזור הקרוב מאוד למרכז על""ם ולביתו של עמוס כאחת אזור רח יהודה הלוי המגיע עד רח הרצל מצפון מגיע עד אזור שדרות רוטשילד ראו אתר ""מקווה ישראל 4001 BTOR "" בע 6 ל ת 77 וכן הצבע האדום במפה נספח ב לאותה חוות דעת המבטא את אזור הכיסוי של 40014 OR המומחה העיד כי הוא בדק את השיחות שחויגו אל הטלפון של קיפאח ביום הרצח כי הסבירות שהטלפון קיים שיחות באזורים כפי שהם מצוינים בחוות הדעת גבוהה ביותר ע 70 לפרוטוקול מיום 17 12 2008 ש 15 16 למרות זאת הסבירות שהטלפון של קיפאח היה באיזור שכונת התקווה בעת שבוצעו שיחות אלה היא אפסית פרוטוקול 17 12 2008 ע 66 ש 11 26 המסקנה היא שאין מקום להתערבות בקביעה שמוחמד השתתף בקטילתו של עמוס סייג השכרות 143 כפי שצוין לעיל ד""ר לייסט הוסיף בעיקרי הטיעון הנוספים שהגיש בשמו של מוחמד טענה חדשה לפיה נוכח קביעות בית המשפט המחוזי לפיהן מוחמד היה ""שיכור כלוט"" בעת ביצוע העבירה פס 11 להכרעת הדין וביצע את הרצח ""בהשפעת שכרותו"" פס 14 להכרעת הדין חל סייג השכרות לפי סעיף 34ט ב לחוק העונשין כאשר חל סייג השכרות לא ניתן להרשיע אדם בעבירה תוצאתית שהיסוד הנפשי שלה הוא כוונה על כן טען ד""ר לייסט כי ניתן היה להרשיע את מוחמד לכל היותר בעבירת הריגה שהיא עבירה ללא יסוד נפשי של כוונה ולא ניתן היה להרשיעו ברצח בכוונה תחילה פס 21 25 לעיקרי טיעון מיום 23 10 2011 144 לטענת המאשימה מדובר בטענה המועלית לראשונה בערעור כאשר בערכאה הראשונה טען מוחמד טענה עובדתית סותרת לפיה הוא כלל לא נכח בזירת הרצח בעת ביצועו עוד טוענת המאשימה כי טענת שכרות היא טענה הדורשת הוכחה אין די בכך שאדם שתה משקאות אלכוהוליים אפילו משקאות אלכוהוליים רבים אלא יש לעורר ספק סביר כי נתקיימו יסודות השכרות הנדרשים על פי החוק לטענת המאשימה הטוען לשכרות צריך לכל הפחות לעורר ספק לפיו הוא לא היה מודע לפרט מפרטי העבירה שכרות חלקית לטענת המאשימה גם לא די בנסיבה לפיה היה המבצע נתון תחת השפעת חומר משכר על הנאשם להראות כי לחומר המשכר הייתה השפעה של ממש על תודעתו והבנתו או על יכולתו לשלוט במעשיו פס 31 33 ל""עיקרי טיעון נוספים מטעם המשיבה"" מיום 28 12 2011 מבלי להיכנס לשאלה אם מותר היה להעלות את טענת השכרות בשלב זה עמדתי היא כי לגוף הטענה גם נוכח הממצאים העובדתיים שנקבעו בענייננו לפיהם מוחמד היה ""שיכור כלוט"" והוא ""הושפע משכרותו"" בביצוע העבירה אין מקום לקבוע כי בית המשפט המחוזי טעה בכך שהרשיע את מוחמד בעבירה של רצח אבאר 145 סעיף 34ט לחוק העונשין קובע שכרות 34 ט א לא יישא אדם באחריות פלילית למעשה שעשה במצב של שכרות שנגרמה שלא בהתנהגותו הנשלטת או שלא מדעתו ב עשה אדם מעשה במצב של שכרות והוא גרם למצב זה בהתנהגותו הנשלטת ומדעת רואים אותו כמי שעשה את המעשה במחשבה פלילית אם העבירה היא של התנהגות או באדישות אם העבירה מותנית גם בתוצאה ג גרם אדם למצב השכרות כדי לעבור בו את העבירה רואים אותו כמי שעבר אותה במחשבה פלילית אם היא עבירה של התנהגות או בכוונה אם היא מותנית גם בתוצאה ד בסעיף זה ""מצב של שכרות"" מצב שבו נמצא אדם בהשפעת חומר אלכוהולי סם מסוכן או גורם מסמם אחר ועקב כך הוא היה חסר יכולת של ממש בשעת המעשה להבין את אשר עשה או את הפסול שבמעשהו או להימנע מעשיית המעשה ה סעיפים קטנים א ב ו ג חלים גם על מי שלא היה חסר יכולת כאמור בסעיף קטן ד אך עקב שכרות חלקית לא היה מודע בשעת מעשה לפרט מפרטי העבירה 146 על פי ההסדר בסעיף 34ט ב המצוטט "" אדם שביצע עבירה במצב של שכרות מלאה אליו נכנס בהתנהגותו הנשלטת ומדעת יהיה אחראי בעבירות שאינן דורשות תוצאה באופן מלא ובעבירות המותנות בתוצאה עד רמה של אדישות בלבד"" סטקלר פס 50 כך בהתקיים התנאים לסייג השכרות לא ניתן להרשיע נאשם ברצח בכוונה תחילה שהיסוד הנפשי בה הוא כוונה לגרימת התוצאה מותו של אדם ראו ע""פ 7164 10 ג אן נ מדינת ישראל פס 9 טרם פורסם 1 12 2011 להלן ג אן השופטת ע ארבל עמדה ב פסק דין סטקלר על התנאים להתקיימות סייג השכרות המלאה ולהתקיימות סייג השכרות החלקית ""לשם התקיימותה של הגנת השכרות המלאה נדרשים שלושה תנאים מצטברים היותו של הנאשם נתון תחת השפעת חומר משכר בעת ביצוע העבירה או תחת השפעתו של גורם מסמם כלשהו קיומה של אחת מהחלופות שבסעיף קטן ד וכן קשר סיבתי בין החומר המשכר לבין קיום החלופה ראו ע""פ 3243 95 צאלח נ מדינת ישראל פ""ד נב 1 769 785 ע""פ 9258 00 נטרלשווילי נ מדינת ישראל פ""ד נו 2 673 681 שונה הדין לעניין שכרות חלקית כהוראת סעיף 34ט ה זו עוסקת במקרה בו מבצע העבירה היה תחת השפעת חומר משכר או גורם מסמם חומר זה לא השפיע עליו ברמה כזו ששללה את יכולתו להבין אשר עשה או את הפסול במעשהו או להימנע מעשיית המעשה האדם לא היה שיכור כלוט אולם החומר המשכר השפיע באופן חלקי על כוח האדם להבין את טיב מעשיו ומשמעותם מבחינת עלילותם להצמיח עבירה פלילית ש""ז פלר יסודות בדיני עונשין כרך ב תשמ""ז 587 להלן פלר ההשפעה כך לשון החוק היא כזו השוללת את מודעותו של המבצע בשעת המעשה לפרט מפרטי העבירה גם כאן עולים מלשון הסעיף שלושה תנאים מצטברים לתחולת ההגנה היותו של הנאשם נתון תחת השפעת חומר משכר בעת ביצוע העבירה או תחת השפעתו של גורם מסמם כלשהו אי מודעותו של הנאשם לפרט מפרטי העבירה בשעת המעשה וכן קשר סיבתי בין החומר המשכר לבין אי המודעות ע""פ 1493 98 סטפ נ מדינת ישראל פ""ד נו 4 679 685 כאשר עסקינן בעבירת רצח לפי סעיף 300 א 2 לחוק העונשין אזי על העושה להיות מודע למהות מעשהו שהביא למותו של הקורבן וכן נדרש שתתקיים אצלו אותה החלטה להמית אשר מתבטאת בחזות מראש של אפשרות התרחשותה של תוצאה קטלנית ורצון כי היא תתממש ע""פ 2948 03 ברזובסקי נ מדינת ישראל לא פורסם ניתן ביום 20 6 05 "" שם פס 51 52 147 בית המשפט המחוזי אמנם קבע כי מוחמד היה ""שיכור כלוט"" והוא קבע את שכרותו על בסיס תשתית עובדתית אמירתו של מוחמד במסגרת הודאותיו לפיה היה ""מסטול מידי"" משתיית וודקה בעת ביצוע העבירה דא עקא בכך כשלעצמו אין אלא כדי למלא את התנאי הראשון לתנאים המצטברים לסייג השכרות היות הנאשם נתון תחת השפעת אלכוהול בעת ביצוע העבירה בענין שכרות מלאה אין בכך כדי למלא מיניה וביה את הדרישה לקיום חלופה לפי סעיף 34ט ד חסר יכולת של ממש בשעת המעשה להבין את אשר עשה או את הפסול שבמעשהו או להימנע מעשיית המעשה ואין בו כשלעצמו כדי למלא את דרישת הקשר הסיבתי בין החומר המשכר לבין קיום החלופה גם בענין שכרות חלקית אין בשכרות ואפילו שכרות קשה כשלעצמה כדי למלא את הדרישה לקשר סיבתי בין החומר המשכר לבין קיום העדר המודעות ודוק ""הרף הנדרש בפסיקה לשם הכרה במצב של שכרות הוא רף גבוה עד אין גבוה ואנו מוצאים בפסיקה דחייה של טענה לתחולת סייג השכרות והרשעה אפילו בעבירה החמורה של רצח בכוונה תחילה גם במצבים בהם הוכח ש רמת שכרותו של המערער היתה גבוהה ועמוקה עניין אבלים בעמ 190 שהיה תחת השפעת אלכוהול ומעצוריו הנפשיים התרופפו עניין זלנצקי שהיה שתוי לחלוטין ואחוז סחרחרת עניין רומנצקו שהיה שיכור מאוד בעת ביצוע המעשה ותואר על ידי שוטרים ועדים כמי שהיה במצב מסטול לגמרי שיכור מסריח מזיע רואים דבר כזה רק בסרטים עניין סטקלר פסקאות 66 67 לפסק דינה של השופטת ארבל ברי כי מדיניות משפטית עומדת מאחורי רף גבוה זה גם לטענה של שכרות חלקית יש להניח תשתית ראייתית והרף להוכחתה אף הוא רף גבוה מאוד כך לדוגמה בעניין רומנצקו נדחתה טענה לשכרות חלקית למרות היות הנאשם שתוי לחלוטין ואחוז סחרחרת "" ג אן שם פס 14 ו 17 ודוק בית המשפט המחוזי קבע בענייננו כי מוחמד ביצע את העבירה בין היתר ""בהשפעת שכרותו"" אך גם בכך אין למצוא מיניה וביה קביעה הממלאת את דרישות סייג השכרות כפי שקבע השופט א א לוי בעניין טיקמן ""מוכן אני להניח כי כאשר בדמו של המבצע נמצא ריכוז גבוה במיוחד של חומר משכר וכך אניח לגבי המערער שבפנינו כי אז ניתן לצאת מנקודת מוצא שלצריכתו של החומר המשכר נלוותה גם השפעה כלשהי על תפקודו אולם כאמור גם בהשפעה זו לא די וכדי לחסות בצילה של הגנת השכרות על הטוען לתחולתה להראות כי לחומר המשכר הייתה השפעה של ממש על תודעתו והבנתו או על יכולתו לשלוט במעשיו ע""פ 2454 02 טיקמן נ מדינת ישראל פס 13 לא פורסם 12 12 2005 ההדגשה הוספה 148 האם יש בהכרעת הדין בענייננו בסיס לקבוע כי לשכרותו של מוחמד היתה השפעה של ממש על תודעתו והבנתו או על יכולתו לשלוט במעשיו ולענין שכרות חלקית השפעה הגורמת לו שלא להיות מודע לפרט מפרטי העבירה התשובה לשאלה זו שלילית ב פסק דין סטקלר מנתה השופטת ע ארבל רשימה בלתי ממצה של שיקולים ששוקל בית המשפט בבואו להכריע האם נשללה הכוונה בשל השפעת אלכוהול של העושה כאשר חלקם טובים אף לבחינתה של שכרות מלאה רשימה זו כוללת עדויות בסמוך למעשה לענין סימנים למידת שכרותו של הנאשם עדות מומחים באשר למצב השכרות פעולות ובפרט פעולות מורכבות שביצע הנאשם לקראת וכהכנה לביצוע המעשה וכן פעולות שנקט לאחר מעשה אשר מצביעות על מודעותו ורצונו בתוצאת המעשה או על העדר שכרות בעת האירוע עד כמה מסתברת התוצאה שהתרחשה מהמעשה או עד כמה היא מהווה למעשה חלק בלתי נפרד ממנו הצהרות של הנאשם בעת ביצוע המעשה או סמוך לו ומידת זכרונו של הנאשם סטקלר פס 63 בהכרעת הדין בענייננו אין ממצאים על בסיס עדויות לגבי סימנים למידת שכרותו של הנאשם זאת למעט עדותו של הנאשם עצמו בהודאותיו לפיה היה ""מסטול מידי"" ויש לזכור כי משקלן של הצהרות הנאשם עצמו ביחס לכמות האלכוהול שצרך עובר לאירוע וביחס להשפעתו עליו עשוי להיות מוגבל לצורך החלת סייג השכרות שם פס 63 א אין בהכרעת הדין בענייננו קביעות בקשר לעדויות מומחה על מידת השכרות של מוחמד שכן בבית המשפט מוחמד בחר בקו הגנה המכחיש את נוכחותו באירוע נוכח קו הגנה זה מטבע הדברים לא טען מוחמד לסייג השכרות וממילא לא הביא עדות מומחה לענין זה הכרעת הדין כן כוללת ממצאים עובדתיים בענין פעולות שביצע מוחמד לאחר מעשה אשר מצביעות על כוונה ועל העדר מידה גבוהה של שכרות כך נקבע כי מוחמד רוקן יחד עם פריד את תכולת ארון הבגדים של המנוח על מנת להעלים ראיות פס 16 א להכרעת הדין בענין הסתברות התוצאה מהמעשה מוחמד דקר את עמוס עם סכין והרי שימוש בכלי קטלני סטקלר פס 63 ד בין היתר בדקירות ע""פ 10800 04 רומנצקו נ מדינת ישראל פס 24 לא פורסם 18 9 2006 להלן רומנצקו המצטט מ ע""פ 290 87 סבאח נ מדינת ישראל פ""ד מב 3 358 365 1988 מלמד על החלטה להמית מוחמד לא הסתפק בדקירה אחת כפי שטען בתחילת הודאתו הראשונה אלא הוסיף ודקר את עמוס פעמים רבות פס 12 להכרעת הדין דבר המצביע על דבקות בהשגת המטרה של המתת המנוח ועל קיומה של כוונה ראו והשוו רומנצקו פס 25 מוחמד דקר את עמוס בחזה פס 12 להכרעת הדין אזור חיוני בגופו וזו אינדיקציה נוספת לקיומה של כוונה ראו והשוו רומנצקו שם השוו את הנסיבות בפסק דיני ב ע""פ 9369 07 מיקל נ מדינת ישראל פס 14 טרם פורסם 16 2 2009 בענין מידת זכרונו של מוחמד עולה מהכרעת הדין לבדה כי מוחמד זכר שהוא ביצע את הרצח עם פריד פס 16 ב להכרעת הדין זכר שעמוס היה ערום פס 16 ד להכרעת הדין זכר באיזה חדר בוצע הרצח פס 16 ה להכרעת הדין זכר שהוא דקר מקדימה ושפריד דקר מאחורה פס 16 י להכרעת הדין ואף זכר באיזו תנוחה נפל עמוס מהדקירות 16 יא להכרעת הדין 149 נוכח התשתית העובדתית שנקבעה בהכרעת הדין כפי שפורט לעיל לא ניתן לומר כי בית המשפט המחוזי טעה כאשר מצד אחד קבע שמוחמד היה ""שיכור כלוט"" וביצע את הרצח ""בהשפעת שכרותו"" אך מצד שני הרשיעו בעבירה שאינה מתיישבת עם סייג השכרות כפי שעולה בבירור מהפסיקה שאוזכרה לעיל גם בשכרות כבדה מאוד אין די ופשיטא ששכרות משפיעה על תפקוד והשאלה היא האם החומר המשכר גרם לחוסר יכולת של ממש להבין את המעשה או את הפסול בו או להימנע מהמעשה בשכרות מלאה או להעדר מודעות לגבי פרט מפרטי העבירה בשכרות חלקית ראינו על רקע הפסיקה כי על פי השיקולים המנחים את בית המשפט בהכרעה זו הממצאים העובדתיים בהכרעת הדין מצביעים בצורה ברורה נגד מסקנה שהתקיימו במוחמד התנאים לסייג השכרות המלאה או החלקית 150 טענתו של מוחמד בענין סייג השכרות היתה כאמור שנפלה טעות בהסקת המסקנות המשפטיות הנכונות מהממצאים העובדתיים בהכרעת הדין עצמה וטענה זו נדחית אולם אף אם אביט בבחינת למעלה מן הצורך מעבר להכרעת הדין עצמה עיון בהודאותיו של מוחמד רק מחזק את המסקנה שאליה הגעתי שכן לצד זאת שמוחמד טען במסגרת ההודאות שאלמלא השתייה הוא לא היה מבצע את העבירה כי השתייה גרמה לו לאבד שליטה כי הוא לא התכוון לרצוח ראו ז 52 ע 2 ש 14 23 27 וכי הוא שתה ארבע או חמש כוסות וודקה באותו ערב ז 51 ע 58 וכזכור משקל הצהרות של הנאשם בעניינים אלה מועט בבחינת סייג השכרות הודה מוחמד בשורה של נסיבות נוספות אשר מעידות בבירור על כוונה להמית כך מוחמד הודה שהוא דקר את עמוס כי עמוס קילל אותו ז 51 ע 56 ו זלזל בכבוד שלו ז 52 ע 2 ש 30 31 ראו לענין מניע את רומנצקו פס 30 המציאות מוכיחה כי כל נושא שולי זניח ואיזוטרי כגון ויכוח על 20 ש""ח יכול להוות מניע לרצח עוד הודה מוחמד כי לאחר שדקר את עמוס הוא שטף את ידיו מהדם ז 51 ע 52 ראו והשוו פס 63 ג ל פסק דין סטקלר וברח ז 51 ע 49 במקום להושיט לעמוס עזרה ראו רומנצקו פס 20 עולה גם מהודאותיו של מוחמד כי אף שהיו פרטים מעטים שהוא טען שהוא לא זוכר לגבי האירוע מושא האישום הוא זכר את האירוע בפרוטרוט לרבות סדרה מפורטת של כניסות ויציאות מחדרים בדירה פריד ועמוס מקיימים יחסי מין בחדר הראשון מימין בנוכחותו של מוחמד ז 51 ע 16 ז 52 ע 3 ש 74 77 ז 55 05 51 שעה 19 59 10 20 שעה 20 03 28 11 12 שעה 20 04 20 לאחר מכן פריד בלבד התלבש והתקיים ויכוח בין עמוס ופריד בסלון ז 51 ע 10 ז 52 ע 5 ש 127 134 לאחר מכן עמוס שב לחדר הראשון בעקבותיו הגיע פריד חזרה לחדר הראשון עם סכיני מטבח והדקירות החלו שם ז 55 11 33 שעה 20 04 40 בשחזור אף רואים את מוחמד מתאר את מהלך הדקירות בחדר הראשון לרבות מיקומם של השלושה בחדר ותיאור לפיו פריד משך את עמוס הדקור חזרה אל תוך החדר כאשר האחרון ניסה לצאת ממנו מוחמד אף עונה בנחרצות לשאלה בשחזור לגבי הסדר הנכון של סדרה של פעולות שביצע בזמן האירוע מוחמד מבהיר בתוקף כי הוא רחץ את ידיו אחרי הפיכת הארון אך לפני שפריד העביר לו את הארנק ת 55 15 41 שעה 20 08 47 151 סיכומו של ענין הטענה בענין סייג השכרות נדחית הגנה מן הצדק 152 ד""ר לייסט טען בפנינו לראשונה בעיקרי הטיעון הנוספים במסגרת הערעור כי אף אם הפגמים בהתנהלות החוקרים מושא משפט הזוטא אינם מובילים לפסילת ההודאות של מוחמד יש להחיל על עניינו את דוקטרינת ההגנה מן הצדק אך זאת לא באופן המוביל לביטול כתב האישום אלא באופן זה שסעיף האישום שבו הורשע מוחמד יומר מרצח להריגה 153 דין הטענה להידחות אכן קיימות זיקות גומלין בין דוקטרינת הפסילה הפסיקתית לפי פסק דין יששכרוב לבין הגנה מן הצדק והתכלית של הוגנות ההליך משמשת להם מכנה משותף ראו ע""פ 4988 08 פרחי נ מדינת ישראל פס 10 טרם פורסם 1 8 2011 להלן פרחי בקשה לדיון נוסף נדחתה ב דנ""פ 5956 11 פרחי נ מדינת ישראל טרם פורסם 31 5 2012 פגמים בהתנהלות חוקרים בחקירה פלילית המעלים את סוגיית דוקטרינת הפסילה הפסיקתית לפי הלכת יששכרוב עשויים לשמש בסיס אף לטענת הגנה מן הצדק ב פסק דין בורוביץ ע""פ 4855 02 מדינת ישראל נ בורוביץ פ""ד נט 6 776 2005 נקבע מתווה של שלושה שלבים לבחינת טענת הגנה מן הצדק בשלב הראשון נבחנת עוצמת הפגמים שנפלו בהליכים שננקטו בעניינו של הנאשם במנותק משאלת אשמתו או חפותו בשלב שני על בית המשפט לבחון האם בקיומו של ההליך הפלילי חרף הפגמים יש משום פגיעה חריפה בתחושת הצדק וההגינות ובשלב השלישי מששוכנע בית המשפט כי קיומו של ההליך אכן כרוך בפגיעה חריפה בתחושת הצדק וההגינות עליו לבחון אם לא ניתן לרפא את הפגמים שנתגלו באמצעים מתונים ומידתיים יותר מאשר ביטולו של כתב האישום נקבע כי ""בין היתר עשוי בית המשפט לקבוע כי הפגיעה שנגרמה לנאשם אף שאינה מצדיקה את ביטול כתב האישום שהוגש נגדו מצדיקה היא את ביטולם של אישומים ספציפיים או תהא ראויה להישקל לטובתו בקביעת עונשו אם יורשע כן עשוי בית המשפט לקבוע כי תיקון הפגיעה יכול שייעשה במסגרת בירורו של המשפט כגון בבירור שאלת קבילותה של ראיה שהושגה תוך שימוש באמצעים פסולים"" שם ע 807 808 154 יוער כי התנאים שנקבעו בפסיקה להחלת דוקטרינת ההגנה מן הצדק הפסיקתית ממשיכים לחול כיום גם לאחר עיגונה של טענה מקדמית בדבר הגנה מן הצדק בתיקון 51 לחוק סדר הדין הפלילי נוסח משולב התשמ""ב 1982 פרחי פס 10 155 לאחרונה הותיר בית משפט זה בצריך עיון את השאלה האם לצד האפשרות לבטל סעיף אישום או להפחית עונש כסעד במסגרת הגנה מן הצדק מוסמך בית המשפט בגדר אותם אמצעים מתונים יותר מביטול כתב אישום אף להמיר סעיף אישום המופיע בכתב האישום לסעיף אישום אחר רע""פ 6091 11 פלוני נ התובע הצבאי הראשי פס 9 טרם פורסם 27 2 2012 אף אם אניח בלי לקבוע מסמרות בדבר כי בית המשפט מוסמך להמיר סעיף אישום כאמור ואף אם אניח שהפגמים בהתנהלות החוקרים בעניינו של מוחמד מצדיקים לשקול סעד של הגנה מן הצדק שהוא מתון יותר מביטול כתב האישום אין מקום להיענות לטענה שיש להמיר את סעיף העבירה בענייננו מרצח להריגה אין הצדקה בנסיבות הרצח האכזרי שבו השתתף מוחמד להביא באמצעות המרת סעיף האישום לכך שיזכה להקלה משמעותית בעונשו סיכום 156 אין דרך לקבוע כיצד החל הריב בדירתו של עמוס בליל הירצחו אולם התשתית הראייתית עליה עמדתי בהרחבה לעיל מובילה מעבר לספק סביר למסקנה כי פריד ומוחמד רצחו בצוותא את עמוס טל בדירתו כפי שפירטתי לעיל לדעתי הרשעתו של פריד עומדת על כנה אף בהתעלם מהודאותיו של מוחמד משהגעתי למסקנה שאין להתערב בקביעה שהודאותיו של מוחמד קב"
HUGGINGFACE-648fb82488dd,2026-05-26T07:21:27+03:00,manual_review_sentence_relief,sentence_relief_only,"מכן החל לנדב פרטים אודות אירועי יום הרצח והודה שאכן הגיע לדירה יחד עם נאשם 2 ואף סיפר שהיה עד למעשה הדקירה וניסה להפריד בין הנאשם 2 לבין המנוח ומשלא עלה בידו לעשות כן עזב את המקום ז 51 ע 4 6 בהמשך שינה נאשם 1 את גרסתו במעט והודה הודיה מסויגת בהשתתפות ברצח תוך הפחתה של חלקו במעשה ולבסוף מסר הודיה מפורטת ומלאה עליה חזר בשתי הזדמנויות נוספות "" פס 8 להכרעת הדין סנגורו של מוחמד טען כי אמרותיו במסגרת ההודאה ובשיחה שקיים עם רס""ר באדי חרב עובר להודאה מבולבלות ואינן מפורטות או ברורות כי ההודאה אינה סדורה וכי בתוכנה ניכר חוסר עקביות ממשי בדחיית הטענה עמד בית המשפט המחוזי על כך שקרא בעיון את תמלילי הודאות וצפה בהקלטותיהן וקבע ""אמנם ההודאה ניתנה בשלבים כשבכל שלב הוא מוסיף ומגלה טפח נוסף מאירוע הרצח המחריד אך מרגע שבחר להתוודות ולשטוח בפני חוקריו את כל סיפור המעשה כפי שהתרחשותו נראה כי הסיפור בעיקרו ניצב איתן כשהוא נהנה מהיגיון פנימי "" פס 11 להכרעת הדין נדחתה גם הטענה לפיה נוכח העובדה שמוחמד הודרך בידי רס""ר באדי חרב בהודאה ברכב בענין מספר הדקירות בגוף אין לייחס להודאה משקל פנימי מוחמד טען תחילה ברכב שפריד לבדו דקר את עמוס ""דקירה אחת"" רס""ר חרב הודיע לו כי ""הגופה מדברת אחרת"" ושעל פי הממצאים לא ייתכן שהרצח בוצע על ידי אדם אחד לאחר מכן הודה מוחמד שגם הוא השתתף ברצח ובסופו של דבר הודה שהשניים דקרו את עמוס דקירות רבות אולם בית המשפט המחוזי הדגיש כי כאשר מוחמד החל למסור הודאה מלאה נשמע מפיו תיאור שלם יותר של ההתרחשות בהכרעת הדין מצוטטים דבריו של מוחמד עת שנידב פרטים בענין המקומות בגוף בהם דקר סיפר שהוא שתה והסביר שהוא מאלה שכאשר הם דוקרים ""נותנים נותנים לא יודעים כמה"" וש""הגוף של עמוס היה דקור מדי"" פס 12 להכרעת הדין סניגורו של מוחמד טען בפני בית המשפט המחוזי כי העובדה שהחוקרים ""רעננו"" למוחמד את הזכרון תוך כדי ההודאה מפחיתה ממשקלה אך בית המשפט המחוזי דחה את הטענה "" יש לראות את הדברים באספקלריה רחבה יותר ותוך הבנה של דינאמיקה חקירתית שבה הנאשם המוסר הודאה אינו בהכרח שש למסור הודאתו ולא פעם הוא נעצר או שותק בעוד חוקריו מדרבנים אותו להמשיך במסירת ההודאה צפייה בקלטת החקירה מלמדת כי אין לפרש את ההפסקות בדיבורו כנובעות מחוסר אונים של חף מפשע אשר פיו נאלם דום בשל אי הכרת העובדות ההפך הוא הנכון התחושה היא כי נאשם 1 הינו אדם בר דעת המבין את המעשה הנורא שביצע בחמת זעמו ובהשפעת שכרותו ומודע לכך שהוא מפליל את עצמו ברצח וצפוי לרצות מאסר עולם בגין עבירה זו על רקע דברים אלו נקל להבין מדוע אין ההודאה קולחת מפיו כאילו הייתה בשורת הגואל"" פס 14 להכרעת הדין בית המשפט המחוזי דחה גם את הטענה שמוחמד הודה רק כדי לרצות את חוקריו ראו והשוו בחינת טענה בדבר מסירת הודאה מפאת לחץ החקירה במסגרת המבחן הפנימי דנ""פ אל עביד בע 775 נקבע כי אמנם משפטים כגון ""אתה רוצה שאני אגיד שדקרתי הנה אני דקרתי"" ז 51 עמ 39 נאמרו מפי מוחמד בראשיתה של ההודיה אך הם נאמרו בשפה רפה ונוכחותם הלכה והתמעטה ככל שמוחמד חשף פרטים רבים יותר וגיבש את הודאתו זאת כאשר בשלבים האחרונים של אותה הודאה ובהודאה הפורמאלית שלאחר מכן לא נמצא כל זכר לטענות אלה פס 13 להכרעת הדין 122 במסגרת הערעור חזר מוחמד על שנטען בבית המשפט המחוזי 123 לדעתי אין מקום להתערב בקביעות בית המשפט המחוזי בענין המשקל הפנימי של ההודאות זאת ועוד כפי שציין בית המשפט המחוזי מוחמד הודה שלוש פעמים וזאת בנוסף לאישרור המאוחר של ההודאות 10 ימים לאחר מכן עליו עמדנו לעיל בשלב הראשון של החקירה ברכב שבו ייחס מוחמד את הרצח לפריד בלבד מוחמד נידב ללא הדרכה בענין הפרטים גרסה בסיסית קוהרנטית ובעלת הגיון פנימי שגם לא היתה נטולת פירוט ""חוקר 1 קובי תן לנו כמה דקות לבד כן מרגיש טוב אני יודע שזה שלב שהוא חשוב מבחינתך ואני רוצה לשמוע רק את האמת מה היה באמת נחקר מה שהיה שהלכתי עם פריד שתיתי שתייה הוא אומר לי בוא נלך אצל בן אדם את זה את זה אומר לו בשביל מה אומר לי בשביל לעשות סקס לא יודע מה לקבל כסף טוב אומר לו איפה אומר לי כאן קרוב עכשיו הלכנו אצלו ישבנו אצלו בבית אני ופריד חוקר 1 איזה בן אדם נחקר עמוס חוקר 1 אהא נחקר הלכנו וישבנו אצלו בסלון התחלנו לדבר את זה את זה עשינו סקס אתה מבין קיבלנו כסף לא יודע על מה התחיל להתווכח עם פריד בשביל כסף וזה ואני אומר לפריד יאללה יאללה בוא נצא שנחזור הרי זה התחילו לריב הוא התחילו לריב ובסוף פריד נתן לו דקירה חוקר 1 עם מה נחקר עם סכין"" ז 51 ע 3 4 לאחר שמוחמד מספר שהוא ניסה להפריד בין פריד לעמוס ועמוס נפל ממשיך מוחמד בתיאורו ""חוקר 1 איפה זה היה באיזה חדר נחקר זה היה בחדר הראשון חוקר 1 איזה ראשון אתה נכנס לבית נחקר כן חוקר 1 איזה חדר מאיזה צד נחקר מהצד הזה חוקר 1 מצד ימין נחקר כן"" שם בע 5 עוד נידב מוחמד בשלב זה של החקירה ברכב בין היתר כי הוא שתה XL עם וודקה בכוס זכוכית שקופה ללא ידית כי הוא עישן סיגריות מרלבורו או LM אדום כי על אף שבעבר הוא קיים יחסי מין מלאים עם עמוס באותו יום רק פריד קיים עם עמוס יחסי מין כי פריד ועמוס התווכחו בחדר אחר וכי פריד הביא סכין שעמו דקר את עמוס מהמטבח של עמוס גרסה זו שפרש מוחמד היתה קוהרנטית הגיונית עקבית וסדורה ולא היתה מבולבלת או נטולת פירוט אמנם מוחמד סיפר גרסה זו תחילה תוך ייחוס מעשה הרצח לפריד בלבד וכאשר מוחמד הודה שגם הוא דקר את עמוס ז 51 ע 39 הוא לא חזר וסיפר באותה החקירה את הגרסה כולה מחדש אולם עולה בבירור מהמשכה של אותה חקירה כי הודאתו של מוחמד בענין ביצוע דקירות יחד עם פריד מתייחסת לאותה הגרסה בתוספת הדקירות שלו בנסיבות אלה אין לראות בהודאתו של מוחמד בביצוע דקירות הודאה לקונית אלא הודאה קוהרנטית הגיונית עקבית וסדורה בה נמסרו פרטים רבים לכך יש להוסיף כי בחקירה סמוך לאחר החקירה ברכב שבה מסר מוחמד הודאה פורמאלית הוא שוב הודה בביצוע הרצח הפעם כחלק ממסירת גרסה קוהרנטית והגיונית ""שאלה האם אתה מוכן לחזור על הסיפור ועל הגרסה שמסרת לי מחוץ לתחנה בתוך הרכב תשובה לא לא בא לי לספר את הסיפור עוד פעם שאלה האם מישהו לחץ עליך לספר את מה שסיפרת לי היום ומה גרם לך לספר מה שסיפרת תשובה לא אני סיפרתי כי נמאס לי מהכל ואז סיפרתי שאלה אם סיפרת הכל מרצון מה הבעיה שתחזור ותספר לי מה סיפרת תשובה לא בעיה שאלה אז אני מבקש ממך לספר עכשיו מה שבא לך לפי הרצון שלך תשובה מה שאני רוצה פריד לקח אותי מהתחנה המרכזית הלכנו לבית של עמוס טל לשכב איתו התווכחו עמוס ופריד ואחרי זה פריד דקר אותו אחרי זה התחיל לקלל ואני הייתי מסטול מהשתייה לא יודע מה עשיתי שם ואם לא הייתי מסטול לא הייתי עושה זה בכלל שדקרתי אותו את עמוס וזה לא הייתי מתכוון לעשות כך ולדקור אותו זה הייתי מסטול זה היה הטעות שלי שהייתי מסטול זאת הייתה טעות גדולה אם לא הייתי מסטול לא הייתי עושה כך לא יכולתי להשתלט על עצמי שם לא יכולתי ולא הייתי מתכוון לרצוח בכלל אם לא הייתי מסטול לא הייתי עושה את זה בכלל ולא הייתי נותן לפריד לעשות את זה בכלל והייתי מתקשר למשטרה שיק שאק וזהו"" ז 52 ע 2 לעניין ייחוס משקל פנימי להודאה שאינה ההודאה הראשונה אפנה ל ע""פ 6679 04 סטקלר נ מדינת ישראל פס 14 לא פורסם 11 5 2006 להלן סטקלר בקשה לדיון נוסף נדחתה ב דנ""פ 4324 06 סטקלר נ מדינת ישראל לא פורסם 20 2 2007 באותה פרשה מצא בית משפט זה משקל פנימי בהודאה השנייה שנתן הנאשם שם לאחר שהודאתו הראשונה היתה מבולבלת ובעלת סתירות בענייננו כפי שנותח לעיל גם הודאתו הראשונה של מוחמד היתה הודאה הגיונית וקוהרנטית בעלת משקל פנימי גם ההודאה השלישית בשחזור נושאת משקל פנימי ועיון בהקלטת השחזור מעלה כי מוחמד המחיש בדירה את הגרסה כפי שכבר סיפר אותה בחקירה ברכב ובהודאה הפורמאלית וגם בהמחשה זו נראית ההודאה הגיונית וקוהרנטית לנימוקים אלו יש להוסיף כי משקלה הפנימי של ההודאה של מוחמד אף מתחזק נוכח ריבוי ההודאות שמסר ראו סטקלר פס 17 האסמכתאות שם ע""פ 1094 07 דדון נ מדינת ישראל פס כ""ז לא פורסם 3 7 2008 המשקל החיצוני של ההודאות ""דבר מה נוסף"" 124 על פי מבחן המשקל החיצוני נדרשת תוספת ראייתית מסוג ""דבר מה נוסף"" החיצונית להודאתו של הנאשם על מנת להרשיעו מדובר בתוספת ראייתית מאמתת שדי שתאשר במידת מה את תוכן ההודאה ולא בתוספת ראייתית מסבכת מסוג של סיוע המתייחסת לזהות הנאשם כמבצע העבירה קיימים קשרי גומלין בין משקלה הפנימי של ההודאה לבין משקלה החיצוני ככל שאחד משני אלה גדול יותר יידרש פחות משקל מהסוג האחר כך הדרישה ל""דבר מה"" היא דרישת מינימום בלבד וכאשר משקלה הפנימי של ההודאה נמוך עשוי להידרש ""דבר מה"" ברמה של סיוע מטרת מבחן המשקל החיצוני היא להסיר את החשש שהנאשם לקח על עצמו ביצועה של עבירה שהוא אינו אחראי לה או שאינו אחראי לה באופן מלא סטקלר פס 20 21 125 בענייננו של מוחמד בית המשפט המחוזי קבע שהודאותיו נושאות משקל חיצוני על סמך שורה של פרטים מוכמנים "" מידע שהיה מצוי בידיעתו של הנאשם 1 אשר יכול היה להיות רק בידיעתו של מי שנכח בדירה בעת הרצח"" פס 15 ו 18 להכרעת הדין די בפרט מוכמן כדי להוות דבר מה נוסף סטקלר פס 26 אקדים ואומר כי למרות שאינני תמימת דעים עם בית המשפט המחוזי לגבי מעמדם של חלק מהפרטים שמנה כפרטים מוכמנים חלקם של הפרטים אכן מהווים פרטים מוכמנים שיש בהם כדי לעמוד במבחן המשקל החיצוני בנסיבות ענייננו 126 כך למשל מוחמד ידע למסור כי עמוס היה ערום בעת שנרצח בית המשפט המחוזי קבע כי מרגע שהחל לגולל את הודאתו עוד בשלבים שבהם הפליל את פריד והרחיק עצמו מביצוע הרצח מסר מוחמד כי המנוח היה ערום בעת ביצוע העבירה ופרט זה אומת באמצעות ראיות אובייקטיביות שנתפסו בזירה בית המשפט דחה את טענת הסנגור לפיה החוקרים הלעיטו את מוחמד בעובדה שעמוס היה ערום צוין כי הקטע בחקירה שבו שאלה החוקרת אם עמוס היה ערום או לבוש התרחש לאחר שבשלב מוקדם יותר בחקירה ברכב מוחמד כבר נידב מידע זה בערעור טוען ד""ר לייסט כי גם בחקירה ברכב שאל החוקר באדי חרב את מוחמד אם פריד ועמוס היו לבושים או ערומים בזמן ביצוע הרצח כך שלמוחמד היה סיכוי של 50 לענות תשובה נכונה על שאלה זו ואין לראות בפרט זה פרט מוכמן פס ד למסמך ""התמודדות עם הפרטים המוכמנים שנזכרו בהכרעת הדין"" שהוגש בידי ד""ר לייסט בדיון להלן ""מסמך ההתמודדות"" אמנם צודק ד""ר לייסט שגם בחקירה ברכב מוחמד לא העלה בעצמו את השאלה אם עמוס היה לבוש או ערום והוא נשאל אם עמוס היה לבוש או ערום אלא שלדעתי בכל זאת מדובר בפרט מוכמן עמוס נמצא ערום לחלוטין דקור בכל גופו אף שהחוקרים אמרו למוחמד בחקירה כי התקיימו יחסי מין הומוסקסואליים בדירה בליל הרצח ראו למשל ז 39 ע 80 כאשר החוקר באדי חרב שאל את מוחמד בחקירה ברכב האם עמוס היה לבוש או ערום חוקר זה לא רמז למוחמד שאחת מהחלופות לבוש או ערום היא התשובה הנכונה אלא שאל ""באותו רגע הם היו לבושים או ערומים "" ז 51 ע 11 זאת ועוד מוחמד לא ענה תשובה סתמית לשאלה אלא הבדיל בין עמוס לבין פריד בענין לבוש ""חוקר 1 באותו רגע הם היו לבושים או ערומים נחקר באותו רגע חוקר 1 כן נחקר לא היו היה עמוס ערום חוקר 1 עמוס ערום ופריד נחקר פריד אני זוכר היה לבוש חוקר 1 מה נחקר לא זוכר היה לובש בכלל ג ינס ולא יודע מה חוקר 1 מכנס ג ינס היה לו נ עליים נחקר כן "" שם כך בנסיבות הענין יש לראות בידיעה שמסר מוחמד לפיה עמוס היה ערום בעת הרצח כפרט מוכמן לא נעלם מעיניי שמוחמד סיפק תשובה לא נכונה כאשר נשאל בשחזור בקשר לגילוח שיער הערווה של עמוס בעת האירוע ז 56 בע 17 ת 3 תמונה 24 עם זאת ניכר מעיון בשחזור כי לעומת פרטים רבים אחרים שמסר מוחמד לא זכר בקלות או באופן מיידי את הפרטים לגבי השיער ז 55 22 56 שעה 20 15 59 127 בית המשפט המחוזי ראה כפרט מוכמן גם את העובדה שמוחמד ידע לספר שהשאיר את כלי הרצח הסכין שעמו דקר בתוך הדירה נקבע כממצא עובדתי כי שני הסכינים ששימשו לביצוע הרצח נתפסו בדירה פס 16 ו להכרעת הדין בית המשפט המחוזי דחה את טענת הסנגור לפיה במהלך החקירה ברכב גילה החוקר באדי חרב למוחמד שהסכין נמצא בדירה נקבע כי החוקר אמנם אמר למוחמד ""יש לי שני סוגים של סכין"" ז 51 ע 45 ""אך אמירה זו נאמרה בהקשרה של השאלה בדבר מספר הסכינים בהם בוצע הרצח"" כאשר "" משפט כללי זה אינו מלמד דבר וחצי דבר על המקום בו נתפסו הסכינים שבהחלט יכול ונתפסו בחצר הבית "" או בהכרח על כך שנתפסו פס 16 ו להכרעת הדין על פי טענתו של ד""ר לייסט בערעור עולה בבירור מתמליל החקירה ברכב ז 51 ע 43 44 כי החוקר באדי חרב רמז למוחמד שהסכינים נתפסו בדירה פס ו ל""מסמך ההתמודדות"" אף אם אניח שהחוקר באדי חרב רמז למוחמד שהסכינים נתפסו בדירה המידע שמסר מוחמד לגבי כלי הרצח מהווה פרט מוכמן הרי שני הסכינים שנתפסו בדירה הם סכיני מטבח ת 1 פס 9 ג ותצלום מס 46 ת 8 ויצוין שהדבר גם נטען מפורשות בכתב האישום ס 4 א לכתב האישום הקצה של אחד מהם נמצא שבור ונמצא בקרקפת של עמוס רסיס מתכתי אפור בעובי של 0 1 ס""מ ובאורך של כ 0 6 ס""מ עם הקצה המחודד לכיוון חלל הגולגולת סעיף 3 כב לחוות דעת מומחה ב ת 3 סנגורו של מוחמד ד""ר לייסט עצמו מפנה לחוות הדעת ב ת 29 בה נקבע כי שבר להב סכין שנמצא בגולגולת אכן שייך לאחת הסכינים שנמצאו בדירה ראו סעיף 1 ל""נקודות שוני בין הודאת מערער 1 לממצאים בזירה"" שהגיש ד""ר לייסט בדיון על פה בערעור בתחילת החקירה ברכב כאשר מוחמד עדיין טען שרק פריד דקר את עמוס הוא טען תחילה שהוא לא יודע מאיפה פריד הביא את הסכין ז 51 ע 4 אולם זמן קצר לאחר מכן והרבה לפני הרמזים הנטענים שנתן החוקר למוחמד בענין מציאת הסכינים בדירה מוחמד נידב שמדובר בסכין מהמטבח ""חוקר 1 איזה סכין תאר לי את הסכין מאיפה הביא את הסכין היה עליו סכין או ש לא יודע מה איזה סכין נחקר הביא סכין מהמטבח חוקר 1 מהמטבח נחקר כן חוקר 1 מהמטבח של עמוס נחקר כן"" שם ע 10 128 בפרטים מוכמנים אלה די על מנת לעמוד בדרישת המשקל החיצוני בענייננו 129 על כן יש להוסיף למרות שאין פרט להודאותיו של מוחמד ראיות חד משמעיות שנקבעו כאמינות בענין המיקום המדויק של ביצוע הדקירות בתוך הדירה מרבית כתמי הדם בדירה מעבר לדם ברצפה שהרי כל הדירה הוצפה מים נמצאו בחדר השינה בחדר האמבטיה ובמבואה המחברת ביניהם במובחן מחדר המגורים והמטבח ראו ת 1 ובפרט תרשים הדירה שבו אציין כאן כי בית המשפט המחוזי טעה בקביעה שלא נמצאו כתמי דם כלל במטבח ראו ת 1 תצלומים 47 48 ראו גם פס 3 5 לתגובה מטעם המדינה מיום 17 1 2012 העובדה שמוחמד מיקם את אותן הדקירות שהוא ראה וביצע בחדר השינה ז 51 בע 5 ז 55 קלטת השחזור משתלבת עם ראיות חפציות חיצוניות אלה אמנם צודק ד""ר לייסט כי מוחמד טען בשחזור כי עמוס התמוטט במרכז חדר השינה ואילו עמוס נמצא ממוטט במבואת הדירה צמוד לדלת הכניסה לדירה פס ה ל""מסמך ההתמודדות"" אך כזכור על פי גרסתו של מוחמד עצמו בשחזור כאשר עזב את הדירה עמוס היה עדיין בחיים וצעק אין סתירה בין דקירות ראשונות ונפילתו של עמוס בחדר השינה בריחתו של מוחמד כאשר עמוס עדיין בחיים וצועק והעובדה שהמשטרה מצאה אותו בסופו של דבר ממוטט במבואה בסמוך לדלת הכניסה לדירה 130 העובדה שמוחמד מסר במסגרת הודאותיו כי הוא ופריד הפכו את הארון בדירתו של עמוס מאמתת אף היא את ההודאות ס 16 א להכרעת הדין אמנם כפי שציין בית המשפט המחוזי החוקר באדי חרב אמר למוחמד בחקירה ברכב שבמהלכה הודה מוחמד כי היה ""בלאגן"" בדירה אך צדק בית המשפט המחוזי בקביעה שיש דרכים רבות ליצור ""בלאגן"" בדירה ואין במסירת המידע על ""בלאגן"" בדירה משום גילוי שמקור ה""בלאגן"" הוא דווקא הפיכת הארון כפי שטען ד""ר לייסט בערעור החוקרים גם מסרו למוחמד בשלב מסוים בחקירה בטרם ההודאות כי ""גם איפה שחיפשתם שם בארון הכל נבדק "" ז 39 ע 86 אולם חיפוש בארון ו"" הפיכת הארון "" פיזור תכולתו בחדר אינם פעולות זהות והפיכת הארון אינה תוצאה הכרחית או מובנת מאליה של חיפוש בארון כך מסירת הנתון בענין ""הפיכת הארון"" מוסיפה אף היא לאימות הודאותיו של מוחמד 131 טענתו של מוחמד בהודאותיו לפיה הוא שתה אצל עמוס בערב הרצח וודקה עם משקה XL מצאה אף היא אישוש בראיות החיצוניות בזירה בחקירה בשלב שבו מוחמד עדיין טען כי לא נכח בדירה במועד הרצח הוא טען כי הוא היה בדירתו של עמוס במועד קודם למועד הרצח וכי באותו מועד קודם הוא שתה בדירה וודקה עם משקה XL ז 31 ע 20 גם בשלב מאוחר יותר בחקירה במסגרת הודאותיו כאשר מוחמד כבר הודה שהיה בדירתו של עמוס במועד הרצח הוא המשיך להתמיד בטענה שהיה בדירתו של עמוס גם במועד המוקדם יותר ז 51 ע 6 כאן המקום להזכיר את עדותו של חברו של עמוס יעקב אשר נתקבלה בידי בית המשפט המחוזי לפיה הקשר הקודם בין עמוס לבין מוחמד התפרש על פני תקופה לא קצרה פס 54 להכרעת הדין יטען הטוען כי לאור הכרותו הקודמת של מוחמד עם דירתו של עמוס מוחמד ידע שנהוג לשתות XL אצל עמוס ומוחמד שילב פרט זה בהודאת שווא אין לקבל טענה זו אמנם אם שתיית XL בדירתו של עמוס לא היתה התרחשות המיוחדת לאירוע הרצח במסירת נתון בענין שתיית XL בידי אדם עם הכרות מוקדמת עם דירתו של עמוס אין לראות פרט מוכמן לגבי הרצח אולם מן הצד השני טענתו של מוחמד שהוא שתה XL אצל עמוס במועד הקודם אינה הופכת שתיית אותו משקה בערב הרצח על ידי מוחמד או בכלל לעובדה ברורה מאליה והכרחית ודוק כאשר מוחמד סיפר בחקירה על שהתרחש בדירה במועד הקודם הוא אמר כי הוא שאל את עמוס מה יש לשתות ועמוס ענה לו ""יש לי קולה יש לי בירה יש לי אבסלוט וודקה "" ז 31 ע 20 XL לא היה ככל הנראה המשקה היחיד אצל עמוס תמיד כך גם אם אין לראות בשתיית XL בערב הרצח פרט מוכמן העובדה שמוחמד ידע למסור במסגרת הודאותיו שנשתה משקה XL בדירתו של עמוס גם בערב הרצח אינה חסרת משקל ראייתי באישוש ההודאות ודוק לפי התמונות והכתוב בחוות הדעת של המעבדה הניידת לזירת העבירה שהוגשה כראייה לבית המשפט המחוזי מיכל המשקה היחיד שנתפס בדירה היה ""פחית משקה XL ועליה כתמי חומר החשוד כדם על המיטה הזוגית"" בחדר שבו לטענת מוחמד בוצעו הדקירות הראשונות חוות הדעת מזירת העבירה ב ת 1 פס 5 ד ו 13 יא ותצלום מס 14 לעניין טענתו של ד""ר לייסט לפיה בניגוד לדברי מוחמד לא נמצא בקבוק וודקה בזירה פסקה ז ל""מסמך ההתמודדות"" יצוינו התמונות והדיווח באותה חוות דעת לגבי ""עטיפת פלסטיק של צוואר בקבוק שתייה"" שנמצאה אף היא בחדר הנזכר ת 1 פס 5 ד ו 13 ה ותצלום מס 15 132 בפרטים המוכמנים ובראיות החיצוניות הנוספות שמאששות את הודאותיו של מוחמד כפי שסקרתי אותם לעיל יש די והותר על מנת להוות ה""דבר מה הנוסף"" הנדרש על מנת להרשיע את מוחמד על סמך הודאותיו לאלה יש להוסיף את הפרכת טענת האליבי של מוחמד בענייננו בית המשפט המחוזי לא רק קבע שטענת האליבי של מוחמד כבושה ובלתי מהימנה הוא הוסיף וקבע כי טענת האליבי הופרכה בידי איכון שיחות טלפון על פי ההלכה הפסוקה הפרכה פוזיטיבית של טענת אליבי במובחן מדחיית טענת אליבי ללא הפרכה פוזיטיבית יכולה להוות אפילו סיוע ראו ע""פ 2596 90 פלוני נ מדינת ישראל פ""ד מו 5 690 693 1992 ע""פ 892 07 גרנדיבסקי נ מדינת ישראל פס 30 לפסק דינו של השופט י אלון ופס 6 לפסק דינו של השופט א גרוניס טרם פורסם 26 5 2008 מקל וחומר שהפרכה פוזיטיבית כאמור יכולה למלא את תנאיה הפחותים של תוספת ראייתית מסוג דבר מה נוסף ראו דברי השופט י דנציגר בפסק דין אבו עצא פס 67 לפסק דינו על הפרכת טענת האליבי של מוחמד בהמשך הדברים דחיית טענת האליבי 133 כפי שציינתי בתחילת הדברים בית המשפט דחה את טענת האליבי שהעלה מוחמד לראשונה בבית המשפט לפיה שהה בערב הרצח במסיבה של עמותת על""ם שממנה הלך לביתו של חברו סאמר נאסר טענת אליבי זו שגם היתה שונה בתכלית מגרסת האליבי המפורטת שמסר בחקירה קודם לכן נדחתה כגרסה כבושה בית המשפט אף בחן את טענת האליבי לגופה ומצא שהיא בלתי מהימנה ואף הופרכה בנימוקי הערעור ובעיקרי הטיעון שהוגשו מטעם מוחמד בידי עו""ד אבו שחאדה נטענו שלוש קבוצות של טענות נגד הקביעות בקשר לטענת האליבי זאת מעבר לטענות בעלמא בענין טעויות בקביעות בית המשפט ללא הסבר או נימוק מדוע בית המשפט טעה וטענות בדבר סתירות בעדותה של שכנת המנוח שעליה כלל לא סמך בית המשפט את ידו בהכרעת הדין בקבוצת הטענות הראשונה נטען כי כיוון שלא ניתנה הודעה למוחמד במהלך החקירה בדבר מועד הרצח ומקומו לא היה מקום לראות בגרסת האליבי שהועלתה לראשונה בבית המשפט כגרסה כבושה בקבוצת הטענות השניה נטענו טענות לביסוס העובדה שהמסיבה אכן התקיימה במרכז על""ם בערב הרצח דבר אשר מחזק לפי הנטען את מהימנותו של מוחמד באופן התומך בטענת האליבי בקבוצת הטענות השלישית נטען כי בית המשפט טעה כאשר קבע כי איכון הטלפון של קיפאח באזור הרצח מפריך את טענת האליבי בדיון על פה בערעור ביום 16 5 2012 הוסיף ד""ר לייסט בענין הקשר בין המסיבה במרכז על""ם לבין ההודאות של מוחמד כי בהודאות טען מוחמד שפגש את פריד בשעה 18 00 בערב הרצח אך נוכח האליבי ה""ממקם"" אותו במרכז על""ם בין השעות 19 00 19 30 ברור שההודאה אינה אמת 134 לדעתי אין מקום להתערב במסקנה אליה הגיע בית המשפט המחוזי לפיה יש לדחות את טענת האליבי אבאר 135 במסגרת הערעור של מוחמד על הכרעת הדין למעשה טען עו""ד אבו שחאדה כי בית המשפט המחוזי טעה בקביעה שגרסת האליבי שהועלתה במשפט היא גרסה כבושה שכן כתוצאה מכך שלא ניתנו למוחמד פרטים בענין מועד הרצח ומקומו לא ניתן היה לצפות ממוחמד להעלות את גרסת האליבי הזו מוקדם יותר יש לדחות טענה זו שכן כפי שכבר קבעתי לעיל אין מקום להתערב בממצאים העובדתיים שקבע בית המשפט המחוזי לפיהם מוחמד ידע כבר בתחילת החקירה באיזה רצח מדובר ומתי בוצע והוא ממילא טען באותו שלב שמעולם לא היה בדירתו של עמוס כך לא מתרחשת בענייננו ""דחייה"" של המועד שממנו מצופה היה ממוחמד שיעלה את גרסת האליבי שלו וצדק בית המשפט בקובעו שהגרסה אשר העלה מוחמד רק במשפטו היא גרסה כבושה 136 גם אין בטענות בקשר לעובדה שהתקיימה מסיבה במרכז על""ם בערב הרצח כדי להצדיק התערבות בדחיית טענת האליבי לגופה כבלתי מהימנה מוחמד טען במסגרת טענת האליבי כי נכח בערב הרצח במסיבה של מרכז על""ם בית המשפט המחוזי קבע כי עדויות של שני נציגי עמותת על""ם תומכות בטענה זו כי מהימנותם לא נסתרה וכי לא נשמעה כל טענה של המאשימה נגד מהימנות או אמיתות עדויות אלה אלא שלעובדה שהמסיבה התקיימה או להשתתפותו של מוחמד בה אין רלוונטיות ממשית זאת כי המסיבה הסתיימה סביב השעה 20 30 ואילו הרצח שבוצע בדירתו של עמוס הנמצאת קרוב מאוד למקום המסיבה בוצע בין השעות 22 30 23 00 פס 27 להכרעת הדין בערעור חזר עו""ד אבו שחאדה על עדותם של נציגי עמותת עלם תוך הפנייה לצילומים של מוחמד אשר צולמו לפי הנטען באותה מסיבה והוגשו במסגרת המשפט נטען שיש בעדויות אלה כדי לתמוך בטענת האליבי ולחזק את מהימנותו של מוחמד ראו פס 118 124 לנימוקי הערעור אני מוכנה לקבל שהמסיבה התקיימה באותו הערב ועוד מוכנה אני להניח כי מוחמד נכח בה אולם אין בעובדה שמוחמד ציין שנכח במסיבה שהתקיימה כדי להפוך את טענת האליבי לגרסה מהימנה 137 ראשית יובהר כי אין בנוכחותו של מוחמד במסיבה כדי לסתור את השתתפותו ברצח בהמשך אותו ערב ואין בנוכחותו במסיבה כדי לסתור את הודאותיו כפי שקבע בית המשפט המחוזי המסיבה הסתיימה לכל המאוחר סביב השעה 20 30 פס 27 להכרעת הדין ואילו הרצח בוצע במקום מאוד קרוב לאותה מסיבה בין השעות 22 30 23 00 כך שאין בנוכחותו של מוחמד במסיבה כדי לעמוד בסתירה עם השתתפותו המאוחרת יותר ברצח כאמור נוכחותו של מוחמד במסיבה אף אינה עומדת בסתירה עם הגרסה בהודאותיו ברצח בית המשפט המחוזי עמד על עדותה של נציגת עמותת על""ם דורית לפיה המסיבה התחילה בשעה 19 00 ועל עדותו של נציג העמותה עידן לפיה יכול להיות שמוחמד הגיע למסיבה אמר שלום הצטלם ויצא פס 27 להכרעת הדין המסקנה העולה מההודאות של מוחמד היא שהוא נפגש עם פריד פעמים באותו הערב ולאחר שפגש אותו בפעם השניה לקראת השעה 20 00 הוא הלך עמו לדירתו של עמוס בתחילת הודאתו הראשונה ברכב אמנם טען מוחמד שפגש את פריד בתחנה המרכזית בשעה ""שש שש וחצי"" ז 51 ע 7 אך כאשר נשאל שוב בהמשך אותה הודאה באיזו שעה פגש את פריד ענה ""לפני השעה שמונה"" שם ע 37 באותו שלב כאשר החוקר באדי חרב שאל את מוחמד ""אמרת לי בשעה שש פגשת את פריד"" תשובתו של מוחמד לא היתה ברורה הוא ענה ""כן פגשתי את פריד"" שם ז 50 1 07 05 בהודאה הפורמאלית בתחנה סמוך לאחר מכן טען מוחמד שהוא לא יודע באיזו שעה בדיוק פגש את פריד ז 52 ע 3 ש 1 כאשר נשאל לגבי תשובתו הקודמת לפיה הוא פגש את פריד בסביבת השעה שש הבהיר מוחמד שהוא פגש את פריד פעמים באותו ערב בפעם הראשונה פגש את פריד בשעה שש ""והתחלנו להסתובב"" ובפעם השניה ולאחר שלדבריו לקח את הטלפון הנייד מקיפאח השניים כבר הלכו לדירתו של עמוס שם ש 47 51 אין סתירה בין ""הסתובבות"" של מוחמד עם פריד באזור התחנה המרכזית בתל אביב החל מהשעה 18 00 18 30 כניסתו של מוחמד למסיבה של מרכז על""ם ברחוב מנחם בגין 7 ראו עדותה של דורית פרידמן בע 101 לפרוטוקול מיום 17 12 2008 שהתחילה בשעה 19 00 והליכה עם פריד שלדברי מוחמד אותו פגש בשנית לדירה של עמוס לאחר מכן כך לא זו בלבד שנוכחותו של מוחמד במסיבה אינה סותרת את השתתפותו ברצח נוכחותו באותה מסיבה אף אינה סותרת את תוכן הודאותיו לגבי השעות שלפני הרצח 138 אין בעובדה שמוחמד טען שנכח במסיבה ושטענה זו הסתברה כנכונה כדי לחזק את מהימנותו של מוחמד בקשר לטענת האליבי ראשית נוכח קביעות בית המשפט המחוזי לגבי שעות המסיבה הטענה שמוחמד השתתף במסיבה אינה לאמתו של דבר חלק מטענת האליבי הרי "" טענת אליבי טענת במקום אחר הייתי הינה טענת הגנה מכוחה טוען חשוד או נאשם כי בעת ביצוע העבירה המיוחסת לו לא היה במקום התרחשות העבירה כי אם במקום אחר"" ע""פ 2694 09 פלוני נ מדינת ישראל פס 10 טרם פורסם 23 6 2010 ההדגשה הוספה נוכח השעות שבהן נערכה המסיבה כאמור במקום קרוב למקום ביצוע העבירה אך שעות קודם לכן הטענה בענין השתתפותו של מוחמד במסיבה אינה טענה לגבי מקומו בעת ביצוע העבירה ולכן אין לראות בה כלל כחלק מטענת אליבי טענת האליבי האמיתית שנדחתה לא רק ככבושה אלא כבלתי מהימנה היא הטענה שבזמן הרצח מוחמד שהה עם חברו סאמר נאסר בביתו ובקרבת ביתו בשכונת התקווה נוכחותו של מוחמד במסיבה גם בהנחה שטענתו שנכח בה היתה טענת אמת אינה מוסיפה כשלעצמה מהימנות לטענת האליבי אף אם ניתן לראות את עדותו של מוחמד לגבי המסיבה כחלק מטענת האליבי הרי לאור עקרון ""העפרון הכחול"" המאפשר הפרדה בין חלקים מהימנים וחלקים בלתי מהימנים באותה עדות ראו ע""פ 2772 11 נחמני נ מדינת ישראל פס 12 ו 24 טרם פורסם 21 3 2012 ואסמכתאות שם ממילא אין באישוש הטענה בענין ההשתתפות במסיבה כדי להוביל למסקנה שיש להפוך את הקביעות של בית המשפט לגבי חלקים אחרים של העדות שנדחו ואף הופרכו 139 נראה כי עו""ד אבו שחאדה היה ער לכך טענתו הייתה שאישוש הטענה בענין נוכחותו של מוחמד במסיבה מוסיפה למהימנותו של מוחמד וזו בתורה תומכת בקבלת טענת האליבי שלו נטען כי יש בעדויות לגבי השתתפותו של מוחמד במסיבה ""כדי לחזק את מהימנותו של המערער גם אם שעת הרצח אינה נופלת בתוך פרק הזמן בו שהה במסיבה של העמותה"" פס 124 לנימוקי הערעור כאמור ערכאת הערעור אינה נוהגת להתערב בממצאי מהימנות עדים ודי בכך כדי לדחות את הבקשה להתערב בקביעת ממצאי מהימנות לגבי מוחמד אוסיף כי דחיית טענת האליבי לגופה לא נשענה על הערכת מהימנות בלבד בית המשפט המחוזי עמד בפירוט רב על שורה של סתירות בין גרסתו של מוחמד לבין גרסתו של סאמר נאסר לגבי שהותם הנטענת יחד בליל הרצח בית המשפט קיבל את הבחנתו של בא כוח המאשימה לפיה מוחמד וסאמר נאסר הצליחו לתאם גרסת אליבי בקוויה הכלליים אך לא עלה בידם לתאם את פרטי הפרטים של הגרסה "" וכך כפי שקורה חדשות לבקרים במסירת דבר שקר דווקא בחינת הפרטים הפשוטים לכאורה ממוטטת את הגרסה כולה ומלמדת על הקנוניה שבבסיסה"" פס 29 להכרעת הדין 140 אך לא בכך הסתכמו נימוקי דחיית טענת האליבי בית המשפט קבע כי איכון הטלפון של קיפאח מפריך את טענת האליבי שם כזכור לפי טענת האליבי מוחמד שהה בשכונת התקווה בעת הרצח נקבע לענין זה בין היתר כי כפי שעולה מדו""ח איכון הטלפון של קיפאח לא ייתכן שטלפון זה היה בשכונת התקווה בשעות הרלוונטיות שם פס 30 בערעור טען עו""ד אבו שחאדה כי גם אם הטלפון של קיפאח אוכן במקום שונה מהמקום שבו מוחמד טען שהוא היה המאשימה עדיין לא הוכיחה כי טלפון זה הוחזק בידי מוחמד בשעות הרלוונטיות פס 137 לנימוקי הערעור 141 דין טענה זו להידחות לפי עדותו של מוחמד עצמו בבית המשפט לאחר שהסתיימה המסיבה במרכז על""ם אשר לטענתו הסתיימה בשעה 21 00 הוא פגש בדרכו לבית של סאמר נאסר בשכונת התקווה את קיפאח ""אחרי כמה דקות"" לדבריו של מוחמד אביו של מוחמד התקשר לטלפון של קיפאח מטלפון של שכנו בכפר פרעה מר איסמעיל סרחאן ושוחח עם מוחמד פס 28 30 להכרעת הדין פרוטוקול 17 12 2008 ע 73 ע 83 ש 17 ע 84 ש 2 דא עקא וכפי שיפורט שיחת טלפון זו בת מספר שניות בלבד אשר לטענת מוחמד התקיימה בזמן שהלך מהמסיבה במרכז על""ם לשכונת התקווה התקיימה באזור סמוך ממש למרכז על""ם וממילא לביתו של עמוס למעלה משעה וחצי לאחר מכן בשעה 22 36 על פי עדותו של מוחמד עצמו לפיה התעכב אצל קיפאח ""כמה דקות"" בלבד על מנת לשוחח עם אביו בשעה 22 36 הוא צריך היה להיות כבר בשכונת התקווה ולמצער רוב הדרך לשכונת התקווה אלא שהשיחה התקיימה סמוך מאוד למרכז על""ם ולביתו של עמוס למעלה משעה וחצי לאחר סיום המסיבה לשיטתו ומכאן שצדק בית המשפט המחוזי בקביעתו שאיכון הטלפון מפריך את טענת האליבי 142 עמדנו לעיל על כך שעל פי פלט השיחות של הטלפון של קיפאח ת 44 וחוות הדעת המומחה בענין האיכון ת 77 השיחה שחויגה מהטלפון של איסמעיל סרחאן בשעה 22 36 ואשר נענתה בטלפון של קיפאח ארכה 21 שניות ואוכנה כאשר הטלפון של קיפאח היה באזור שמכסה את אתר ""מקווה ישראל בזק"" מדובר באזור הקרוב מאוד למרכז על""ם ולביתו של עמוס כאחת אזור רח יהודה הלוי המגיע עד רח הרצל מצפון מגיע עד אזור שדרות רוטשילד ראו אתר ""מקווה ישראל 4001 BTOR "" בע 6 ל ת 77 וכן הצבע האדום במפה נספח ב לאותה חוות דעת המבטא את אזור הכיסוי של 40014 OR המומחה העיד כי הוא בדק את השיחות שחויגו אל הטלפון של קיפאח ביום הרצח כי הסבירות שהטלפון קיים שיחות באזורים כפי שהם מצוינים בחוות הדעת גבוהה ביותר ע 70 לפרוטוקול מיום 17 12 2008 ש 15 16 למרות זאת הסבירות שהטלפון של קיפאח היה באיזור שכונת התקווה בעת שבוצעו שיחות אלה היא אפסית פרוטוקול 17 12 2008 ע 66 ש 11 26 המסקנה היא שאין מקום להתערבות בקביעה שמוחמד השתתף בקטילתו של עמוס סייג השכרות 143 כפי שצוין לעיל ד""ר לייסט הוסיף בעיקרי הטיעון הנוספים שהגיש בשמו של מוחמד טענה חדשה לפיה נוכח קביעות בית המשפט המחוזי לפיהן מוחמד היה ""שיכור כלוט"" בעת ביצוע העבירה פס 11 להכרעת הדין וביצע את הרצח ""בהשפעת שכרותו"" פס 14 להכרעת הדין חל סייג השכרות לפי סעיף 34ט ב לחוק העונשין כאשר חל סייג השכרות לא ניתן להרשיע אדם בעבירה תוצאתית שהיסוד הנפשי שלה הוא כוונה על כן טען ד""ר לייסט כי ניתן היה להרשיע את מוחמד לכל היותר בעבירת הריגה שהיא עבירה ללא יסוד נפשי של כוונה ולא ניתן היה להרשיעו ברצח בכוונה תחילה פס 21 25 לעיקרי טיעון מיום 23 10 2011 144 לטענת המאשימה מדובר בטענה המועלית לראשונה בערעור כאשר בערכאה הראשונה טען מוחמד טענה עובדתית סותרת לפיה הוא כלל לא נכח בזירת הרצח בעת ביצועו עוד טוענת המאשימה כי טענת שכרות היא טענה הדורשת הוכחה אין די בכך שאדם שתה משקאות אלכוהוליים אפילו משקאות אלכוהוליים רבים אלא יש לעורר ספק סביר כי נתקיימו יסודות השכרות הנדרשים על פי החוק לטענת המאשימה הטוען לשכרות צריך לכל הפחות לעורר ספק לפיו הוא לא היה מודע לפרט מפרטי העבירה שכרות חלקית לטענת המאשימה גם לא די בנסיבה לפיה היה המבצע נתון תחת השפעת חומר משכר על הנאשם להראות כי לחומר המשכר הייתה השפעה של ממש על תודעתו והבנתו או על יכולתו לשלוט במעשיו פס 31 33 ל""עיקרי טיעון נוספים מטעם המשיבה"" מיום 28 12 2011 מבלי להיכנס לשאלה אם מותר היה להעלות את טענת השכרות בשלב זה עמדתי היא כי לגוף הטענה גם נוכח הממצאים העובדתיים שנקבעו בענייננו לפיהם מוחמד היה ""שיכור כלוט"" והוא ""הושפע משכרותו"" בביצוע העבירה אין מקום לקבוע כי בית המשפט המחוזי טעה בכך שהרשיע את מוחמד בעבירה של רצח אבאר 145 סעיף 34ט לחוק העונשין קובע שכרות 34 ט א לא יישא אדם באחריות פלילית למעשה שעשה במצב של שכרות שנגרמה שלא בהתנהגותו הנשלטת או שלא מדעתו ב עשה אדם מעשה במצב של שכרות והוא גרם למצב זה בהתנהגותו הנשלטת ומדעת רואים אותו כמי שעשה את המעשה במחשבה פלילית אם העבירה היא של התנהגות או באדישות אם העבירה מותנית גם בתוצאה ג גרם אדם למצב השכרות כדי לעבור בו את העבירה רואים אותו כמי שעבר אותה במחשבה פלילית אם היא עבירה של התנהגות או בכוונה אם היא מותנית גם בתוצאה ד בסעיף זה ""מצב של שכרות"" מצב שבו נמצא אדם בהשפעת חומר אלכוהולי סם מסוכן או גורם מסמם אחר ועקב כך הוא היה חסר יכולת של ממש בשעת המעשה להבין את אשר עשה או את הפסול שבמעשהו או להימנע מעשיית המעשה ה סעיפים קטנים א ב ו ג חלים גם על מי שלא היה חסר יכולת כאמור בסעיף קטן ד אך עקב שכרות חלקית לא היה מודע בשעת מעשה לפרט מפרטי העבירה 146 על פי ההסדר בסעיף 34ט ב המצוטט "" אדם שביצע עבירה במצב של שכרות מלאה אליו נכנס בהתנהגותו הנשלטת ומדעת יהיה אחראי בעבירות שאינן דורשות תוצאה באופן מלא ובעבירות המותנות בתוצאה עד רמה של אדישות בלבד"" סטקלר פס 50 כך בהתקיים התנאים לסייג השכרות לא ניתן להרשיע נאשם ברצח בכוונה תחילה שהיסוד הנפשי בה הוא כוונה לגרימת התוצאה מותו של אדם ראו ע""פ 7164 10 ג אן נ מדינת ישראל פס 9 טרם פורסם 1 12 2011 להלן ג אן השופטת ע ארבל עמדה בפסק דין סטקלר על התנאים להתקיימות סייג השכרות המלאה ולהתקיימות סייג השכרות החלקית ""לשם התקיימותה של הגנת השכרות המלאה נדרשים שלושה תנאים מצטברים היותו של הנאשם נתון תחת השפעת חומר משכר בעת ביצוע העבירה או תחת השפעתו של גורם מסמם כלשהו קיומה של אחת מהחלופות שבסעיף קטן ד וכן קשר סיבתי בין החומר המשכר לבין קיום החלופה ראו ע""פ 3243 95 צאלח נ מדינת ישראל פ""ד נב 1 769 785 ע""פ 9258 00 נטרלשווילי נ מדינת ישראל פ""ד נו 2 673 681 שונה הדין לעניין שכרות חלקית כהוראת סעיף 34ט ה זו עוסקת במקרה בו מבצע העבירה היה תחת השפעת חומר משכר או גורם מסמם חומר זה לא השפיע עליו ברמה כזו ששללה את יכולתו להבין אשר עשה או את הפסול במעשהו או להימנע מעשיית המעשה האדם לא היה שיכור כלוט אולם החומר המשכר השפיע באופן חלקי על כוח האדם להבין את טיב מעשיו ומשמעותם מבחינת עלילותם להצמיח עבירה פלילית ש""ז פלר יסודות בדיני עונשין כרך ב תשמ""ז 587 להלן פלר ההשפעה כך לשון החוק היא כזו השוללת את מודעותו של המבצע בשעת המעשה לפרט מפרטי העבירה גם כאן עולים מלשון הסעיף שלושה תנאים מצטברים לתחולת ההגנה היותו של הנאשם נתון תחת השפעת חומר משכר בעת ביצוע העבירה או תחת השפעתו של גורם מסמם כלשהו אי מודעותו של הנאשם לפרט מפרטי העבירה בשעת המעשה וכן קשר סיבתי בין החומר המשכר לבין אי המודעות ע""פ 1493 98 סטפ נ מדינת ישראל פ""ד נו 4 679 685 כאשר עסקינן בעבירת רצח לפי סעיף 300 א 2 לחוק העונשין אזי על העושה להיות מודע למהות מעשהו שהביא למותו של הקורבן וכן נדרש שתתקיים אצלו אותה החלטה להמית אשר מתבטאת בחזות מראש של אפשרות התרחשותה של תוצאה קטלנית ורצון כי היא תתממש ע""פ 2948 03 ברזובסקי נ מדינת ישראל לא פורסם ניתן ביום 20 6 05 "" שם פס 51 52 147 בית המשפט המחוזי אמנם קבע כי מוחמד היה ""שיכור כלוט"" והוא קבע את שכרותו על בסיס תשתית עובדתית אמירתו של מוחמד במסגרת הודאותיו לפיה היה ""מסטול מידי"" משתיית וודקה בעת ביצוע העבירה דא עקא בכך כשלעצמו אין אלא כדי למלא את התנאי הראשון לתנאים המצטברים לסייג השכרות היות הנאשם נתון תחת השפעת אלכוהול בעת ביצוע העבירה בענין שכרות מלאה אין בכך כדי למלא מיניה וביה את הדרישה לקיום חלופה לפי סעיף 34ט ד חסר יכולת של ממש בשעת המעשה להבין את אשר עשה או את הפסול שבמעשהו או להימנע מעשיית המעשה ואין בו כשלעצמו כדי למלא את דרישת הקשר הסיבתי בין החומר המשכר לבין קיום החלופה גם בענין שכרות חלקית אין בשכרות ואפילו שכרות קשה כשלעצמה כדי למלא את הדרישה לקשר סיבתי בין החומר המשכר לבין קיום העדר המודעות ודוק ""הרף הנדרש בפסיקה לשם הכרה במצב של שכרות הוא רף גבוה עד אין גבוה ואנו מוצאים בפסיקה דחייה של טענה לתחולת סייג השכרות והרשעה אפילו בעבירה החמורה של רצח בכוונה תחילה גם במצבים בהם הוכח ש רמת שכרותו של המערער היתה גבוהה ועמוקה עניין אבלים בעמ 190 שהיה תחת השפעת אלכוהול ומעצוריו הנפשיים התרופפו עניין זלנצקי שהיה שתוי לחלוטין ואחוז סחרחרת עניין רומנצקו שהיה שיכור מאוד בעת ביצוע המעשה ותואר על ידי שוטרים ועדים כמי שהיה במצב מסטול לגמרי שיכור מסריח מזיע רואים דבר כזה רק בסרטים עניין סטקלר פסקאות 66 67 לפסק דינה של השופטת ארבל ברי כי מדיניות משפטית עומדת מאחורי רף גבוה זה גם לטענה של שכרות חלקית יש להניח תשתית ראייתית והרף להוכחתה אף הוא רף גבוה מאוד כך לדוגמה בעניין רומנצקו נדחתה טענה לשכרות חלקית למרות היות הנאשם שתוי לחלוטין ואחוז סחרחרת "" ג אן שם פס 14 ו 17 ודוק בית המשפט המחוזי קבע בענייננו כי מוחמד ביצע את העבירה בין היתר ""בהשפעת שכרותו"" אך גם בכך אין למצוא מיניה וביה קביעה הממלאת את דרישות סייג השכרות כפי שקבע השופט א א לוי בעניין טיקמן ""מוכן אני להניח כי כאשר בדמו של המבצע נמצא ריכוז גבוה במיוחד של חומר משכר וכך אניח לגבי המערער שבפנינו כי אז ניתן לצאת מנקודת מוצא שלצריכתו של החומר המשכר נלוותה גם השפעה כלשהי על תפקודו אולם כאמור גם בהשפעה זו לא די וכדי לחסות בצילה של הגנת השכרות על הטוען לתחולתה להראות כי לחומר המשכר הייתה השפעה של ממש על תודעתו והבנתו או על יכולתו לשלוט במעשיו ע""פ 2454 02 טיקמן נ מדינת ישראל פס 13 לא פורסם 12 12 2005 ההדגשה הוספה 148 האם יש בהכרעת הדין בענייננו בסיס לקבוע כי לשכרותו של מוחמד היתה השפעה של ממש על תודעתו והבנתו או על יכולתו לשלוט במעשיו ולענין שכרות חלקית השפעה הגורמת לו שלא להיות מודע לפרט מפרטי העבירה התשובה לשאלה זו שלילית בפסק דין סטקלר מנתה השופטת ע ארבל רשימה בלתי ממצה של שיקולים ששוקל בית המשפט בבואו להכריע האם נשללה הכוונה בשל השפעת אלכוהול של העושה כאשר חלקם טובים אף לבחינתה של שכרות מלאה רשימה זו כוללת עדויות בסמוך למעשה לענין סימנים למידת שכרותו של הנאשם עדות מומחים באשר למצב השכרות פעולות ובפרט פעולות מורכבות שביצע הנאשם לקראת וכהכנה לביצוע המעשה וכן פעולות שנקט לאחר מעשה אשר מצביעות על מודעותו ורצונו בתוצאת המעשה או על העדר שכרות בעת האירוע עד כמה מסתברת התוצאה שהתרחשה מהמעשה או עד כמה היא מהווה למעשה חלק בלתי נפרד ממנו הצהרות של הנאשם בעת ביצוע המעשה או סמוך לו ומידת זכרונו של הנאשם סטקלר פס 63 בהכרעת הדין בענייננו אין ממצאים על בסיס עדויות לגבי סימנים למידת שכרותו של הנאשם זאת למעט עדותו של הנאשם עצמו בהודאותיו לפיה היה ""מסטול מידי"" ויש לזכור כי משקלן של הצהרות הנאשם עצמו ביחס לכמות האלכוהול שצרך עובר לאירוע וביחס להשפעתו עליו עשוי להיות מוגבל לצורך החלת סייג השכרות שם פס 63 א אין בהכרעת הדין בענייננו קביעות בקשר לעדויות מומחה על מידת השכרות של מוחמד שכן בבית המשפט מוחמד בחר בקו הגנה המכחיש את נוכחותו באירוע נוכח קו הגנה זה מטבע הדברים לא טען מוחמד לסייג השכרות וממילא לא הביא עדות מומחה לענין זה הכרעת הדין כן כוללת ממצאים עובדתיים בענין פעולות שביצע מוחמד לאחר מעשה אשר מצביעות על כוונה ועל העדר מידה גבוהה של שכרות כך נקבע כי מוחמד רוקן יחד עם פריד את תכולת ארון הבגדים של המנוח על מנת להעלים ראיות פס 16 א להכרעת הדין בענין הסתברות התוצאה מהמעשה מוחמד דקר את עמוס עם סכין והרי שימוש בכלי קטלני סטקלר פס 63 ד בין היתר בדקירות ע""פ 10800 04 רומנצקו נ מדינת ישראל פס 24 לא פורסם 18 9 2006 להלן רומנצקו המצטט מ ע""פ 290 87 סבאח נ מדינת ישראל פ""ד מב 3 358 365 1988 מלמד על החלטה להמית מוחמד לא הסתפק בדקירה אחת כפי שטען בתחילת הודאתו הראשונה אלא הוסיף ודקר את עמוס פעמים רבות פס 12 להכרעת הדין דבר המצביע על דבקות בהשגת המטרה של המתת המנוח ועל קיומה של כוונה ראו והשוו רומנצקו פס 25 מוחמד דקר את עמוס בחזה פס 12 להכרעת הדין אזור חיוני בגופו וזו אינדיקציה נוספת לקיומה של כוונה ראו והשוו רומנצקו שם השוו את הנסיבות בפסק דיני ב ע""פ 9369 07 מיקל נ מדינת ישראל פס 14 טרם פורסם 16 2 2009 בענין מידת זכרונו של מוחמד עולה מהכרעת הדין לבדה כי מוחמד זכר שהוא ביצע את הרצח עם פריד פס 16 ב להכרעת הדין זכר שעמוס היה ערום פס 16 ד להכרעת הדין זכר באיזה חדר בוצע הרצח פס 16 ה להכרעת הדין זכר שהוא דקר מקדימה ושפריד דקר מאחורה פס 16 י להכרעת הדין ואף זכר באיזו תנוחה נפל עמוס מהדקירות 16 יא להכרעת הדין 149 נוכח התשתית העובדתית שנקבעה בהכרעת הדין כפי שפורט לעיל לא ניתן לומר כי בית המשפט המחוזי טעה כאשר מצד אחד קבע שמוחמד היה ""שיכור כלוט"" וביצע את הרצח ""בהשפעת שכרותו"" אך מצד שני הרשיעו בעבירה שאינה מתיישבת עם סייג השכרות כפי שעולה בבירור מהפסיקה שאוזכרה לעיל גם בשכרות כבדה מאוד אין די ופשיטא ששכרות משפיעה על תפקוד והשאלה היא האם החומר המשכר גרם לחוסר יכולת של ממש להבין את המעשה או את הפסול בו או להימנע מהמעשה בשכרות מלאה או להעדר מודעות לגבי פרט מפרטי העבירה בשכרות חלקית ראינו על רקע הפסיקה כי על פי השיקולים המנחים את בית המשפט בהכרעה זו הממצאים העובדתיים בהכרעת הדין מצביעים בצורה ברורה נגד מסקנה שהתקיימו במוחמד התנאים לסייג השכרות המלאה או החלקית 150 טענתו של מוחמד בענין סייג השכרות היתה כאמור שנפלה טעות בהסקת המסקנות המשפטיות הנכונות מהממצאים העובדתיים בהכרעת הדין עצמה וטענה זו נדחית אולם אף אם אביט בבחינת למעלה מן הצורך מעבר להכרעת הדין עצמה עיון בהודאותיו של מוחמד רק מחזק את המסקנה שאליה הגעתי שכן לצד זאת שמוחמד טען במסגרת ההודאות שאלמלא השתייה הוא לא היה מבצע את העבירה כי השתייה גרמה לו לאבד שליטה כי הוא לא התכוון לרצוח ראו ז 52 ע 2 ש 14 23 27 וכי הוא שתה ארבע או חמש כוסות וודקה באותו ערב ז 51 ע 58 וכזכור משקל הצהרות של הנאשם בעניינים אלה מועט בבחינת סייג השכרות הודה מוחמד בשורה של נסיבות נוספות אשר מעידות בבירור על כוונה להמית כך מוחמד הודה שהוא דקר את עמוס כי עמוס קילל אותו ז 51 ע 56 ו זלזל בכבוד שלו ז 52 ע 2 ש 30 31 ראו לענין מניע את רומנצקו פס 30 המציאות מוכיחה כי כל נושא שולי זניח ואיזוטרי כגון ויכוח על 20 ש""ח יכול להוות מניע לרצח עוד הודה מוחמד כי לאחר שדקר את עמוס הוא שטף את ידיו מהדם ז 51 ע 52 ראו והשוו פס 63 ג לפסק דין סטקלר וברח ז 51 ע 49 במקום להושיט לעמוס עזרה ראו רומנצקו פס 20 עולה גם מהודאותיו של מוחמד כי אף שהיו פרטים מעטים שהוא טען שהוא לא זוכר לגבי האירוע מושא האישום הוא זכר את האירוע בפרוטרוט לרבות סדרה מפורטת של כניסות ויציאות מחדרים בדירה פריד ועמוס מקיימים יחסי מין בחדר הראשון מימין בנוכחותו של מוחמד ז 51 ע 16 ז 52 ע 3 ש 74 77 ז 55 05 51 שעה 19 59 10 20 שעה 20 03 28 11 12 שעה 20 04 20 לאחר מכן פריד בלבד התלבש והתקיים ויכוח בין עמוס ופריד בסלון ז 51 ע 10 ז 52 ע 5 ש 127 134 לאחר מכן עמוס שב לחדר הראשון בעקבותיו הגיע פריד חזרה לחדר הראשון עם סכיני מטבח והדקירות החלו שם ז 55 11 33 שעה 20 04 40 בשחזור אף רואים את מוחמד מתאר את מהלך הדקירות בחדר הראשון לרבות מיקומם של השלושה בחדר ותיאור לפיו פריד משך את עמוס הדקור חזרה אל תוך החדר כאשר האחרון ניסה לצאת ממנו מוחמד אף עונה בנחרצות לשאלה בשחזור לגבי הסדר הנכון של סדרה של פעולות שביצע בזמן האירוע מוחמד מבהיר בתוקף כי הוא רחץ את ידיו אחרי הפיכת הארון אך לפני שפריד העביר לו את הארנק ת 55 15 41 שעה 20 08 47 151 סיכומו של ענין הטענה בענין סייג השכרות נדחית הגנה מן הצדק 152 ד""ר לייסט טען בפנינו לראשונה בעיקרי הטיעון הנוספים במסגרת הערעור כי אף אם הפגמים בהתנהלות החוקרים מושא משפט הזוטא אינם מובילים לפסילת ההודאות של מוחמד יש להחיל על עניינו את דוקטרינת ההגנה מן הצדק אך זאת לא באופן המוביל לביטול כתב האישום אלא באופן זה שסעיף האישום שבו הורשע מוחמד יומר מרצח להריגה 153 דין הטענה להידחות אכן קיימות זיקות גומלין בין דוקטרינת הפסילה הפסיקתית לפי פסק דין יששכרוב לבין הגנה מן הצדק והתכלית של הוגנות ההליך משמשת להם מכנה משותף ראו ע""פ 4988 08 פרחי נ מדינת ישראל פס 10 טרם פורסם 1 8 2011 להלן פרחי בקשה לדיון נוסף נדחתה ב דנ""פ 5956 11 פרחי נ מדינת ישראל טרם פורסם 31 5 2012 פגמים בהתנהלות חוקרים בחקירה פלילית המעלים את סוגיית דוקטרינת הפסילה הפסיקתית לפי הלכת יששכרוב עשויים לשמש בסיס אף לטענת הגנה מן הצדק בפסק דין בורוביץ ע""פ 4855 02 מדינת ישראל נ בורוביץ פ""ד נט 6 776 2005 נקבע מתווה של שלושה שלבים לבחינת טענת הגנה מן הצדק בשלב הראשון נבחנת עוצמת הפגמים שנפלו בהליכים שננקטו בעניינו של הנאשם במנותק משאלת אשמתו או חפותו בשלב שני על בית המשפט לבחון האם בקיומו של ההליך הפלילי חרף הפגמים יש משום פגיעה חריפה בתחושת הצדק וההגינות ובשלב השלישי מששוכנע בית המשפט כי קיומו של ההליך אכן כרוך בפגיעה חריפה בתחושת הצדק וההגינות עליו לבחון אם לא ניתן לרפא את הפגמים שנתגלו באמצעים מתונים ומידתיים יותר מאשר ביטולו של כתב האישום נקבע כי ""בין היתר עשוי בית המשפט לקבוע כי הפגיעה שנגרמה לנאשם אף שאינה מצדיקה את ביטול כתב האישום שהוגש נגדו מצדיקה היא את ביטולם של אישומים ספציפיים או תהא ראויה להישקל לטובתו בקביעת עונשו אם יורשע כן עשוי בית המשפט לקבוע כי תיקון הפגיעה יכול שייעשה במסגרת בירורו של המשפט כגון בבירור שאלת קבילותה של ראיה שהושגה תוך שימוש באמצעים פסולים"" שם ע 807 808 154 יוער כי התנאים שנקבעו בפסיקה להחלת דוקטרינת ההגנה מן הצדק הפסיקתית ממשיכים לחול כיום גם לאחר עיגונה של טענה מקדמית בדבר הגנה מן הצדק בתיקון 51 לחוק סדר הדין הפלילי נוסח משולב התשמ""ב 1982 פרחי פס 10 155 לאחרונה הותיר בית משפט זה בצריך עיון את השאלה האם לצד האפשרות לבטל סעיף אישום או להפחית עונש כסעד במסגרת הגנה מן הצדק מוסמך בית המשפט בגדר אותם אמצעים מתונים יותר מביטול כתב אישום אף להמיר סעיף אישום המופיע בכתב האישום לסעיף אישום אחר רע""פ 6091 11 פלוני נ התובע הצבאי הראשי פס 9 טרם פורסם 27 2 2012 אף אם אניח בלי לקבוע מסמרות בדבר כי בית המשפט מוסמך להמיר סעיף אישום כאמור ואף אם אניח שהפגמים בהתנהלות החוקרים בעניינו של מוחמד מצדיקים לשקול סעד של הגנה מן הצדק שהוא מתון יותר מביטול כתב האישום אין מקום להיענות לטענה שיש להמיר את סעיף העבירה בענייננו מרצח להריגה אין הצדקה בנסיבות הרצח האכזרי שבו השתתף מוחמד להביא באמצעות המרת סעיף האישום לכך שיזכה להקלה משמעותית בעונשו סיכום 156 אין דרך לקבוע כיצד החל הריב בדירתו של עמוס בליל הירצחו אולם התשתית הראייתית עליה עמדתי בהרחבה לעיל מובילה מעבר לספק סביר למסקנה כי פריד ומוחמד רצחו בצוותא את עמוס טל בדירתו כפי שפירטתי לעיל לדעתי הרשעתו של פריד עומדת על כנה אף בהתעלם מהודאותיו של מוחמד משהגעתי למסקנה שאין להתערב בקביעה שהודאותיו של מוחמד קב"
HUGGINGFACE-c55ace11c5e8,2026-05-26T07:21:27+03:00,manual_review_sentence_relief,sentence_relief_only,"צידו עמד על הנסיבות לחומרה גילה המבוגר של קורבן העבירה וההשפעה הרבה של המעשה עליה כעולה מתסקיר הקורבן ההצטיידות בסכין מספר הדקירות וכן המניע הלאומני בכל אלה צודק בא כוח המשיבה בכל זאת נראה כי הענישה במקרה זה אכן סוטה לחומרה מרף הענישה המקובל ועל כן אציע לחברי להקל במידת מה בעונשו של המערער ולהעמידו על 11 שנות מאסר בפועל במקום 13 שנות מאסר שאר חלקי גזר הדין יעמדו בעינם משנה לנשיא השופט י דנציגר אני מסכים ש ו פ ט השופט נ סולברג אני מסכים ש ו פ ט הוחלט כאמור בפסק דינה של המשנה לנשיא מ נאור ניתן היום כ אייר תשע""ג 30 4 2013 המשנה לנשיא ש ו פ ט ש ו פ ט _________________________ העותק כפוף לשינויי ע"
HUGGINGFACE-b087bad42aa9,2026-05-26T07:21:27+03:00,manual_review_sentence_relief,sentence_relief_only,נש זה מגלם בעיני בצורה ראויה את ההתחשבות בעונש שהוטל על כהן אך מן העבר השני את הסלידה מאופן התנהלותה של המערערת אשר תרמה במחדלה להמשך ביצוע הרצח זאת בלא שניסתה להושיט יד למנוחה אישה ערירית וחסרת ישע שהמערערת רכשה את אמונה במהלך התקופה הארוכה שקדמה לרצח ודוקו ההפחתה בעונשה של המערערת באה בסופו של דבר בעיקר בהתחשב בעונש שהוטל על כהן אולם אין בה כדי לטשטש ולו במעט את החומרה הרבה שיש לייחס להתנהלותה בזירת הרצח 43 אשר על כן אם תישמע דעתי נקבל את הערעור בחלקו במובן זה שנותיר על כנה את הרשעת המערערת בעבירה של סיוע לרצח אך נקל בעונשה ונעמידו על 9 5 שנות מאסר לריצוי בפועל תשע שנים ושישה חודשים בלא להתערב ברכיב המאסר על תנאי ה נ ש י א השופט ע פוגלמן מצטרף אני להכרעתו המקיפה של הנשיא א גרוניס שלפיה בדין הרשיע בית המשפט המחוזי את המערערת בעבירה של סיוע לרצח בהינתן הנסיבות המיוחדות שעליהן עומד חברי הנשיא רואה אני להצטרף גם לענישה שהציע ש ו פ ט השופט א
HUGGINGFACE-99c4a9b97bcf,2026-05-26T07:21:27+03:00,manual_review_sentence_relief,sentence_relief_only,"במעשי המערער שחיפש את המנוח עם שותפיו במשך שעות למרות שלא היתה לו כל נגיעה לסכסוך הראשוני עם המנוח כן הדגיש כי התקיפה האלימה בוצעה בצוותא כאשר בני החבורה מצוידים בכלים משחיתים אשר לסולחה טוען בא כוח המשיבה כי בני משפחת המנוח ביקשו במפורש בבית המשפט המחוזי שלא להקל עם המערער ולדחות את הסולחה לאחר מתן גזר הדין עם זאת ציין כי לא הצליח ליצור קשר ולקבל את עמדת המשפחה לקראת הדיון בערעור בסופו של דבר סבור בא כוח המשיבה כי מדובר בעונש שהולם את המעשים והנסיבות ועל כן אין כל עילה להתערב בו דיון והכרעה 5 עיינו בכתב הערעור שמענו את טענות הצדדים בעל פה בחנו את החומר שהוגש בדיון והגענו לאחר התלבטות למסקנה כי דין הערעור להתקבל ידוע לכל כי ערכאת הערעור אינה מתערבת כעניין שבשגרה בחומרת העונש שהוטל בערכאה המבררת התערבות זו שמורה למקרים חריגים בלבד ראו למשל ע""פ 897 12 סלהב נ מדינת ישראל פסקה 46 30 7 12 התרשמנו כי המקרה הנוכחי נמנה עם מקרים אלה 6 שוב עדים אנו לסכסוך פעוט שהתגלגל לתגרה אלימה שסופה בקיפוח חיי אדם לא מדובר באירוע שהסלים בלהט הרגע לכדי אלימות קשה האירוע החל בשעות הערב בתקרית שבגדרה נטל המנוח חפיסת סיגריות ממוסטפא בעקבות זאת תרו מוסטפא ובני משפחתו לרבות המערער במשך שעות אחר המנוח במטרה להשיב את כבודו האבוד של בן המשפחה אמת המנוח הוא שהחל ברצף האלימות באותו הערב ובהמשך גם הכה את המערער באגרוף ואולם למערער ולשותפיו היתה שהות ""להתקרר"" ולשקול את מעשיהם לבל יסלים הסכסוך שנתגלע ברם תחת ריסון ואיפוק בחרו הם לפתור את הסכסוך בכוח הזרוע הסכין והאלה ויזמו את ""המערכה השניה"" בסמוך לחצות שהובילה בסופו של דבר למותו של המנוח על מזבח הכבוד מקרה זה משתייך למה שקרוי במחוזותינו ""תת תרבות הסכין"" ביטוי שלמרבה הצער הפך שחוק עד דק בפסיקתנו 7 איננו יכולים להשלים עם התנהגות אלימה וקמאית מעין זאת כאשר סכסוך פעוט בעניין חפיסת סיגריות מביא לקיפוח אכזרי של חיי אדם על מי שנוטל סכין לידיו ובוחר לפתור את סכסוכיו בדרך של דמים לדעת כי עתיד הוא לשלם מחיר יקר על בחירותיו אין בכך כדי לומר שענישה מחמירה היא שתביא לעקירתן מן השורש של האלימות בכלל והסכינאות בפרט אולם ענישה מחמירה טומנת בחובה מסר ברור וחד באשר לחומרה שבית המשפט כנאמן הציבור מייחס לפתרון סכסוכים בכוח הזרוע יפים בהקשר זה דבריו של השופט כתוארו אז א גרוניס ""חוזרת ועולה השאלה מה ניתן לעשות במישור החוץ משפטי על מנת להביא לכך שסכסוכים קלי ערך לא יסתיימו תוך פגיעה קשה באחד או יותר מן המעורבים או אף במוות לא על בית המשפט ליתן תשובה לשאלה האמורה כל שבית המשפט יכול לעשות הוא להטיל עונש חמור שישקף ערכים של תגמול והרתעה והכל מתוך ידיעה שענישה בלבד ואפילו ענישה חמורה תהווה תרומה חלקית בלבד למאבק בנגע הסכינאות "" ע""פ 3251 05 מלול נ מדינת ישראל פסקה 34 11 1 07 להלן עניין מלול 8 העונש שהוטל על המערער 14 שנות מאסר בין סורג ובריח מצוי ברף העליון של טווח הענישה בעבירת הריגה אך איננו חורג ממנו השוו עניין מלול ע""פ 8314 03 רג אח שיהד בן עווד נ מדינת ישראל 7 6 05 ע""פ 3547 04 מון נ מדינת ישראל 3 11 04 ע""פ 9090 07 חזן נ מדינת ישראל 9 2 11 ע""פ 9514 03 כולאב נ מדינת ישראל 30 10 06 לא מדובר בעונש קל בוודאי שלא לבחור צעיר נורמטיבי כביכול שזו הסתבכותו הראשונה בפלילים וכף רגלו מעולם לא דרכה בבית הסוהר הבאנו בחשבון את השיקולים לזכות המערער שנזכרו בגזר דינו של בית המשפט המחוזי וביניהם גילו הצעיר הודאתו וחרטתו כמו גם שיקולים נוספים כגון הסולחה שנערכה לאחרונה בין משפחת המערער לבין משפחת המנוח ותפקודו החיובי בבית הכלא כפי שעולה מהישגיו הלימודיים במהלך מאסרו אולם איננו סבורים כי אלה כשלעצמם מצדיקים התערבות בעונש שנגזר עליו התרשמנו כי העונש החריף שנגזר על המערער הולם את מכלול השיקולים הצריכים לעניין עונש זה מעביר מסר ברור כי מידת הרחמים תיסוג מפני מידת הדין במקרים של פתרון סכסוכים באלימות שתוצאתם הריגת אדם על לא כלום 9 חרף זאת בעניין אחד נקלענו להתלבטות שבסופו של דבר הכריעה את הכף שלא בלב קל לטובת קבלת הערעור בחלקו והקלת עונשו של המערער מדובר בפער הענישה המשמעותי שבין המערער לבין מוסטפא ועלאא כזכור אלה נדונו ל 3 שנות מאסר בעוד שהמערער נדון ל 14 שנות מאסר מובן שלא התעלמנו מכך שמוסטפא ועלאא בניגוד למערער לא הורשעו בהריגת המנוח אולם הרושם המתקבל מעיון בכתב האישום המתוקן הוא כי המנוח הותקף על ידי השלושה בצוותא כאשר כל אחד מהם מחזיק בכלי משחית משלו אם כי מוסטפא לא השתמש באלתו נגד המנוח אין בכך כדי לומר שהשלושה הביאו יחד למותו של המנוח שהרי כאמור הדבר מנוגד לעובדות המוסכמות שעל יסודן הורשעו ברם נסיבות תקיפתו של המנוח כפי שעולות מכתב האישום המתוקן מעוררות מידה של אי נוחות שמא קיימת שרירות מסוימת בכך שהמנוח מצא את מותו כתוצאה מהדקירה שדקרו המערער בבטנו כזכור במהלך המהומה שהתפתחה נדקר המנוח גם על ידי עלאא במספר מקומות בגופו והוכה על ידי מוסטפא דומה כי בנסיבות אלה ראוי היה להטיל על מוסטפא ועלאא עונשים חמורים מן העונש שקיבלו אמת ""עקרון אחידות הענישה נועד למנוע הפליה בין נאשמים שפשעו יחדיו ובנסיבות דומות אך לא בא לכפות על בית המשפט אמת מידה עונשית מוטעית רק מפני שהיא ננקטה במקרהו של אחד הנאשמים המשותפים"" ע""פ 5450 00 שושני נ מדינת ישראל פ""ד נו 2 817 822 2002 עם זאת ""האמירה אחידות הענישה איננה אמירה סתמית היא באה למנוע אי צדק משווע בענישתם של נאשמים שהעובדות והנסיבות אשר מתקיימות לגביהם זהות או דומות "" רע""פ 1776 94 עובדיה נ מדינת ישראל פסקה 5 25 5 94 לגישתנו פער הענישה הגדול שבין שלושת הנאשמים יוצר חוסר פרופורציה משמעותי ומחייב בנסיבות המקרה הקלה מסוימת בעונשו של המערער אף על פי שעונש זה כשלעצמו ראוי והולם בעינינו להחלטה זו הגענו בלב כבד תקוותינו היא כי אין בה כדי לקעקע את המסר הנזכר בראשיתו של דיון זה באשר לעונש הראוי במקרים של פתרון סכסוכים בכוח הזרוע 10 סיכומו של דבר הערעור מתקבל כך שעונשו של המערער יועמד על 12 שנות מאסר בפועל יתר רכיבי גזר הדין יעמדו בעינם ניתן היום י "
HUGGINGFACE-3debd445e6d8,2026-05-26T07:21:27+03:00,manual_review_sentence_relief,sentence_relief_only,"מת חבלה חמורה בכוונה מחמירה בנסיבות בהן בוצעה גם עבירה חמורה יותר ובשל העובדה שלא הוגשו ראיות לתוצאות עבירה זו ביחס לדנית ולנהג הרכב עובדה שהובילה להנמקה חסרה של בית המשפט המחוזי לעניין ענישתם של המערערים בגינה דעתי היא כי יש לקבל את ערעורם של המערערים בחלקו ולהפחית את עונשם בגין העבירה של גרימת חבלה חמורה בכוונה מחמירה ל 10 שנות מאסר שירוצו במצטבר למאסר העולם שנגזר עליהם וכך אמליץ לחבריי לעשות ש ו פ ט המשנה לנשיא מ נאור אני מסכימה המשנה לנשיא השופט א שהם אני מסכים ש ו פ ט הוחלט כאמור בפסק דינו של השופט י דנציגר ניתן היום ב בתמוז תשע""ג 10 6 2013 המשנה לנשיא ש ו פ ט ש ו פ ט ______________"
HUGGINGFACE-339d6320b05c,2026-05-26T07:21:27+03:00,manual_review_sentence_relief,sentence_relief_only," בשאלת האפשרות להרשיע את המערער בעבירה של גרימת מוות ברשלנות דעתי היא כי יש להרשיעו בעבירה זו 31 באשר לעונש משהבעתי דעתי כי יש לזכות את המערער מעבירת ההריגה ולהרשיעו בעבירה של גרימת מוות ברשלנות תחתיה וזאת תוך הותרת יתר העבירות בהן הורשע על כנן דעתי היא כי יש להפחית את עונש המאסר בפועל שהושת על המערער מ 10 שנים לשש שנים וכך גם אציע לחברי לעשות ש ו פ ט השופט ס ג ובראן אני מסכים ש ו פ ט השופטת ד ברק ארז אני מסכימה ש ו פ ט ת הוחלט כאמור בפסק דינו של השופט י דנציגר ניתן היום ט""ו בתמוז תשע""ג 23 6 2013 ש ו פ ט ש ו פ ט ש ו פ ט ת _________________________ העותק כפוף לשינויי עריכה וניסוח 12023760"
HUGGINGFACE-3a5f7156703c,2026-05-26T07:21:27+03:00,manual_review_sentence_relief,sentence_relief_only,"אקדח וכשאותו אדם נעצר אינו מתחקר אותו היכן האקדח בכל הכבוד הסבריו של אסי לתמיהה זו אינם מספקים יש לציין כי המשיבה אינה מתמודדת עם תמיהה זו בעיקרי הטיעון מטעמה ואם בכל אלה לא סגי הנה לפי עדותו של אסי הוא זיהה את כארם לאחר שזה נעצר על ידי מפקד התחנה ויש בכך כדי להפחית בנסיבות ממשקלו של הזיהוי אסי נחקר חקירה בוטה מאוד ואינו מורגל בכגון דא ולא אכביר מלים על הצורך בריסון חקירה כזאת אך מכל מקום בהכרעת הדין הוקדש לעבירה זו קטע קטן פסקה 196 הנדרש לקשיים בעדות השוטר אסי ללא פירוט המענה אך מוצא את עדותו אמינה שכן לפיה החזיק כארם אקדח שממנו ביצע ירי או אקדח אחר מכל מקום והדבר נובע אולי מכך שעיקר פסק הדין מטבע הדברים הוקדש לאישום ברצח בית המשפט לא נדרש גם אם האמין כללית לעד ואין בכך דופי לפרטי התמיהות העולות כאמור ונותר ברמה הכללית בהקשר זה משבפלילים עסקינן יכול היה להיוצר ספק וממנו יכול כארם ליהנות כג סבורני איפוא נוכח האמור ואחר התלבטות כי אין ניתן לקבוע ברמת הודאות הנדרשת בפלילים שכארם נשא והחזיק אקדח ועל כן אציע לחברי לזכותו מחמת הספק מחמת הספק בלבד מעבירות הנשק בהן הורשע כפועל יוצא אציע לחברי לזכות את כארם מחמת הספק גם מעבירה של שיבוש מהלכי משפט שכן הרשעתו בעבירה זו נסמכה על קביעתו של בית המשפט המחוזי כי כארם ""העלים אקדח"" פסקה 202 להכרעת הדין משנמצא כי יש מקום להתערב בקביעה זו אין ניתן לבסס עליה הרשעה בעבירה אחרת הרשעתו של כארם בעבירות האיומים כד בכתב האישום יוחסו לכארם שלושה מעשי איומים שני איומים כלפי עלי שבאו כך נטען בשיחות טלפוניות סעיפים 6 5 לכתב האישום ואיום אחד כלפי עימאד ובן משפחת שתיוי נוסף שהגיע למקום סעיף 9 לכתב האישום באיום הטלפוני הראשון הורשע כארם על יסוד עדותו של עלי פסקה 39 להכרעת הדין באיום הטלפוני השני הורשע כארם בין היתר על יסוד עדותו של עלי ועדותו של פואד פסקאות 40 42 47 ו 49 להכרעת הדין בית המשפט המחוזי הרשיע את כארם גם בעבירה שלישית של איומים כלפי עימאד וכלפי אביו אבו ריאד פסקאות 61 ו 64 להכרעת הדין ערעורו של כארם נסב אך על הרשעתו בעבירות האיומים כלפי עלי ובהן נדון עתה כה הרשעתו של כארם בעבירות האיומים כלפי עלי נסמכה ביסודה על עדותו של האחרון עלי העיד בבית המשפט כי ביום 18 8 10 לאחר שחלף במשאיתו של עבדאללה על פני האטליז התקשר אליו חמזי ממספר טלפון חסוי וכי לאחר מכן נטל כארם את הטלפון ואמר לו ""אני אגרש אותך אתה וכל המשפחה והתחיל לקלל אותי איים עלי על המשפחה ועל כולם"" עמ 364 שורות 3 1 לפרוטוקול מיום 30 10 11 עלי העיד כי כמחצית השעה לאחר מכן התקשר אליו כארם ואמר לו ""אנחנו לא משפחת פרו הכניסה אלינו זה רעל זה יעלה לך ביוקר והתחיל לקלל לגרש אותי אני והסבא וכל המשפחה מנצרת"" עמ 364 שורות 13 11 לפרוטוקול מיום 30 10 11 פואד העיד כי כששהה עם עלי ביום 18 8 10 קיבל האחרון שיחת טלפון מכארם בה הזדהה האחרון בשמו ואמר ""אני לא פארו אני סם ואני מוציא אתכם מהבתים שלכם"" עמ 532 שורות 11 9 לפרוטוקול מיום 13 11 11 ראו גם עמ 530 שורה 28 עמ 531 שורה 2 עמ 534 שורות 15 12 פואד העיד כי הבין שכארם מאיים עמ 531 שורות 32 30 כו בחקירותיו במשטרה מימים 18 8 10 ו 1 9 10 סומנו ת 17 ו ת 40 בבית המשפט המחוזי שמר כארם על זכות השתיקה בבית המשפט טען כארם לראשונה כי נטל מחמזי את מספר הטלפון של עלי התקשר אליו כדי לדרוש בשלומו וזה קילל וגידף אותו עמ 644 שורות 18 17 לפרוטוקול מיום 3 5 12 ראו גם עמ 681 שורות 25 24 ובחקירתו הנגדית הוסיף שעלי אף איים עליו עמ 681 שורות 33 30 יש לציין כי כארם לא התייחס בעדותו לשיחה השניה וכי בחקירתו הנגדית של עלי עמ 383 373 לפרוטוקול הדיון מיום 30 10 11 לא נחקר זה בנוגע לטענה לפיה הוא שאיים על כארם חקירתו של עלי התמקדה בעיקר בניסיון לקעקע את זיהוי קולו של כארם עוד יצוין כי הן עלי והן פואד לא נחקרו בחקירתם הנגדית על תוכן השיחה השניה כפי שציין בית המשפט המחוזי בהכרעת דינו להימנעותו של כארם מלחקור את עלי ופואד בהקשרים הרלבנטיים להיעדר התייחסותו לשיחה השניה בעדותו ולכבישת גרסתו נודעת השלכה ראייתית אין צורך להכביר מלים על משמעותה של שתיקה נושא שכבר נשתברו עליו קולמוסים שיפוטיים רבים ואחזור ואומר כי נטייתו הטבעית של בית המשפט על פי השכל הישר היא להתיחס בחשדנות אל שתיקת חשוד שהדעת נותנת על פי רוב כי יש לו מה להסתיר ראו לדוגמה ע""פ 7637 05 יוסף נ מדינת ישראל פסקה ז 13 2007 בש""פ 1745 06 מדינת ישראל נ אבו חצירא פסקה ה 3 2006 אמנם יתכנו חריגים כגון מצבו של חשוד מאוים או החשש לפגוע בבן משפחה למשל אך אלה אכן חריגים כז בית המשפט המחוזי קבע בהתייחסו לשיחה הראשונה כי הוא מבכר את עדותו של עלי על פני זו של כארם מדובר בקביעת מהימנות מובהקת שלא נמצא מקום להתערב בה בניגוד לטענתו של כארם לא היתה כל מניעה להסתמך על עדותו של עלי לצורך הרשעתו של כארם בעבירת האיומים בשיחה הראשונה שכן ""אין כל מניעה לבסס הרשעה בפלילים על פי עדותו של עד יחיד תהא העבירה חמורה ככל שתהא"" י קדמי על הראיות חלק ראשון 2009 470 ראו גם ע""פ 1645 08 פלוני נ מדינת ישראל 2009 בפסקה 24 והשוו לסעיף 54א לפקודת הראיות נוסח חדש תשל""א 1971 הדורש תוספות ראייתיות לצורך הרשעה במשפט פלילי על פי עדות יחידה במקרים מיוחדים שאינם מענייננו עדות שותף עד מדינה עדות נפגע בעבירות מין במלים אחרות העובדה שעלי הוא קרוב משפחתו של המנוח אין בה כשלעצמה כדי להימנע מהרשעתו של כארם על יסוד עדותו לעובדה זו יש ליתן משקל בהערכה הכוללת של מהימנות עדותו וגרסתו והדעת נותנת כי כך נעשה בבית המשפט המחוזי לא למותר לציין בהקשר זה כי כבישת גרסתו של כארם משליכה על מהימנותה של גרסה זו גם לעניין השיחה הראשונה ותוכנה כח באשר להרשעתו של כארם בגין האיומים נשוא השיחה השניה הנה גם כאן לא נמצא מקום להתערבות בהכרעתו של בית המשפט המחוזי במקרה זה לבד מעדותו של עלי לה האמין בית המשפט המחוזי מנה בית המשפט המחוזי אף את עדותו של פואד את כבישת עדותו של כארם את העובדה שכארם לא התייחס כלל לשיחה השניה נוסף על כך הזכיר בית המשפט המחוזי את פלט השיחות שהוגש ת 73 ממנו עולה כי ביום 18 8 10 שעה 1210 נערכה שיחה ממספר טלפון נייד 052 7362001 הרשום על ""כלבו בשר מעדני חמודה"" למספר טלפון נייד 052 6695302 ולא כפי שצוין בפסקה 43 להכרעת דינו של בית המשפט המחוזי המצוי בבעלותו של עלי ראו עמ 364 שורות 20 15 כט טוען כארם כי הדברים שנאמרו באותן שיחות לא היוו איומים וכי לא איים בנקיטת אלימות או רצח סעיף 25 לנימוקי הערעור טענה זו יש לדחות מכל וכל פניה של אדם אל אחר באמירה כי יגרש אותו ואת משפחתו מן העיר וכי הכניסה אליו תעלה לאותו אחר ביוקר דעת לנבון נקל שהיא איום ככל משפטו וחוקתו גם מבלי לאיים מפורשות בנקיטת אלימות ל כללה של סוגיה זו שלא נמצא מקום להתערבות בהרשעתו של כארם בעבירות האיומים כלפי עלי סיכום ביניים ערעורו של כארם על הכרעת הדין לא נוכח האמור אציע לחברי לקבל את ערעורו של כארם על הרשעתו בעבירות הנשק ובעבירה של שיבוש מהלכי משפט ולדחות את ערעורו על הרשעתו בעבירות האיומים נפנה עתה לדון בערעורים המופנים כנגד גזר הדין וראשית כיון שעסקנו עד הנה בכארם לערעורו שלו על גזר הדין ערעורו של כארם על גזר הדין לב בערעורו על גזר הדין טוען כארם כי ""מתחם הענישה שנקבע בעניינו ביחס לשני האישומים אינו הולם את נסיבות ביצוע העבירות"" סעיף 34 כי בעבירות התקיפה בהן הורשע לא נגרמו פגיעות משמעותיות כי עבירות האיומים בהן הורשע מצויות ברף החומרה התחתון וכי נקודות זכות רבות עמדו לו שהצדיקו הטלת עונש ברף התחתון של מתחם הענישה על אלה מנה כארם את העובדה שהיה עצור במשך ארבעה עשר חודשים ומחצה בגין עבירת רצח וכי הוחזק במעצר בית למשך כ 15 חודשים עוד טען כארם כי היה נכון לחפוף למצער חלק מן העונשים לג איני סבור כל עיקר כי מתחם הענישה שנקבע בענייננו של כארם בשני האישומים מחמיר ואינו הולם את חומרת העבירות בהן הורשע כארם הורשע בעבירות אלימות פיסית תקיפה בשני האישומים להרשעתו באישום הראשון התוספו הרשעות בעבירות אלימות מילולית איומים וכן עבירה של היזק בזדון ולהרשעתו באישום השני התוספו עבירות נשק ועבירה של שיבוש מהלכי משפט בית המשפט המחוזי פסקה 46 לגזר הדין עמד על העובדה שחלקו של כארם בעבירות התקיפה גדול מחלקם של כרם וחמזי גם אם יתכנו מקרי אלימות קשים יותר וגם אם יתכנו דברי איום חריפים יותר טווח ענישה של שמונה עד שישה עשר חודשי מאסר לגבי האישום הראשון ושל שמונה עד ארבעה עשר חודשים לגבי האישום השני אינו מחמיר מבתי המשפט צריכה לצאת הקריאה המתמדת כי עבירות אלימות פיסית ומילולית הן דבר שיש להקיאו מקרבה של החברה הישראלית ועל החוטא בהן לדעת כי הוא צפוי לענישה שאינה של מה בכך לד ואולם משמזוכה כארם מעבירות הנשק ומעבירת שיבוש מהלכי משפט שתיהן בגדר האישום השני פשיטא כי יש ליתן לכך משקל בענישתו בגין אישום זה מעבר לכך דומה כי בתוך מתחמי הענישה שנקבעו בבית המשפט המחוזי היה מקום ליתר התחשבות בעובדה שכארם שהה תקופה ארוכה מאוד למעלה מארבעה עשר חודשים במעצר בגין האישום בעבירת רצח על האימה שבו ממנה זוכה לבסוף בקביעה כי לא היה בחומר הראיות כדי לקשרו לכך פסקה 190 בהכרעת הדין ושגם לאחר שחרורו ממעצר שהה במעצר בית הגם שהסתכלות זו היא בבחינת ""חכמה בדיעבד"" אין להמעיט מחשיבותה אמנם בית המשפט נתן דעתו מפורשות לאלה פסקה 56 בגזר הדין אך יש לזכור גם את הקושי המובנה הקיים בהחזרתו של כארם שהיה משוחרר תקופה ארוכה אל מאחורי סורג ובריח בנסיבות העניין ולא בלי התלבטות אציע לחברי להעמיד את העונש שהוטל על כארם בגין האישום הראשון על תשעה חודשי מאסר בפועל ואת העונש שהוטל עליו בגין האישום השני על חמישה חודשי מאסר וחצי כך שבסך הכל יהא עליו לרצות תקופת מאסר כוללת של ארבעה עשר חודשי מאסר וחצי היא תקופת מעצרו עד הנה ובניכוי ימי מעצרו משמעות הדברים איפוא היא כי לא ישוב עתה לבית האסורים לריצוי תקופת מאסר נוספת עונש המאסר המותנה שהוטל על כארם יעמוד בעינו בכפוף לכך שלא יחול על עבירות הנשק ושיבוש מהלכי משפט מהן מזוכה הוא בפסק דין זה ערעורו של כרם על גזר הדין לה בערעורו הנסב על חומרת עונשו מלין כרם בעיקר על כי לא נקבע רף מינימלי לעבירת ההריגה בעניינו פסקה 33 להודעת הערעור ועל כי הרף התחתון שנקבע מתייחס לכלל העבירות בהן הורשע בגדר האישום השני עוד מלין כרם על הרף העליון שנקבע לעבירת ההריגה 16 שנים פסקה 34 להודעת הערעור וכן על מתחם הענישה שנקבע לכלל העבירות בהן הורשע באישום השני פסקה 38 להודעת הערעור נטען כי לא היה מקום להעלות את רף הענישה העליון מעבר לעבירת ההריגה בארבע שנים נוספות קרי מ 16 ל 20 שנים עוד נטען כי לא היה מקום לצבור לעונשו של כרם בגין האישום השני את עונשו בגין האישום הראשון נידרש תחילה לטענותיו העקרוניות של כרם אי קביעת רף תחתון לעבירת ההריגה וקביעת מתחם ענישה לכלל העבירות בהן הורשע בגדר האישום השני לו בחודש יולי 2012 נכנס לתוקפו תיקון מספר 113 לחוק העונשין חוק העונשין תיקון מס 113 התשע""ב 2012 ספר חוקים 2330 תשע""ב 102 שמטרתו ""לכוון את שיקול דעתו של השופט בגזירת הדין ולצמצם את פערי הענישה מקום שאינם מוצדקים אך זאת תוך הותרת שיקול דעת בידיו בקביעת העונש הסופי"" ראו דברי ההסבר להצעת החוק הצעת חוק העונשין תיקון מס 92 הבניית שיקול הדעת השיפוטי בענישה התשס""ו 2006 הצעות חוק 241 תשס""ו 446 446 בגדר התיקון נקבעו עקרונות ושיקולים מנחים למלאכת גזירת הדין נקבע כי העקרון המנחה בענישה הוא עקרון ההלימה ""קיומו של יחס הולם בין חומרת מעשה העבירה בנסיבותיו ומידת אשמו של הנאשם ובין סוג ומידת העונש המוטל עליו"" סעיף 40ב לחוק בדברי ההסבר להצעת החוק נאמר בעמ 447 כי ""יחס זה מבטא את עקרון הגמול"" ראו גם דבריו של שר המשפטים בדיון בקריאה הראשונה הישיבה ה 24 של הכנסת ה 17 מיום 19 6 06 ודבריו של יו""ר ועדת חוקה חוק ומשפט בדיון בקריאה השניה והשלישית הישיבה ה 303 של הכנסת ה 18 מיום 2 1 12 עוד ראו ע""פ 1523 10 פלונית נ מדינת ישראל 18 4 12 בפסקאות י""ז י""ח לז לצורך הגשמתו של עקרון ההלימה קובע סעיף 40ג לחוק מנגנון דו שלבי ע""פ 3934 12 פלוני נ מדינת ישראל 18 2 13 בפסקה 12 ראשית יש לקבוע את מתחם העונש ההולם למעשה העבירה שביצע הנאשם בשלב זה יש להתחשב בערך החברתי שנפגע מביצוע העבירה ובמידת הפגיעה בו במדיניות הענישה הנהוגה ובנסיבות הקשורות בביצוע העבירה המפורטות בסעיף 40ט לחוק נאמר כי ""מתחם העונש ההולם הוא אמת מידה נורמטיבית "" ע""פ 1323 13 חסן נ מדינת ישראל 24 4 13 השופטת ארבל הדגשה במקור ועם זאת ""אין בכך כדי לגרוע מ הצביון האינדיבידואלי שהעניק המחוקק לשלב עיצוב המתחם"" שם ועוד נאמר כי ""אין משמעות הדבר שבכל מקרה ומקרה יומצא הגלגל מחדש ויקבע מתחם ענישה המותאם לנסיבות הספציפיות של ההליך קביעה שכזאת הייתה מרוקנת מתוכן את סעיף החוק והיא נוגדת את תכליתו מאידך אין לקבוע מתחם ענישה כללי הכולל קשת רחבה מאוד של מעשים אפשריים"" ע""פ 7655 12 פייסל נ מדינת ישראל 4 4 13 מפי השופט ג ובראן לח בשלב השני כך מורנו סעיף 40ג לחוק יש לגזור את העונש המתאים לנאשם בתוך מתחם הענישה שנקבע בהתחשב בנסיבות שאינן קשורות בביצוע העבירה המנויות בסעיף 40יא לחוק בית המשפט רשאי לסטות ממתחם העונש ההולם לקולה או לחומרה לפיה האמור בסעיפים 40 ד ו 40ה לחוק העונשין לט סעיף 40יג א לחוק העונשין מורנו כי ""הרשיע בית המשפט נאשם בכמה עבירות המהוות אירוע אחד יקבע מתחם עונש הולם כאמור בסעיף 40ג א לאירוע כולו ויגזור עונש כולל לכל העבירות בשל אותו אירוע"" סעיף 40יג ב קובע כי ""הרשיע בית המשפט נאשם בכמה עבירות המהוות כמה אירועים יקבע מתחם עונש כאמור בסעיף 40ג א לכל אירוע בנפרד ולאחר מכן רשאי הוא לגזור עונש נפרד לכל אירוע או עונש כולל לכל האירועים גזר בית המשפט עונש נפרד לכל אירוע יקבע את מידת החפיפה בין העונשים או הצטברותם"" יש לציין כי שהסעיף המקורי בהצעת החוק נוסח כלהלן ""הרשיע בית המשפט נאשם בכמה עבירות רשאי הוא לגזור עונש נפרד לכל עבירה או לגזור עונש כולל לכל העבירות או לחלקן"" סעיף 40יא א להצעת החוק בעמ 454 ולא נערכה האבחנה בין מספר עבירות המהוות אירוע אחד לבין מספר עבירות שאינן מהוות אירוע אחד על ההתפתחות החקיקתית בהקשר זה ראו פרוטוקול ישיבת ועדת החוקה חוק ומשפט מס 410 מיום 20 6 11 ופרוטוקול ישיבה מס 475 מיום 21 11 11 מכל מקום חוק העונשין מורה על קביעתו של מתחם ענישה אחד בגין מספר עבירות המהוות אירוע אחד וגזירת עונש כולל בגינן ראו גם תפ""ח מחוזי י ם 667 09 מדינת ישראל נ פלוני בפסקה 88 מ על רקע זה ונוכח העובדה שכלל העבירות בהן הורשע כרם בגדר האישום השני הריגה סיכון חיי אדם בנתיב תחבורה נשיאת נשק תקיפה בנסיבות מחמירות ושיבוש מהלכי משפט מהוות במובהק אירוע אחד אין לקבל את טענתו לפיה היה מקום לגזור את עונשו בגין עבירת ההריגה במובחן מיתר העבירות ואשר לגזר הדין גופו בית המשפט המחוזי קבע כי מתחם הענישה ההולם בגין כלל העבירות בהן הורשע כרם באישום השני נע בין 14 ל 20 שנות מאסר סבורני כי קביעה זו כשלעצמה אינה מצדיקה ברגיל את התערבותנו ערים אנו לדברי הסניגוריה כי לעניין עבירת ההריגה למשל אין תיקון 113 כולל הנחיה בהירה אך עו""ד פלדמן גם התקשה להציע בגדרי החוק מתחם ראוי בנידון דידן איננו נדרשים כאן לשאלות רחבות יותר הקשורות בתיקון 113 הערך המוגן בו פגע כרם חיי אדם הוא ערך שאין נעלה הימנו ולמותר להכביר מלים בית המשפט המחוזי הביא מן הנאמר בהקשר לעבירת ההריגה בע""פ 7637 05 יוסף נ מדינת ישראל הנזכר כי ""לקדושת חיי האדם מטבעה שמור מקום בשורה הראשונה של ערכי כל חברה אנושית וישראל בכלל זה שאם אין חיים חברה מניין קיפוד חיי אדם מחייב מאסר לשנים ארוכות"" נזכור את האמור בחוק יסוד כבוד האדם וחרותו סעיף 1 ""זכויות היסוד של האדם בישראל מושתתות על ההכרה בערך האדם בקדושת חייו ובהיותו בן חורין "" וכן סעיף 2 ""אין פוגעים בחייו בגופו או בכבודו של אדם באשר הוא אדם"" דברים אלה מדברים בעדם גם אם כרם לא התכוון כוונה תחילה ליטול את חייו של המנוח הנה וכפי שנאמר בהודעת הערעור סעיף 35 אין בכך כדי לחלצו מן האשמה בהריגה נטילת חיים אדישות לחיי אדם שסופה מוות על ידי ירי ""בטבורה של עיר 4 3 יריות וזאת שעה שבאזור הירי אנשים רבים"" פסקה 192 להכרעת הדין בצדק ציין בית המשפט המחוזי פסקה 39א לגזר דינו כי הגם שלא הוכח תכנון מוקדם יכול היה כרם בנקל להימנע מעימות עם המנוח ונידאל ועובדה זו נזקפת במלוא חומרתה לחובתו על כך יש להוסיף את האמור בגזר הדין באשר ליתר הנסיבות של ביצוע העבירה ובכללן את קביעתו של בית המשפט המחוזי פסקה 39ג לגזר הדין כי הנסיבה שעניינה הנזק שהיה צפוי מן העבירה שביצע כרם מספר יריות בתוככי עיר בצהרי היום היא כאמור נסיבה שיש בה כדי להחמיר עמו נסיבה זו אינה מתייחסת לכוונתו של מבצע העבירה ובניגוד לנטען בהודעת הערעור פרשנות זו אף אינה נלמדת מגזר הדין בתפ""ח מחוזי תל אביב 27283 01 12 מדינת ישראל נ חבה 31 10 12 ראו גם פרוטוקול ישיבת ועדת החוקה חוק ומשפט מס 424 מיום 5 7 11 שכעולה ממנו מושם הדגש על ציפייתו של המבצע לקרות הנזק מא חרף הדברים האלה נראה כי בכל זאת יש להקל במידה מסוימת לא רבה בעונשו של כרם בית המשפט המחוזי ציין בגזר דינו פסקה 37 כי הרף העליון בגין עבירת ההריגה בה הורשע כרם הוא 16 שנים משגילה בית המשפט המחוזי דעתו כי הרף העליון לעבירת ההריגה בה הורשע כרם באישום השני הוא 16 שנות מאסר ואפשר לטעון כי הדבר בנסיבות כאלה אינו הרף הגבוה האפשרי אך זאת קבע בית המשפט דומה שהעלאתו של הרף הכללי באישום זה בארבע שנות מאסר נוספות בגין יתר העבירות בהן הורשע כרם היא מחמירה קמעה מוצע להעמיד בנסיבות העניין את הרף העליון של מתחם הענישה ההולם בגין כלל העבירות בהן הורשע כרם באישום השני על 18 שנות מאסר במקום 20 עוד אציע לחברי להעמיד את העונש הראוי לכרם בגין כלל העבירות נשוא האישום השני על 17 שנות מאסר בהיות המדובר בהריגה בדרגה גבוהה בודאי לא נמצא מקום להתערב בעונשו של כרם בגין האישום הראשון שנת מאסר וכן בקביעתו של בית המשפט המחוזי בדבר הצטברות העונשים מב נוכח האמור אציע לחברי לקבל את ערעורו של כרם על גזר הדין ולהעמיד את עונשו הכולל בגין העבירות בהן הורשע בבית המשפט המחוזי על 18 שמונה עשרה שנות מאסר כללם של דברים מג אציע לחברי להיעתר חלקית לערעורו של כארם על הכרעת הדין כמפורט בפסקאות כ""ג ו ל""א מעלה ולערעורו על גזר הדין כמפורט בפסקה ל""ד מעלה עוד אציע לחברי להיעתר לערעורו של כרם על גזר דינו כמפורט בפסקה מ""ב מעלה אם תישמע דעתי יתקבלו הערעורים"
HUGGINGFACE-f2789609abe6,2026-05-26T07:21:27+03:00,manual_review_no_defendant_relief,none,"מת ולבטח נלקחה בחשבון הגם שהעונש קשה אין הצדקה לשנותו גדיעת חייו של המנוח מחייבת תגובה עונשית הולמת למען יראו וייראו המערער ואחרים שכמותו על מנת לקבע בתודעתם כי חמת זעם של רגע יכולה להביא לתוצאה קטלנית נוראה ולתולדה עונשית מעיקה ומדכאת 11 אשר על כן אציע לחברי לדחות את הערעור ש ו פ ט השופט י דנציגר אני מסכים ש ו פ ט השופט א רובינשטיין א מסכים אני לחוות דעתו של חברי השופט סולברג שקלנו את דברי הסניגור המלומד לרבות ""כשל מיצוי ההקלה"" דברים הראויים להישמע במישור תודעת אנוש ואנוש גם שופט במשמע ועל המזהיר ועל הנזהר תבוא ברכה נזכור אמנם כי עסקינן בשפיטה מקצועית ולא בחבר מושבעים ואולם כך או אחרת במ"
HUGGINGFACE-214d9ea2817a,2026-05-26T07:21:27+03:00,manual_review_sentence_relief,sentence_relief_only,"ל המערער 13 שנות מאסר בפועל 3 שנות מאסר על תנאי שלא יבצע תוך 3 שנים עבירה מסוג פשע ופיצוי בסך 7 500 לשוטר אייל סמרל הערעור 7 כאמור המערער טען בערעורו מלכתחילה נגד הכרעת הדין וגזר הדין אולם לאחר הדיון צומצם ערעורו לענין גזר הדין בענין גזר הדין טען המערער כי יש להקל בעונשו בהתחשב במניע למעשיו קרי האיומים שסבל מהם מתושבי שכונת סילוואן וראס אל עמוד ובכך שלא היתה לו כוונה תחילה לבצע רצח לטענת המערער לא פעל מתוך מניע אידיאולוגי לא ביטא נחישות בביצוע הירי והשימוש בנשק החם היה מקרי מאחר והיה ממילא ברשות המערער המערער ירה לטענתו לכיוון האוויר ולא לעבר השוטרים והעובדה כי נותרו עוד שני כדורים במחסניתו היא ראיה שלא חפץ במותם של השוטרים בכל אלו לטענת המערער יש כדי להוות שיקולים מקלים בקביעת עונשו עוד טען המערער כי בית המשפט קמא שגה כאשר ציין כי נורו שש יריות ולא ארבע כפי שהוסכם על ידי הצדדים כאשר סיווג את הטווח ממנו נורו היריות כ""טווח קצר"" כאשר לא ציין כי השוטר שנפגע מהירי אינו אחד מהשוטרים אותם ראה המערער כאשר סיווג את הפגיעה בידו של השוטר כ""ודאי קשה"" וכאשר התייחס למעשי המערער כתוצאת תכנון מקדים ומתוך מניע אידיאולוגי עוד נטען כי בית המשפט קמא לא נתן די משקל לתוכן עדותו החסויה של אחי המערער ולמכתב שנשלח על ידי עמותת אלעד בה עבד המערער במכתב זה טוען המערער יש כדי להעיד על אופיו הטוב של המערער על כך שלא נשקפת ממנו מסוכנות וכן לאשש את טענותיו בדבר המצוקה והאיומים שהניעו אותו לבצע את המעשה לבסוף נטען כי בקביעת העונש בית המשפט קמא לא נתן די משקל לכך שהמערער קיצר הליכים כמיטב יכולתו בכך שהודה בחלק מן האישומים נגדו לכך שהביע חרטה על מעשיו ולכך שמאסרו של המערער קטע את הליכי איחוד המשפחות של המערער עם אשתו הירדנית המערער הפנה לפסיקה שעניינה בנסיבות עובדתיות שונות ומגוונות לתמיכה בטענתו כי בית המשפט סטה לחומרה ממתחם העונש הראוי נוכח כל האמור המערער מבקש מבית משפט זה להתערב בגזר דינו של בית המשפט המחוזי בדיון שהתקיים בפנינו ביום 17 6 2013 הדגישה המדינה את העובדה שבית המשפט המחוזי קבע כי גרסתו המאוחרת של המערער בענין כיוון הירי כלפי מעלה ולא לעבר השוטרים היא גרסה כבושה ודחה אותה כן הדגישה המדינה את חומרת מעשיו של המערער בעיקר מקום שאלו כוונו נגד שוטרים שהיו בפעילות לטענת המדינה בגזירת העונש לקח בית המשפט המחוזי בחשבון את כלל השיקולים לקולא ואין מקום להתערב בעונש שנקבע על ידו דיון והכרעה 7 שקלנו את טענות הצדדים על דרך העקרון אכן ראוי היה כפי שציינה באת כוח המאשימה בדיון בבית המשפט המחוזי להטיל על המערער כלשונה ""עונש דו ספרתי"" בצדק ראה בית המשפט את האירוע כחמור ועם כל זאת סברנו כי ראוי בנסיבות הענין להקל במידה מסוימת בעונשו של המערער יש אחיזה בחומר שהיה מונח בפני בית המשפט המחוזי לטענה כי המערער היה במצוקה עקב חשדות של האוכלוסיה באזור מגוריו כי המערער הוא משתף פעולה ענין זה אין בו כדי להצדיק כמובן את המעשה אך יש בו בנסיבות שעלו בפני בית המשפט המחוזי כדי להביא לכך שיינתן משקל מוגבר לנסיבות האישיות על כן אנו מחליטים להעמיד את עונש המאסר ב"
HUGGINGFACE-19ede5814949,2026-05-26T07:21:27+03:00,manual_review_no_defendant_relief,none," in our society very rarely apply to all people equally This is the most damming proof of how immoral such codes and standards really are"" Nawal El Saadawi The Hidden Face of Eve Women in the Arab World 41 2nd ed 2007 סוף דבר 129 על בסיס כל האמור לו תשמע דעתי דין הערעור להדחות ש ו פ ט השופט ח מלצר אני מצטרף בהסכמה לפסק דינו המקיף והרגיש לכבוד האשה של חברי השופט ס ג ובראן באשר למשמעויות של המילים בערבית שנאמרו בשיחה המוקלטת סומך אני את דעתי על בקיאותו והבנתו של חברי בשפה הערבית בהקשר זה מחובתי להוסיף ולציין כי חבל שאף אחד מהצדדים לא ראה לנכון לצרף את הקלטת הרלוונטית עצמה הן התביעה שהגשה כזו "
HUGGINGFACE-1457ff7b3fec,2026-05-26T07:21:27+03:00,manual_review_sentence_relief,sentence_relief_only,"רועים ובעניין המניע לביצוע העבירות מושא כתב האישום הראשון שאינן מתיישבות עם עובדות כתב האישום שבהן הודה המערער 17 בנסיבות הנ""ל אכן ראוי היה לתפיסתי ליתן דגש לשיקולי הגמול וההרתעה ולדחות מפניהם את נסיבותיו האישיות או המשפחתיות של המערער אשר אינן מצדיקות במכלול הקלה בעונש שנגזר עליו ראו למשל עניין דלאשה זאת ועוד הרשעתו של המערער בעבירת אלימות נוספת ותסקירי שירות המבחן בעניינו של המערער אשר אינם חיוביים בעיקרם ועולה מהם כי המערער אינו מביע מוטיבציה לקבל טיפול שיקומי תומכים גם הם במסקנה לפיה אין מקום בנסיבות העניין להפחתה בעונשו 18 טענת המערער לפיה היה על בית המשפט קמא להביא בחשבון את חלקו היחסי הקטן לשיטתו במכלול האירועים שבגינם הוגש נגד חברי הקבוצה כתב האישום המקורי ראו פיסקה 2 לעיל לאו טענה היא העבירות שבהן הורשע המערער ונסיבותיהן חמורות מאוד כשלעצמן ואין לזקוף לזכותו של המערער טענה בדבר הימנעות מביצוע עבירות נוספות שבהן נטלו חלק יתר חברי"
HUGGINGFACE-8fc4387b130d,2026-05-26T07:21:27+03:00,manual_review_no_defendant_relief,none, שלמה שאפשר להרכיב ולו בדוחק ממכלול הראיות מסקנת בית המשפט המחוזי החלטית והיא נכונה בחינת מסכת הראיות בכללותה מובילה למסקנה הגיונית אחת ויחידה כי המערער הוא אשר החדיר לפיו של אביו את שקיות הרעל ובכך גרם למותו בדין הורשע אפוא המערער ברצח אביו ולפיכך אציע לחברי לדחות את ערעורו ש ו פ ט השופט ח מלצר אני מסכים ש ו פ ט השופט א רובינשטיין מסכים אני לחוות דעתו של חברי השופט סולברג הערעור השתית עצמו על מספר טענות שבכשרונו ניסה הסניגור לבנות עליהן הגנה ערעורית במקרה שחרף נסיבתיות הראיות ההרשעה בו מובהקת ואולם כפי שהראה בא כוח המדינה וכפי שהכריע חברי הרף נוטה בבירור לאישוש מסקנותיו של בית המשפט המחו
HUGGINGFACE-eebb83d1a882,2026-05-26T07:21:27+03:00,manual_review_sentence_relief,sentence_relief_only,"ות שירות בשל נסיבות חייו הקשות של המערער והקשיים עימם הוא נאלץ להתמודד מגיל צעיר כמו כן עמד הסנגור על התיקון שנעשה בכתב האישום עת נמחקו המילים "" ללא כל התגרות מצד המתלונן "" ללמדך כי האירוע לא צמח בחלל ריק בנוסף הגיש עו""ד חימי מכתב מטעמו של המתלונן בו הוא מבקש להקל בדינו של המערער עו""ד חימי ביקש גם להתחשב בהודאתו של המערער באשמה בהבעת חרטתו ובבושה שהוא חש עקב מעשיו 6 בית משפט קמא עמד בגזר דינו על חומרתן היתירה של עבירות האלימות המבוצעות תוך שימוש בסכין וציין כי עבירות מסוג זה מחייבות תגובה עונשית הולמת ומחמירה בית המשפט הזכיר כי המערער לא הסתפק בדקירה אחת אלא שב ודקר את חברו פעם נוספת ואך "" בנס לא קיפח הלה את חייו "" למערער לא היה הסבר מניח את הדעת לפשר מעשיו והוא עומד על דעתו כי אינו זקוק לסיוע טיפולי לאור האמור ומתוך התחשבות בגילו הצעיר של המערער בעברו הנקי בהודאתו באשמה בעמדתו של המתלונן ובסיפור חייו המורכב של המערער החליט בית משפט קמא לגזור על המערער 15 חודשי מאסר לריצוי בפועל בניכוי ימי מעצרו ואת יתר העונשים המפורטים בפסקה 2 לעיל הערעור על חומרת העונש 7 בערעור של גזר דינו של בית משפט קמא נטען כי לא ניתן משקל "" מספק וראוי "" לנסיבות המשמעותיות לקולא ובכלל זה הרקע לביצוע המעשה נסיבותיו האישיות הקשות של המערער ועמדת המתלונן ביחס לאירוע באשר לעניין אחרון זה טען עו""ד אבי חימי בא כוחו של המערער כי המתלונן שלח מיוזמתו מכתב לפרקליטות ובו הוא מודה כי התנהג כלפי המערער "" בצורה מביישת ופוגעת "" ומידי פעם גם איים עליו לדברי המתלונן עצמו יש לו חלק בתוצאה שהביאה לפציעתו הקשה נטען כי לאירוע המתואר בכתב האישום רבדים נוספים שלא נחשפו לעיני בית המשפט ומשכך יש להתייחס למעשיו של המערער באורח שונה בתשלום הפיצויים למתלונן רואה עו""ד חימי כמעין "" סולחה "" שגם בה יש להתחשב לקולא עו""ד חימי ציין בנוסף כי המערער קיבל אחריות מלאה על מעשיו הודה במיוחס לו והביע חרטה וצער על התנהגותו בפרשה בטיעונו בפנינו עמד עו""ד חימי על האמור בתסקיר משלים שהוגש בעניינו של המערער לקראת הדיון בערעור מהתסקיר עולה כי חל שינוי מהותי בהתייחסותו של המערער לביצוע העבירה הוא מכיר בחומרת התנהגותו ובמסוכנות העולה ממנה ולוקח אחריות מלאה על מעשיו המערער השתלב בתהליך טיפולי שעניינו שליטה בכעסים ולגישת שירות המבחן יש מקום להעמקת הטיפול במסגרת השירות בתסקיר המעודכן ממליץ שירות המבחן להקל בעונשו של המערער ולהעמידו תחת פיקוח שירות המבחן למשך שנה ממועד שחרורו מהכלא על רקע האמור בתסקיר שהוגדר על ידי עו""ד חימי "" כחיובי שבחיובי "" התבקשנו לקצר את תקופת מאסרו של המערער ולהסתפק בתקופה אותה ריצה עד כה תגובת המשיבה 8 המשיבה אשר יוצגה על ידי עו""ד עידית פרג ון ביקשה לדחות את הערעור בשים לב לעונש הקל יחסית שנגזר על המערער ולנוכח העובדה כי העונש מצוי במתחם הענישה המוסכם המערער דקר פעמיים את חברו לאחר שיחה קצרה ביניהם ולטענת המשיבה נעשה הדבר ללא התגרות של ממש מצידו של המתלונן עוד נטען כי העונש אינו סוטה לחומרה מרמת הענישה הראויה וההתפתחות החיובית העולה מהתסקיר המשלים אינה צריכה להביא להקלה בעונש אלא לעמוד בפני ועדת השחרורים ככל שזו תדון בשחרורו המוקדם של המערער לפיכך התבקשנו לדחות את הערעור דיון והכרעה 9 בפתח דיוננו נחזור ונזכיר את ההלכה המושרשת לפיה ערכאת הערעור לא תתערב בעונש שהוטל על ידי הערכאה הדיונית אלא במקרים חריגים של סטייה קיצונית מרמת הענישה הראויה או כאשר נפלה טעות מהותית בגזר הדין ע""פ 3091 08 טרייגר נ מדינת ישראל 29 1 2009 ע""פ 6095 10 חאג יחיא נ מדינת ישראל 18 7 2012 ע""פ 9074 12 מדינת ישראל נ אבו אחמד 13 6 2013 ע""פ 4568 12 מדינת ישראל נ סראחין 11 6 2013 ייאמר כבר עתה כי לא מצאנו כל עילה להתערב בגזר דינו של המערער מאחר שאין למצוא בו חריגה מהותית מרמת הענישה הראויה ולפיכך דין הערעור להדחות להלן יובאו הטעמים לעמדתנו זו 10 המערער הורשע בביצוע עבירה של גרימת חבלה חמורה בנסיבות מחמירות שהעונש הקבוע בצידה הינו 14 שנות מאסר המערער תקף את המתלונן באמצעות סכין אותה נעץ פעמיים במותנו השמאלית דבר שגרם לו לפגיעה באיברים פנימיים בגופו שהצריכה ניתוח ואשפוז בבית חולים חרף טענתו של עו""ד חימי לפיה יש לאירוע זה "" רבדים נסתרים "" שלא נחשפו לעיני בית המשפט עולה מעיון פשוט בכתב האישום כי לאחר שיחה אודות סכסוך שיש למערער עם חברו של המתלונן שלף המערער סכין שהיתה ברשותו ודקר את המתלונן פעם אחר פעם איננו סבורים כי יש לייחס משמעות רבה לפנייתו של המתלונן להקל בדינו של המערער כמו גם לתחושתו כי הוא "" שותף "" כביכול למעשה ולתוצאותיו כל שנאמר במכתבו של המתלונן הוא כי יחסיו עם המערער לא זרמו על מי מנוחות אך אין במכתב דבר וחצי דבר באשר לתחושת האיום וחוסר האונים אותה מנסה המערער לשדר מקרה זה מצטרף לשורה ארוכה של מקרים שבהם מדובר בפגיעה בגופו של הזולת תוך שימוש בכלי נשק קרים וכפי שציינתי בע""פ 1997 13 פלוני נ מדינת ישראל 29 8 2013 "" תקצר היריעה מלתאר את החומרה הניבטת ממעשים מעין אלה בהם צעירים נוטלים את החוק לידיהם ועושים שימוש בסכינים ובכלי משחית אחרים לשם פתרון סכסוכים ומחלוקות של מה בכך כאשר לעיתים קרובות תוצאות המעשים קשות ביותר עד כדי אובדן חיי אדם "" שם בפסקה 12 וראו גם ע""פ 6910 09 הדרה נ מדינת ישראל 9 5 2010 ע""פ 7712 12 פלוני נ מדינת ישראל 23 5 2013 ע""פ 6370 11 כבוב נ מדינת ישראל 29 11 2012 ע""פ 6223 11 אגבריה נ מדינת ישראל 25 6 2012 ועוד ראוי להביא מדברי חברי השופט י דנציגר בע""פ 1552 08 פרטוש נ מדינת ישראל 29 10 2008 ""המאבק ב תת תרבות הסכין רחוק מלהגיע לסופו ומשכך מוטלת עלינו החובה לשרש תופעה נפסדת זו וזאת על ידי החמרה בעונשם של מי שבחרו לפגוע בגופו של הזולת בסכינים או בכלי משחית אחרים"" שם בפסקה 21 וראו גם ע""פ 6230 09 מדינת ישראל נ מברשם 15 2 2010 ע""פ 175 10 חנוכייב נ מדינת ישראל 28 7 2011 ע""פ 3863 09 מדינת ישראל נ חסן 10 11 2009 ע""פ 5024 12 מסעאד נ מדינת ישראל 30 10 2012 11 אכן יש לברך על השינוי שחל במערער כעולה מהתסקיר המשלים שינוי אשר בא לידי ביטוי בעצם ההכרה בחומרת התנהגותו ובנכונותו להשתלב בתהליך טיפולי ואולם הננו סבורים כי אין בכך כדי להביא להקלה בעונשו וכפי שציינה בצדק באת כוח המשיבה נתונים חיוביים אלה יבואו מן הסתם בפני ועדת השחרורים ככל שזו תתבקש לדון בשחרורו המוקדם של המערער מהכלא דומה כי העונש שהושת על המערער הינו ראוי ומאוזן בנסיבות העניין וראוי עוד להזכיר כי מדובר בעונש המצוי בתחום הענישה המוסכם בין הצדדים ובמקרה מעין זה נכונותה של ערכאת הערעור להתערב בעונש תהיה פחותה אף יותר ראו בהקשר זה ע""פ 2364 12 קטינה נ מדינת ישראל 17 5 2012 ע""פ 6449 10 חן נ מדינת ישראל 29 5 2011 ע""פ 9232 12 עווד נ מדינת ישראל 28 8 2013 12 סוף דבר משלא מצאנו כי בית משפט קמא החמיר עם המערער מעבר למידה הראויה דין הערעור להדחות ניתן היום י""ג בתשרי התשע""ד 17 9 2013 ש ו פ ט ת ש ו פ ט ש ו פ ט ____________"
HUGGINGFACE-39e34723ef7d,2026-05-26T07:21:27+03:00,manual_review_sentence_relief,sentence_relief_only,"טיעונו בפנינו ציין עו""ד זילברברג כי הושגה "" סולחה "" בין משפחת המערער לבין משפחות המנוח ושריף וההוצאות בהן חויבו הנאשמים שולמו במלואן המערער הינו אסיר למופת בכלא ויעידו על כך תעודות הוקרה רבות שקיבל במהלך כליאתו בשל היותו תלמיד מצטיין ואסיר חיובי לפיכך התבקשנו להקל באורח משמעותי בעונשו של המערער תגובת המשיבה 7 המשיבה אשר יוצגה בערעור על ידי עו""ד נורית הרצמן טענה כי יש לדחות את הערעור שכן מדובר בעונש "" מאוזן ומתון "" שניתן במסגרת הסדר שבו עתרה התביעה ל 15 שנות מאסר לריצוי בפועל המשיבה הבהירה כי המערער ירה 5 4 יריות לעבר רכבו של שריף וניתן היה לנהל את התיק כתיק רצח אך התביעה הלכה כברת דרך ארוכה לעברו של המערער ונהגה כלפיו בהגינות מירבית בעצם הסכמתה להודאה בעבירה של הריגה המשיבה הוסיפה וטענה כי אין מדובר במעשה ספונטאני אלא באירוע מתוכנן שאליו נכנס המערער כשהוא מצויד באקדח טעון שהוחזק על ידו ללא רשיון עוד נטען כי מלבד מותו של המנוח נגרמה גם חבלה לשריף כתוצאה מהירי לעבר רכבו נטען בנוסף כי הסדר הטיעון הושג למרות "" התנגדות חריפה של משפחת המנוח "" והתביעה גילתה איפוק רב בטיעונה לעונש לגישת המשיבה נלקחו בחשבון במסגרת ההסדר כל הנסיבות המקלות לרבות עברו הכמעט נקי של המערער הוא הורשע בהסעת שב""ח ופרט לכך אין לחובתו הרשעות קודמות הודאתו באשמה ונסיבותיו האישיות לאור האמור מבקשת המשיבה לדחות את הערעור דיון והכרעה 8 כלל נקוט עמנו כי ערכאת הערעור לא תתערב בעונש שהוטל על ידי הערכאה הדיונית אלא במקרים חריגים בהם מדובר בסטייה קיצונית מרמת הענישה הראויה או כאשר מדובר בטעות בולטת בגזר הדין ע""פ 3091 08 טרייגר נ מדינת ישראל 29 1 2009 ע""פ 6095 10 חאג יחיא נ מדינת ישראל 29 7 2009 ע""פ 3578 11 סטרוק נ מדינת ישראל 14 10 2012 ע""פ 9074 12 מדינת ישראל נ אבו אחמד 13 6 2013 לאחר שבחנו את טיעוני הצדדים הגענו למסקנה כי אין בעונש שהושת על המערער כל חומרה מיוחדת ודומה כי הוא אף נוטה לקולא ולפיכך דין הערעור להדחות להלן יפורטו הנימוקים לעמדתנו זו 9 המערער הורשע במסגרת הסדר טיעון בעבירה של הריגה ובנשיאת נשק שלא כדין לאחר שהודה כי ירה מספר כדורים לעבר רכב בו נסע הנהג שריף והמנוח וזאת תוך כדי עקיפה ומטווח קצר יחסית הירי נעשה כחלק ממסע נקמה שנועד לפגוע בנהג הרכב בעקבות סכסוך שהתגלע בינו לבין קרוב משפחתו של המערער המדובר באירוע מתוכנן לפרטיו שבמסגרתו יצאו לדרך שלושה כלי רכב ובהם בני משפחתו של המערער כאשר הוא עצמו הצטייד באקדח 9 מ""מ בו החזיק ללא רשיון כתוצאה מהירי נגרם מותו של המנוח ופציעתו של שריף אשר נהג ברכב דומה כי בנסיבות אלה הקלה המשיבה עם המערער כאשר הגבילה את טיעונה לעונש של 15 שנות מאסר ואף בית משפט קמא בא לקראתו בכך שלא השית עליו עונש מאסר בהתאם לרף העליון שנקבע בהסדר 10 אכן בעבירת ההריגה ניתן למצוא קשת רחבה של עונשים אך בנסיבות הקרובות לענייננו נגזרו עונשים כבדים על העבריינים אף מעבר לעונש המאסר שהושת על המערער ראו למשל ע""פ 8314 03 בן עווד נ מדינת ישראל 7 6 2005 בו אושר עונש של 16 שנות מאסר לריצוי בפועל ע""פ 9090 07 חזן נ מדינת ישראל 9 2 2011 15 שנות מאסר ע""פ 4877 07 יוחייב נ מדינת ישראל 2 2 2009 14 שנות מאסר לריצוי בפועל עוד יש לזכור כי המערער הורשע גם בעבירה של נשיאת נשק שלא כדין וכן בפציעתו של אדם נוסף דבר שיש לו משמעות עונשית מבחינתו של המערער לבסוף אין ניתן להתעלם מהעובדה כי עונשו של המערער נקבע בתוך המסגרת המוסכמת בין הצדדים כשאז נטייתה של ערכאת הערעור להתערב בעונש פחותה עוד יותר ראו לעניין זה ע""פ 2364 12 קטינה נ מדינת ישראל 17 5 2012 ע""פ 6449 10 חן נ מדינת ישראל 29 5 2011 ע""פ 9232 12 עווד נ מדינת ישראל 28 8 2013 11 לאור האמור ומשלא מצאנו כי בית משפט קמא סטה לחומרה ממדיניות הענישה הראויה במקרים דומים הננו מחליטים לדחות את הערעור ניתן היום כ""ה בתשרי התשע""ד 29 9 2013 ש ו פ ט ש ו פ"
HUGGINGFACE-c6f2e479281f,2026-05-26T07:21:27+03:00,manual_review_sentence_relief,sentence_relief_only,"ישה שעליו הוסכם לדבריו יישום ההלכה הנזכרת על המקרה שלפנינו צריך היה להוביל לכך שהעונש שלו עתרה המשיבה 5 שנות מאסר הוא העונש המקסימלי אלא שבית המשפט קמא לא ראה זאת כך ובחר לאמץ את הרף המקסימלי מבלי שהתחשב בנסיבות מקלות משמעותיות הקיימות בתיק שהיה בהן כדי לאזן ולהקל בעונש עוד טוען בא כוח המערער כי גזר הדין כמעט ואינו מנומק כי ניתן משקל עודף לשיקול ההרתעה כי בית המשפט לא התחשב בקשיים הראייתיים בתיק וכן לא התחשב בנסיבותיו האישיות המקלות של המערער ובפרט עברו הנקי נסיבות חייו הקשות הודאתו באשמה ונטילת אחריות מלאה לבסוף נטען כי גם תקופת פסילת הרישיון שנגזרה חמורה מדי בדגש על כך שרישיון הנהיגה הוא כלי שיקומי 6 באת כוח המשיבה מבקשת לדחות את הערעור היא מדווחת כי מאז מתן גזר הדין הורשע המערער בעבירות נוספות שבוצעו עובר לעבירות מושא התיק שלפנינו מדובר בתאונת דרכים שהתרחשה בשנת 2008 בין רכבו של המערער לבין רכב אחר ובה נפצעו שלושה אנשים המערער הודה והורשע בחודש מרץ 2013 במעורבותו בתאונה בעבירות של נהיגה בקלות ראש הזזת רכב ממקום התאונה ואי מסירת פרטים בית המשפט לתעבורה החליט שלא למצות עם המערער את הדין ודן אותו לעונש של 6 חודשי מאסר על תנאי 6 חודשי פסילת רישיון נהיגה ופסילה על תנאי באת כוח המשיבה סבורה כי הרשעה נוספת זו מציבה את התנהלותו של המערער באירוע שלפנינו באור חמור יותר כאשר ממילא האירוע חמור כשלעצמו היא הטעימה את הנסיבות המחמירות של ביצוע העבירה וטענה כי הסדר הטיעון שהושג הקל עם המערער עד מאד וכך גם בהרשעה הנוספת הקלו עם המערער בעונש ברקע ההסדר נלקחו בחשבון הודאתו של המערער הטיפול שעבר פציעתו מהתאונה נסיבותיו האישיות וקושי ראייתי עוד טענה כי העונש מתון ביותר בהתחשב ברף הענישה המקובל 7 נציין כי מתסקיר משלים מטעם שירות המבחן עולה כי במפגש עדכני עם המערער התחזקה התרשמות קציני השירות כי למערער רצון עז לבסס שינוי בחייו וניכר כי בוחר לעשות שימוש באמצעים הטיפוליים והשיקומיים הקיימים בבית הכלא עוד התרשמו כי המערער מגלה מוטיבציה לתהליך טיפולי מעמיק במסגרת מאסרו ומביע תובנה להרגלי השתייה הבעייתיים שלו דווח כי אין לחובתו עבירות משמעת באשר על כן הומלץ על קיצור מסוים של מאסרו שיעביר לו מסר בעל ערך שיקומי כמו גם הכרה בהליך שעבר דיון והכרעה 8 הלכה מושרשת היא כי ערכאת הערעור אינה נוטה להתערב כעניין שבשגרה בעונש שהוטל על ידי הערכאה הדיונית אלא במקרים חריגים ויוצאי דופן לא מצאנו כי המקרה הנוכחי נופל לגדר מקרים אלה 9 המערער סבור כי הואיל והקושי הראייתי בתיק שלפנינו אינו בא לידי ביטוי בעובדות כתב האישום המתוקן ובעבירות שבו אלא רק בטווח הענישה שהוסכם בין הצדדים אזי העונש שאותו ביקשה המשיבה 5 שנות מאסר צריך לשמש כעונש המקסימלי הקבוע לעבירות לגישתו לנוכח הנסיבות המקלות המוצקות הקיימות בתיק לא יתכן שבית המשפט בחר לאמץ את העונש המקסימלי את טענתו תומך המערער בפסק דיני בעניין באדיר שם נקבע כדלקמן ""אכן עלול להתעורר קושי במקרים בהם החולשה הראייתית לא באה לידי ביטוי בהסדר הטיעון בין אם במסגרת שינוי עובדות כתב האישום בין אם בשינוי העבירות בכתב האישום המתוקן אלא בטווח הענישה שנקבע בין הצדדים בלבד במצב דברים זה אם יבחן בית המשפט את כתב האישום בפני עצמו ללא שתהא התייחסות לקשיים הראייתיים עלול להתגלות פער ממשי בין תיאור עובדתי חמור ואישומים חמורים לבין ענישה מוסכמת קלה יחסית מה שקורה לעיתים במציאות במסגרת עשיית הסדרים במקרים כאלה על בית המשפט להזהיר עצמו כי לאור הקשיים הראייתיים יש להתייחס לענישה המקסימאלית בטווח הענישה שנקבע בהסדר כאילו היתה היא זו שקבועה כעונש המקסימאלי על העבירות בהן הורשע הנאשם על פי הודאתו מתוך הנחה זו על בית המשפט לערוך את האיזון בין שיקולי הענישה המקובלים ולהתחשב כמובן גם בנסיבות מקלות הקשורות הן בביצוע העבירה והן בנאשם עצמו יודגש כי ידיו של בית המשפט אינן כבולות והוא רשאי על פי שיקול דעתו להשית כל אחד מעונשי הקשת בטווח העונשים שנקבע בין הצדדים והוא יעשה זאת על פי נסיבות העניין ושאר השיקולים הרלבנטיים "" פסקה 8 בעניין באדיר התייחסתי לקושי שעשוי להתעורר בהסדרי טיעון שבהם לא באה לידי ביטוי בכתב האישום המתוקן ההקלה שעליה הוסכם כלעומת כתב האישום המקורי במקרים אלה כשההקלה מתבטאת בהגבלת טווח העונש הצעתי כי בית המשפט יתייחס לתקרת הטווח שנקבע בהסדר כאילו היתה היא זו שקבועה כעונש מקסימלי על העבירות שבהן הורשע הנאשם על פי הודאתו 10 בהסדר הטיעון שלפנינו אם נתעלם מן העובדה שעבירת ההפקרה הושמטה מכתב האישום שכן לא היה לה בסיס בראיות לטענת המערער הרי שההקלה אכן באה לידי ביטוי רק בטווח הענישה שעליו הוסכם ואולם בניגוד לטענת המערער הסדר הטיעון לא הושג רק בשל הקושי הראייתי הנוגע לעבירת ההריגה מגזר הדין ומעמדת באת כוח המשיבה עולה בפירוש כי הסדר הטיעון שהושג בין הצדדים התחשב ב מכלול הנסיבות המקלות בעניינו של המערער וביניהן הודאתו חרטתו הכנה והעמוקה נסיבותיו האישיות הקשות הקושי הראייתי הנזכר וכיו""ב אם כן הקושי הראייתי שבו תולה המערער את הסדר הטיעון היה רק אחד מבין השיקולים המקלים שבגינם הסכימה המשיבה להגביל את העונש בהסדר בנסיבות אלה לא היה הכרח כי בית המשפט קמא יאזן את העונש המקסימלי על פי ההסדר עם השיקולים לקולה שכן שיקולים אלה כבר באו לידי ביטוי בהסדר עצמו במגבלת העונש שהגבילה עצמה המשיבה לעניין זה יפים הדברים הבאים מתוך עניין באדיר "" מנגד אף אין הוא בית המשפט ע א אמור להתחשב לטעמי בדרך כלל בקשיים הראייתיים עליהם התבסס הסדר הטיעון כנימוק להקלה בעונש ההסדר בין הצדדים מגלם בתוכו את המשקל שנתנו הצדדים לקשיים הראייתיים הללו ולפיכך אין מקום כי גם בית המשפט יתן להם משקל מה עוד שיש קושי רב לבחון קשיים אלו על בסיס הדיון המתנהל בפני בית המשפט לצורך הצגת הסדר הטיעון הקשיים הראייתיים רלוונטיים רק לצורך הדיון באישור הסדר הטיעון משאושר ההסדר ובית המשפט פונה לבחון את שאלת העונש ההולם הוא צריך לשוות לפניו את עובדות כתב האישום המתוקן בהן הודה הנאשם ואין הקשיים הראייתיים צריכים לבוא בגדר שיקוליו "" פסקה 8 ההדגשה אינה במקור ע א האמור לעיל ביחס לקשיים הראייתיים ""תופס"" ביחס לכל נסיבה מקלה שבגינה הוקל העונש במסגרת הסדר הטיעון כאמור הנסיבות המקלות באו לידי ביטוי בהסדר הטיעון ובכך זכה המערער ל""טובת הנאה"" אין הכרח להתחשב בנסיבות אלה פעם נוספת גם בגזר הדין ובכך לזכות אותו ב""טובת הנאה"" נוספת מובן כי הדבר מסור לשיקול דעתו של בית המשפט אם להעניק משקל נוסף לנסיבות המקלות אך אין הוא חייב לעשות כן 11 כאמור הקושי הראייתי ויתר הנסיבות המקלות הקשורות במערער כבר הובאו בחשבון בהסדר הטיעון וניתן להן משקל בלתי מבוטל בגדרו ברי כי בית המשפט חופשי היה לתת להן משקל נוסף אם היה רואה לנכון לעשות כך ולהטיל עונש קל מזה שהתבקש על ידי המשיבה יובהר שוב הדבר מסור לשיקול דעתו אך אין הוא חייב לפעול כך אולם במקרה דנן החליט בית המשפט לאמץ את הרף העליון של טווח הענישה שעליו הוסכם ולא להקל במידה נוספת החלטתו נראית לי ראויה והולמת בנסיבות העניין אף שהיה מקום לנמקה ביתר פירוט מדובר במקרה קשה ביותר בנסיבותיו ובתוצאותיו המערער נהג ברכב שאינו מותאם למגבלת ידו בעודו שיכור וחצה במהירות גבוהה צומת באור אדום כאשר הוא מתחמק מבדיקה שגרתית של ניידת משטרה כתוצאה מכך נגרמה תאונה שהביאה לקיפוח חיי אדם ופציעה של שלושה נוספים כולל המערער אחד מהם באורח קשה ביותר מר דרעי אירוע זה מקבץ לתוכו מגוון נסיבות קשות כל אחת כשלעצמה לא כל שכן בהצטברותן זאת ועוד בדין נתן בית המשפט קמא משקל גם לשיקול ההרתעה אשר לא ניתן לפסוח עליו בהקשרנו כיוון שעבירות תנועה הן גם נחלתם של אנשים שנתפסים כ""נורמטיבים"" ביסודם אנשים מן היישוב חשוב לשוב ולהדגיש כי כל הנוטל הגה לידיו כאשר הוא תחת השפעת שיכר או סם נורמטיבי ככל שיהיה משול הוא ל""מכונת מוות נעה"" לשון השופט א רובינשטיין ברע""פ 3351 09 משה נ מדינת ישראל פסקה ה 7 5 2009 ועל כך ייענש הוא ביד קשה ומחמירה לבסוף לא ניתן להתעלם מהתאונה הנוספת שבה היה מעורב המערער כשנתיים לפני האירוע דנן ואשר בגינה הורשע רק לאחרונה כפי שדווח בדיון מעורבותו זו מעמידה את התנהלותו בתאונה דכאן באור שלילי עוד יותר ומצדיקה ביתר שאת את העונש שנגזר עליו בכך יש משום טעם נוסף המטה את הכף לעבר אי התערבות בעונש שהוטל 12 באשר לטענות שהעלה המערער נגד עונש פסילת רישיון הנהיגה גם בהיבט זה לא מצאתי להתערב בניגוד לרכיב המאסר בפועל בעניין זה לא אימץ בית המשפט קמא את הרף העליון שהתבקש על ידי המשיבה 20 שנות פסילה וגזר על המערער 15 שנות פסילה אין ספק כי מדובר בפרק זמן ארוך אינני שוללת את טענת המערער כי בהחזקת רישיון וביכולת להתנייד בנ"
HUGGINGFACE-d130633461e5,2026-05-26T07:21:27+03:00,manual_review_sentence_relief,sentence_relief_only,"צמו ולא אזרח תמים עומדת לזכותו שיקול נוסף לקולא לטענת המערער הוא נכונותו לזנוח את הערעור על הכרעת הדין ולפצות את משפחת המנוח אשר מעידים על הבעת חרטה והפנמת חומרת מעשיו לבסוף מציג המערער שורת פסקי דין בהם נקבעו עונשים בגין הצתה וטוען שנוכח רמת הענישה הנוהגת יש להפחית מעונשו ולהתאימו למקובל במקרים דומים 8 המשיבה טוענת שבית משפט קמא איזן נכונה בין כל השיקולים הרלוונטיים לעונש ואין נסיבות המצדיקות התערבות בהחלטתו כמו כן מזכירה המשיבה את פערי הכוחות בין המערער למנוח כשיקול לחומרת מעשיו של המערער פערים אלו כללו פערים כלכליים פערי גיל יחסי עובד מעביד ותלות של המנוח במערער לשם השגת אישורי עבודה ושהייה בישראל המשיבה טוענת שההתחייבות לפיצוי כספי מצד המערער לא מהווה נסיבה חדשה ומקלה משום שהתחייבות זו ניתנה במסגרת הסדר טיעון בו זכה המערער לתמורה וויתור על ערעורה של המשיבה כנגד זיכויו מהריגה המשיבה מוסיפה שהפגיעה שהביא עמו ההליך המשפטי במשפחת המערער ובבתו בפרט לא מצדיקה התערבות בגזר הדין שכן היא נובעת ממעשיו של המערער והיא אינהרנטית לכל הליך מסוג זה דיון והכרעה 9 לאחר עיון בגזר הדין של בית משפט קמא בטיעוני המערער ובתגובת המשיבה מצאתי כי דין הערעור להתקבל בחלקו הלכה ידועה היא שערכאת הערעור תתערב בעונשים אשר נקבעו בערכאה הדיונית במקרים חריגים בלבד מקרים אשר ניכרת בהם סטייה ברורה ממדיניות הענישה הראויה או מקרים בהם נפלה טעות מהותית בגזר דינה של הערכאה הדיונית ראו למשל ע""פ 9097 05 מדינת ישראל נ ורשילובסקי 3 7 2006 ע""פ 3091 08 טרייגר נ מדינת ישראל 29 1 2009 ע""פ 7486 07 בר ששת נ מדינת ישראל 19 3 2009 ע""פ 60 12 עמר נ מדינת ישראל 7 11 2012 במקרה הנוכחי נראה כי ככלל בית משפט קמא שקל את השיקולים הרלוונטיים לגזירת העונש אולם מצאתי לנכון לאזן בצורה מעט שונה בין שיקולים אלה ולהקל במשהו את עונשו של המערער 10 עבירת ההצתה היא מן העבירות החמורות ביותר בספר החוקים חומרת ההצתה נובעת מפוטנציאל הנזק הטמון בה אשר לעיתים חורג מכוונת המצית באופן שלא ניתן לשלוט בו "" ראשיתה גפרור ואחריתה עלולה להיות שערי מוות "" ע""פ 3210 06 עמארה נ מדינת ישראל 18 3 2007 להלן עניין עמארה במקרה זה על אף שהמערער לא כיוון לכך ההצתה אכן גרמה לתוצאה האפשרית הקשה ביותר מותו של אדם 11 העונש המרבי הקבוע בצידה של עבירת ההצתה הוא 15 שנות מאסר הפסיקה רואה בעבירת ההצתה עבירת קשה וחמורה אך הענישה הנלווית לה אינה אחידה ונעה על סקאלה רחבה לסקירה מקיפה של מדיניות הענישה בעבירת ההצתה ראו פסק הדין בעניין עמארה אין חולק כי גזר דינו של בית המשפט המחוזי 7 שנות מאסר ממוקם ברף העליון של הענישה המקובלת בעקבות הרשעה בעבירת ההצתה המשיבה אף היא מכירה בכך אולם לטענתה במקרה זה מותו של המנוח מצדיק את הענישה שנפסקה גם בית משפט קמא הדגיש בנימוקי גזר הדין את התוצאה הקשה של ההצתה פגיעה בנפש כשיקול מרכזי לגזירת עונש זה אין מחלוקת כי העובדה שההצתה בענייננו הסתיימה במוות היא שיקול מרכזי להחמרה בענישה יחד עם זאת סבורני שיש להתחשב גם בכך שהנפגע בנפש מההצתה היה המצית עצמו שותף לדבר העבירה ומשום כך שונה הדבר מפגיעה בחף מפשע יפים לעניין זה דבריה של השופטת ע ארבל שנאמרו באחת הפרשות שנדונו לאחרונה ""העובדה שהמנוחים בחרו להשתתף באופן אוטונומי ומודע במרוץ המכוניות אמנם אינה מונעת לטעמי את הרשעת המשיב בעבירת ההריגה אך היא בהחלט מהווה שיקול בגזירת העונש"" ע""פ 9647 10 פלוני נ מדינת ישראל פסקה 39 לפסק דינה של השופטת ע ארבל 3 1 2013 בפסק הדין הנ""ל מדגיש בית המשפט את בחירתם של המנוחים לעבור על החוק ולקחת חלק בפעילות מסוכנת ועבריינית כשיקול לקולא בקביעת גזר דינו של נאשם אשר התחרה עמם במרוץ המכוניות והורשע בהריגתם וזאת במנותק משאלת הכרעת הדין ביחס לעבירת ההריגה בחירתו של המנוח בענייננו לקחת חלק מרכזי בעבירת ההצתה מהווה שיקול מסוים לקולא כאשר קביעה זו הייתה נכונה גם אלמלא זוכה המערער מעבירת ההריגה באמירה זו איני מתעלם מהתלות של המנוח במערער ומפערי הכוחות ביניהם כפי שהוצגו בטיעוני המשיבה או מכך שהמערער הוא שיזם את ההצתה ושלח את המנוח לבצעה שיקולים אלה אף הובאו בחשבון לחובת המערער בהקשר זה יצוין כי בקשה לדיון נוסף בפסק הדין בע""פ 9647 10 הנ""ל תלויה ועומדת בבית משפט זה דנ""פ 404 13 פלוני נ מדינת ישראל 12 נסיבה חדשה שנוספה לזכות המערער ושבנסיבותיו הספציפיות של המקרה דנא יש לה משקל היא הסכמתו לסגת מהערעור על הכרעת הדין והסכמתו להוספת פיצוי למשפחת המנוח במסגרת ההסדר עם המשיבה בצעדים אלה ביטא המערער נטילת אחריות על חלקו בהצתה ותוצאתה והפנמה של מעשיו לאורך זמן המערער התנער מאחריותו להצתה כאשר מעשיו לאחר ההצתה ביניהם הניסיון לשבש מהלכי חקירה ולהרחיק את עצמו בכל דרך מהשריפה אינם ראויים ונזקפים לחובתו אולם אין להתעלם מהבעת החרטה ולקיחת האחריות המאוחרת כפי שאלו באו לידי ביטוי בוויתור על הערעור על הכרעת הדין גם אם הדבר נעשה במסגרת הסדר שבגדרו המדינה לא עמדה על ערעורה שלה לא אחת נאשמים מודים בגדר הסדרי טיעון לסוגיהם וככלל אין עובדה זו מפחיתה ממשמעות ההודאה כשיקול לעניין העונש 13 יצוין כי אין באמור כדי להפחית מחומרת המעשים שהמערער הורשע בביצועם המערער יזם את ההצתה מתוך מניעים כלכליים לקח חלק מרכזי בתכנונה ושלח אחר לבצעה עבורו תוצאות המעשה מחרידות אולם באיזון בין השיקולים השונים לעונש ובהתחשב בנסיבות החדשות שנוצרו בשלב הערעור ברקע הנורמטיבי של המערער בתפקידו של המנוח בהצתה ובהיות גזר דינו של המערער חמור יחסית לענישה המקובלת סבורני שיש להפחית במידת מה מעונשו של המערער 14 נוכח האמור לעיל אציע לחבריי להעמיד את עונשו של המערער על 6 שנות מאסר בפועל בניכוי 43 ימי המעצר ולחייבו בפיצוי הוריו של המנוח בסכום של 70 000 ש""ח הפיצוי ישולם בתוך 90 יום מהיום יתר חלקי גזר הדין יעמדו בעינם ש ו פ ט השופט ס ג ובראן אני מסכים ש ו פ ט השופט נ הנדל מסכים אני לתוצאה אליה הגיע חברי תוך הדגשה כי השיקולים שצוינו בסעיף 12 יפים אך לענייננו זאת בהתחשב במר"
HUGGINGFACE-53cef6c5e26e,2026-05-26T07:21:27+03:00,manual_review_acquittal,conviction_reversed_or_acquittal, ערעורו של המערער הן משום שמכלול הראיות בתיק איננו מוכיח את אשמתו מעבר לספק סביר והן משום שקיים תרחיש עובדתי חלופי לפיו יתכן והמערער הוא חף מפשע ואשר לגביו קיים לפחות ספק סביר כי הוא תרחיש האמת 67 סוף דבר אם תשמע דעתי אציע לחבריי לקבל את הערעור על הכרעת הדין ולזכות את המערער מחמת הספק מעבירת הרצח שבה הורשע על ידי בית המשפט המחוזי הנכבד ש ו פ ט השופט א רובינשטיין א לא בלי התלבטות רבה החלטתי לצרף את קולי לחוות דעתו היסודית והמקיפה מאוד של חברי השופט מלצר שלא הותירה אבן לא הפוכה עקרון יסוד הוא במשפטנו כי לא ישא אדם באחריות פלילית לעבירה אלא אם כן הוכחה אחריותו לביצועה מעבר לספק סביר סעיף 34כב א לחוק ה
HUGGINGFACE-d13c15eb5ebd,2026-05-26T07:21:27+03:00,manual_review_sentence_relief,sentence_relief_only,"התערבות בנסיבות בהתחשב בשוני המובהק בין מעשיהם ואולם סבורים אנו כי יש מקום לחפיפה מסוימת של שאר העונשים כך שמתוך ארבע השנים יחדיו בשני האישומים הנוספים ירוצו שנתיים במצטבר ושנתיים בחופף לפי זה יועמד המאסר בפועל על 18 שנה במקום 20 שאר חלקי גזר הדין יעמדו בעינם הערעור מתקבל לפי האמור ניתן היום כ""ד בחשון תשע""ד 28 10 13 ש ו פ ט ת ש ו פ ט ש ו פ ט ת _________________________ העותק כפוף לשינויי עריכה וניסוח 12047640_T03 doc עכ מרכז מידע טל 077 2703333 אתר אינטרנט www court gov il"
HUGGINGFACE-f02ede7891c2,2026-05-26T07:21:27+03:00,manual_review_sentence_relief,sentence_relief_only,"כבדים עם זאת בהתחשב בנסיבות לקולא כפי שפורטו לעיל בהתחשב בהודאתו של המערער אשר מעצרו עד למתן גזר הדין נמשך למעלה מארבע שנים המערער נעצר ביום 1 4 2008 ובהתחשב ברף הענישה במקרים דומים ואף חמורים יותר ראו ע""פ 2651 10 שריף נ מדינת ישראל 28 2 2011 מצאנו כי יש מקום להקל במעט בעונשו של המערער ואנו מעמידים את עונשו של המערער על 17 שנות מאסר בפועל המאסר המותנה יישאר על כנו ניתן היום כ""ז בחשון התשע""ד 31 10 2013 ש ו פ ט ת ש ו פ ט ש ו פ ט _________________________ העותק כפוף לשינויי עריכה וניסוח 12062740_E03 doc עכ ב מרכז מידע טל 077 2703333 אתר אינטרנט www court gov il"
HUGGINGFACE-ca0f44176702,2026-05-26T07:21:27+03:00,manual_review_sentence_relief,sentence_relief_only,הפחות לחלקם אכן נעוץ היה כטענתו בחששו מפני פגיעה בו או במשפחתו על ידי אותם פעילי טרור שיזמו את ירי הטילים לעבר ישראל היה ולא ישתף פעולה עמם אלא שכפי שפירטתי לעיל אין בכך כדי להקהות את חומרת מעשיו או כדי להקנות לו את הגנת הכורח ודעתי היא שאין בכך גם כדי להצדיק הקלה כלשהי בעונשו נוכח כל האמור לעיל בשים לב לעניין גראבה ובפרט לפער במספר האישומים בהם הורשע לעומת מספר האישומים בהם הורשע גראבה אמליץ לחברי כי נדחה גם את הערעור על חומרת העונש ונותיר את גזר דינו של בית המשפט המחוזי על כנו 19 לאור כל האמור לעיל אמליץ לחברי כי נדחה את הערעור על שני ראשיו ש ו פ ט השופט ע פוגלמן אני מסכים ש ו פ ט השופט 
HUGGINGFACE-e43a24160e9c,2026-05-26T07:21:27+03:00,manual_review_sentence_relief,sentence_relief_only,"דוק מנגנון ה""התאמה"" הנדרש פה שונה ממנגנון ה""התאמה"" המוסדר במסגרת סעיף 10 א1 ל חוק נמ""ב העוסק במקרים שבהם העונש שנקבע בגזר הדין המקורי הינו חמור יותר מהעונש המירבי הקבוע בחוק הישראלי מאחר שמנגנון ה""התאמה"" המוסדר בסעיף 10 א1 ל חוק נמ""ב הינו למעשה מנגנון של מעין הקלה בעונש הוא איננו עוסק ממילא בחשש שהסנקציה המותאמת תחמיר את גזר הדין המקורי ואולם במקרה שלפנינו מדובר בסיטואציה של ""סימטריה הפוכה"" זה המקום להעיר בית משפט זה טרם נדרש בעבר לבחון את אופן ביצוע ה""התאמה"" של גזר דין זר על פי סעיף 10 2 ל אמנה שלא בהקשר של סעיף 10 א1 ל חוק נמ""ב לפסקי דין שעסקו בהפעלת מנגנון ה""התאמה"" המוסדר בסעיף 10 א1 ל חוק נמ""ב ראו ע""פ 2788 08 אטיאס נ מדינת ישראל 06 05 2010 עניין שיטרית לפיכך במסגרת בחינת סוגיית ה""התאמה"" הנדרשת במקרה שלפנינו האמורה להיזקק לסעיף 10 2 ל אמנה אתייחס גם למשפט המשווה ולאופן שבו מתבצעת ""התאמה"" זו במדינות אחרות כמובן שגם בהקשר זה להבדיל מהפנייה לדין הבריטי בנוגע לבירור מהותו של ה Tariff סקירת המשפט המשווה נועדה אך ורק לשם ""שאיבת השראה"" וככלי עזר פרשני בלבד לפירוש ה אמנה 53 המקרה הקרוב ביותר לענייננו במשפט המשווה מעבר לזה האמריקאי הנזכר בפיסקה 48 שלעיל עוסק דווקא באופן שבו התמודדה בריטניה בשנת 2011 עם מקרה שבו אזרח בריטי שהורשע ברפובליקה של אירלנד להלן אירלנד בגין רצח ונידון שם למאסר עולם הועבר לבריטניה מכוח ה אמנה ראו פסק הדין ב Norman Hull v Regina 2011 EWCA Crim 1261 להלן עניין נורמן האל אשר לא אוזכר על ידי מי מהצדדים מאחר שבאירלנד לא נהוגה שיטה של קביעת Tariff או הפרדה אחרת בין ה""פן העונשי"" של מאסר העולם לבין ה""פן המניעתי"" שלו הרשויות בבריטניה עמדו מול השאלה כיצד יש ""להתאים"" את עונש מאסר העולם שנגזר על הנידון באירלנד לשיטה הבריטית הנידון טען באותו מקרה כי מאחר שבאירלנד ניתן להתייצב בפני ועדת שחרורים לאחר שבע שנות מאסר הרי שיש לקבוע בעניינו Tariff של שבע שנים בית המשפט סבר לעומת זאת כי לא ניתן לעשות כן שהרי על פי השיטה בבריטניה בתום ה Tariff ועדת השחרורים תהיה חייבת להתייחס אל הנידון כאל מי שסיים לרצות את ה""חלק הגמולי"" של גזר הדין והדבר איננו משקף את מהות גזר הדין האירי אשר איננו מפריד כאמור בין חלקים שונים של תקופת מאסר בהתאם לתכליות הענישה השונות במובן זה השיטה האירית דומה יותר לשיטה הנוהגת בישראל בית המשפט בבריטניה הסתמך איפוא על מחקר שבחן את האורך הממוצע של תקופת המאסר טרם שחרור על תנאי באירלנד של מי שנידונו למאסר עולם 18 שנים וקבע כי יש לקבוע את ה Tariff לפי תקופה זו דבר שיבטיח עמידה בכללי ה אמנה בכל הנוגע לאי החמרה של העונש המקורי בנוגע ל""תהליך ההתאמה"" בית המשפט לערעורים בבריטניה אמר את הדברים הבאים "" T he administering state may adapt the sanction to the nearest equivalent available under its own law provided that this does not result in more severe punishment or longer detention"" וכן ""The task of the administering state under Article 10 2 is when adapting a sentence as far as possible to bring correspondence between the punishment which would have been imposed in the sentencing state and the remainder of the sentence to be served in the administering state That will require a reasoned judgment as to the likely duration of the custodial element of the sentence had the sentence been served in the sentencing state"" זאת ועוד אף שוועדת השחרורים באירלנד מוסמכת לשקול שיקולים רבים ומגוונים לרבות האופי והחומרה של העבירות תקופת המאסר שהנידון כבר ריצה לפני בואו בפני הועדה מידת האיום והסיכון שהנידון מהווה לציבור או לאנשים מסוימים עבר פלילי חשש מבריחה התנהגות בכלא בית המשפט בבריטניה יישם את גזר הדין על פי השיטה הבריטית לאמור קביעת תקופת Tariff ארוכה יחסית שלאחריה הנידון יבוא בפני ועדת שחרורים שתשקול רק שיקולים העוסקים במסוכנותו של הנידון בהקשר זה נאמרו שם הדברים הבאים It will be seen that although the Irish court has ruled that the punishment element of the sentence of life imprisonment subsists throughout the duration of the sentence the matters which the minister is enjoined to consider before authorizing temporary release include factors relating both to the gravity of the offence and to the risks posed by the offender s release There is no justification for a conclusion that a minimum term of 7 years should be fixed in order to provide the Parole Board of England and Wales with the opportunity immediately to consider the Appellant s release Such a course would not have been calculated to bring correspondence between the nature and duration of the punishment or sanction since the Parole Board in England and Wales would be required to assume that the punishment and deterrent element of the sentence had already been fulfilled 54 ב עניין נורמן האל בית המשפט לערעורים בבריטניה הפנה גם לסעיפים 50 49 ל דברי ההסבר לאמנה אביא איפוא להלן גם את הסעיפים הנ""ל מתוך דברי ההסבר לאמנה ""49 Where the administering State opts for the ""continued enforcement"" procedure it is bound by the legal nature as well as the duration of the sentence as determined by the sentencing State paragraph 1 the first condition ""legal nature"" refers to the kind of penalty imposed where the law of the sentencing State provides for a diversity of penalties involving deprivation of liberty such as penal servitude imprisonment or detention The second condition ""duration"" means that the sentence to be served in the administering State subject to any later decision of that State on for example conditional release or remission corresponds to the amount of the original sentence taking into account the time served and any remission earned in the sentencing State up to the date of transfer 50 If the two States concerned have different penal systems with regard to the division of penalties or the minimum and maximum lengths of sentence it might be necessary for the administering State to adapt the sanction to the punishment or measure prescribed by its own law for a similar offence Paragraph 2 allows that adaptation within certain limits the adapted punishment or measure must as far as possible correspond with that imposed by the sentence to be enforced it must not aggravate by its nature or duration the sanction imposed in the sentencing State and it must not exceed the maximum prescribed by the law of the administering State In other words the administering State may adapt the sanction to the nearest equivalent available under its own law provided that this does not result in more severe punishment or longer detention As opposed to the conversion procedure under Article 11 under which the administering State substitutes a sanction for that imposed in the sentencing State the procedure under Article 10 2 enables the administering State merely to adapt the sanction to an equivalent sanction prescribed by its own law in order to make the sentence enforceable The administering State thus continues to enforce the sentence imposed in the sentencing State but it does so in accordance with the requirements of its own penal system"" 55 עתה לאחר שתיארתי את אופן ההתמודדות שנקט בה המשפט המשווה בסוגיית ה""התאמה"" של גזר דין שהשית מאסר עולם לרבות בהקשר של התאמה משיטה ללא Tariff לשיטה הכוללת מנגנון של Tariff אעבור לבחינת סוגיית ה""התאמה"" במקרה שלפנינו 56 נראה כי אחד המאפיינים הבסיסיים של גזר הדין הבריטי שהשית מאסר עולם וקבע Tariff הוא האפשרות להשתחרר מהמאסר לאחר תקופת ה Tariff בכפוף לשיקולי מסוכנות הנבחנים בבריטניה על ידי וועדת שחרורים דומני כי כל ""התאמה"" שלא תכלול מאפיין זה של גזר הדין הבריטי יהיה בה משום החמרה שלו הן מבחינת משך זמן העונש והן מבחינת טיבו במשמעות סעיף 10 2 ל אמנה נראה כי המשמעות של ""התאמה"" זו לענייננו היא שיש לראות את עונש המאסר שעל המערער לרצות כמכיל מתוך עצמו הוראה המאפשרת את הבאתו של המערער בפני וועדת שחרורים לאחר תום תקופת ה Tariff 57 כאמור לעיל על פי סעיף 5 ל חוק שחרור על תנאי עניינו של אסיר עולם יכול לבוא בישראל בפני וועדת שחרורים מיוחדת רק לאחר שהאסיר ריצה שני שלישים מעונשו הוראת חוק זו איננה יכולה לעלות בקנה אחד עם הסנקציה שהושתה על המבקש בבריטניה בשל רכיב ה Tariff הפתרון שמציעים באי כח המערער הוא כאמור על דרך של ""התאמת"" הסנקציה שנגזרה על המערער בבריטניה לחוק הישראלי על ידי מציאת ""המכנה המשותף הנמוך"" בין הסנקציות לאמור שחרורו של המבקש מיד בתום תקופת ה Tariff פתרון זה הינו מרחיק לכת יתר על המידה ופוגע באופן בסיסי בתכליות של העיצומים שהושתו על המערער בבריטניה שכן ככל שהמערער עודנו מסוכן לציבור הרי שעל פי הסנקציה המקורית שהושתה עליו היה עליו להמשיך ולהיות מוחזק מאחורי סורג ובריח גם שם תהליך ה""התאמה"" הנדרש לפי ה אמנה איננו פשוט איפוא והוא מחייב לעתים לבצע ""הכלאה"" בין עונשים מ""מינים"" שונים במידה מסוימת כזה הוא המקרה שלפנינו אף על פי שלשון ה אמנה מדברת על ""התאמתה"" של הסנקציה שנגזרה במדינה השופטת לדין המדינה המבצעת אני סבור כי במקרים מסוימים כאשר הנסיונות ""להתאים"" את הסנקציה המקורית שנפסקה במדינה השופטת לדין המדינה המבצעת גורמים לסנקציה המקורית לאבד את אופיה הבסיסי ואת תכליותיה ניתן לבחון את האפשרות ""להגמיש"" את דין המדינה המבצעת במידה מוגבלת טלו למשל מצב שבו אסיר שהושת עליו עונש במדינה השופטת מועבר לריצוי עונש זה במדינת אזרחותו שבה מוגדר עונש מינימום חמור מזה שהושת במדינה השופטת בצד העבירה שבגינה הורשע האסיר במדינה השופטת דומה שבמצב כזה לא יהיה מנוס מ""הגמשת"" דיני המדינה המבצעת על ידי חריגה לקולא מעונש המינימום וזאת נוכח הוראת סעיף 10 2 ל אמנה האוסרת על החמרה אגב הליכי ההעברה של טיבו או משכו של העונש שהושת במדינה השופטת נראה כי בענייננו ה""התאמה"" הנדרשת אכן מחייבת לחרוג מהוראות חוק שחרור על תנאי ולאפשר לוועדת השחרורים לבחון את עניינו של המערער כבר בשלב זה אף שטרם ריצה שני שלישים מהעונש שנקצב לו על ידי כב נשיא המדינה כאשר הבסיס המשפטי להתאמה זו נעוץ בהוראת סעיף 3 ל חוק נמ""ב המפנה כאמור להוראות ה אמנה ובהוראות סעיף 10 ב ל חוק נמ""ב המדבר בקיצור תקופת המאסר ב מדינה השופטת מה שמצדיק בחינת הקיצור גם ב מדינה המבצעת הנה כי כן לשיטתי קיצור תקופת המאסר במדינה השופטת כמשמעו בסעיף 10 ב ל חוק הנמ""ב כולל גם אפשרות של קיצור תקופת המאסר וניתן לראות חלופה זו כבאה בגדר אחד מן הסייגים הבאים א סעיף 10 1 ל אמנה המדבר בכך שבמקרה של אכיפה מתמשכת המדינה המבצעת תהיה כבולה לטיבו המשפטי ולמשכו של גזר הדין כפי שנקבע על ידי המדינה השופטת ב סעיף 10 2 ל אמנה המסדיר את עניין ה""התאמה"" אגב כך שלא תהיה בה ""החמרה"" בהשוואה לטיבו או משכו של העונש במדינה השופטת אציין כי במהלך פרשני דומה צידדתי בשינויים המחוייבים ב בג""ץ 6784 06 שליטנר נ הממונה על תשלום גמלאות בצה""ל 12 01 2011 58 הנה כי כן במסגרת ההתאמה הנדרשת יש להביא את המערער בפני וועדת השחרורים המיוחדת בישראל אף טרם שנשא שני שלישים מתקופת המאסר שנקצבה לו ארחיב את הדיון בפתרון זה ובמשמעויותיו להלן 59 וועדת שחרורים בישראל הינה גוף מעין שיפוטי אשר סמכויותיו קבועות ב חוק שחרור על תנאי על וועדת השחרורים נאמרו בעבר הדברים הבאים ""ועדת השחרורים היא גוף מעין שיפוטי המפעיל סמכויות סטטוטוריות בעבר סמכויות אלה נקבעו בחוק העונשין התשל""ז 1977 וב פקודת בתי הסוהר נוסח חדש התשל""ב 1971 וזאת מבלי שפורטו בחוק השיקולים אותם רשאית הוועדה לשקול הוראות חוקים אלו הוחלפו בשנת 2001 בהוראות חוק שחרור על תנאי אשר במסגרתו עוגנו לראשונה מכלול השיקולים שעל הוועדה לשקול והנתונים להם יש להתייחס בגיבוש החלטותיה נקודת המוצא היא כי שיקוליה של ועדת השחרורים נקבעים על פי המטרה החקיקתית הקבועה בדברי החקיקה המעגנים את סמכותה ואין הוועדה רשאית לשקול שיקולים שהם זרים למטרות שלשמן הוקמה "" רע""ב 10349 08 מדינת ישראל נ גנאמה 20 07 2009 ההדגשות במקור ח""מ לאור האמור דומה כי לא ניתן להכתיב לוועדה מראש את השיקולים שעליה לשקול ביחס למערער באותו אופן לא ניתן להקים ""אד הוק"" יש מאין וועדה מסוג אחר אשר תהיה מוגבלת לשקול אך ורק שיקולים בדבר מסוכנותו של המערער עם זאת ראוי להבהיר את הזיקה שבין שיקולים אלה לטענות הכרוכות ב חוק נמ""ב וב אמנה על מנת לנסות וליתר התדיינויות בנושא זה בעתיד פירוט הדברים יובא מיד בסמוך 60 השיקולים שעל וועדת שחרורים מיוחדת לבחון בעת גיבוש החלטה בדבר שחרורו של אסיר קבועים בסעיף 9 ל חוק שחרור על תנאי סעיף 9 לחוק האמור מגדיר תחילה את קבוצות השיקולים הנ""ל באופן הבא ""שיקולי הועדה 9 בבואה להחליט אם ראוי אסיר לשחרור על תנאי תשקול הועדה את הסיכון הצפוי משחרורו של האסיר לשלום הציבור לרבות למשפחתו לנפגע העבירה ולביטחון המדינה את סיכויי שיקומו של האסיר ואת התנהגותו בכלא "" סעיף 10 לחוק שחרור על תנאי מגדיר שיקולים נוספים שהועדה רשאית לשקול ""שיקולים נוספים להחלטת הועדה 10 א במקרים בעלי חומרה ובנסיבות מיוחדות שבהם סברה הועדה כי שחרורו של האסיר על תנאי יפגע במידה חמורה באמון הציבור במערכת המשפט אכיפת החוק ובהרתעת הרבים משנוצר יחס בלתי סביר בין חומרת העבירה נסיבותיה והעונש שנגזר על האסיר לבין תקופת המאסר שיישא האסיר בפועל אם ישוחרר רשאית הועדה להביא בחשבון גם נתונים אלה בהחלטתה נוסף על הנתונים המפורטים בסעיף 9 משקלם של הנתונים לפי סעיף קטן זה בהחלטת הועדה יפחת ככל שיגדל החלק מעונש המאסר שהאסיר כבר נשא ב ועדת שחרורים מיוחדת בבואה להחליט בענין שחרור על תנאי של אסיר עולם תשקול נוסף על שיקולים אחרים האמורים בחוק זה האם חל באסיר שינוי בולט וממשי מבחינת הבנת חומרת מעשיו ומבחינת מוכנותו להשתלב בחברה ולתרום לה "" סעיף 10 ל חוק שחרור על תנאי קיבע למעשה את עמדת הרוב בבג""ץ 89 01 הועד הציבורי נגד עינויים בישראל נ ועדת השחרורים פ""ד נה 2 838 2001 לדיון בשיקולים שעל וועדת שחרורים להביא בחשבון עיינו גם בפסק דיני ב בג""ץ 6067 11 הפרקליט הצבאי הראשי נ הועדה הצבאית לעיון בעונש 02 02 2012 61 השאלה הנשאלת איפוא עתה היא האם שקילת שיקולים נוספים על ידי הועדה מעבר לבחינת מסוכנותו של המערער מהווה משום ""החמרה"" של העונש המקורי שנגזר על המערער בבריטניה בין אם בטיבו ובין אם במשכו במשמעות סעיף 10 ל אמנה ככל שהדברים מוסבים על השיקולים המפורטים בסעיף 9 ל חוק שחרור על תנאי אני סבור כי במרבית המקרים לא יה"
HUGGINGFACE-74078834328b,2026-05-26T07:21:27+03:00,manual_review_sentence_relief,sentence_relief_only,"יים נרגעו הרוחות בין שתי המשפחות הוגשו לנו מכתבים של מוכתרים משני הצדדים המוסרים כי החיים שבו למסלולם והסולחה שנערכה מחזיקה מעמד ומוכיחה את עצמה העתירה שבאה מצידן של שתי המשפחות היא כי יוקל משמעותית בעונשו של המערער לאור האמור התבקשנו לקבל את ערעור של המערער ולהקל באורח ניכר בעונשו ערעור המדינה 12 בהודעת הערעור מטעם המדינה נטען כי מדובר באדם "" שזלזולו בחיי הזולת בוטה ומסוכן ומעשיו חסרי הרסן הביאו לפגיעות בגוף ובנפש "" עוד נטען כי הגם שהמערער נדון לתקופת מאסר שאינה קצרה העונש הכולל שהושת עליו אינו הולם את חומרת מעשיו ואינו נותן מענה להיבט הגמול ולצורך להרחיקו מן הציבור לזמן ממושך נטען בנוסף כי המערער החזיק בשני אירועים נפרדים בנשק בדרכו לעימות ולא היסס להשתמש בו בירי ללא הבחנה לעבר ציבור אנשים בשכונת מגורים כתוצאה ממעשיו של המערער נחבל אדם אחד קשות והאחר מצא את מותו ואך בנס לא נפגעו חפים מפשע נוספים לגישת המדינה אדם הנושא נשק חם ללא רישיון ומעז לירות בו ללא אבחנה בשני אירועים נפרדים ראוי שיורחק מהחברה למשך שנים ארוכות עוד צוין כי הפגיעה הראשונה בנפש לא גרמה למערער להרהור שני והוא חזר על מעשיו גם באירוע שהתרחש יומיים לאחר מכן למערער הרשעות קודמות כאשר ריצוי מאסר קודם והטלת עונש מאסר על תנאי לא הרתיעו אותו וכעבור זמן קצר הוא שב לסורו נטען בנוסף כי תסקיר המבחן שהוגש בעניינו של המערער "" אינו מבשר טובות "" ונסיבותיו האישיות אינן מצדיקות הקלה כלשהי בעונשו אלא החמרה משמעותית בעונש 13 זה המקום לציין כי לקראת הדיון בערעור הוגשו לעיוננו שני תסקירים משלימים בעניינו של המערער בתסקיר מיום 29 9 2013 צוין כי המערער מרצה את עונשו בבית סוהר "" רימונים "" ולאחרונה הוא הועבר לבית סוהר "" אילון "" הוא נמצא ברמת השגחה ב על רקע מצוקה נפשית שהביע והוא נתון במעקב והשגחה צמודים בשלב זה המערער אינו משולב בסבב חופשות בתסקיר נוסף מיום 14 1 2014 נאמר כי המערער החל להשתתף בקבוצה טיפולית של "" שליטה בכעסים "" 14 בדיון שהתקיים בפנינו ציינה עו""ד ג ויה שפירא באת כוח המדינה כי כתב האישום מתאר אירועים "" כמו במערב הפרוע "" בשני אירועים נפרדים ירה המערער בציבור אנשים ממרחק מטרים ספורים כאשר היה ברור לו כי הדבר יוביל לנפגעים בנפש עוד נטען כי המנוח נפגע תוך כדי ניסיון לעצור את השתוללותו של המערער ובמקרה מעין זה ראוי להטיל את העונש המירבי הקבוע בצד העבירה שעניינה גרימת מוות ברשלנות עו""ד שפירא הזכירה את עברו הפלילי של המערער ואת העובדה כי בניגוד לנטען בהודעת הערעור הוא לא ניהל בעבר אורח חיים נורמטיבי עוד צוין כי הפיצוי שהושת על המערער לא שולם עד כה למתלוננים אשר לעונשים שהוטלו על מעורבים אחרים בפרשה נטען כי אין להשוות בין חלקו של המערער לזה של האחרים איש מהם לא ירה לעבר ציבור האנשים ולא גרם לפגיעות בנפש לפיכך התבקשנו לדחות את ערעורו של המערער לקבל את ערעור המדינה ולהחמיר באורח משמעותי בעונשו דיון והכרעה 15 נפתח את דיוננו בערעורו של המערער המערער הורשע בשתי עבירות של חבלה בכוונה מחמירה בשתי עבירות של נשיאת נשק בחבלה במזיד לרכב ובגרימת מוות בהתרשלות כתב האישום שבעובדותיו הודה המערער מתאר התנהלות חמורה וחסרת רסן של המערער בשני אירועים נפרדים בהפרש של יומיים האחד מהשני במסגרת סכסוך בין משפחות אבו גאנם ואבו אלהווא בשני האירועים נטל המערער חלק פעיל תוך שהוא מגלה זלזול בחיי אדם וגורם לפגיעה בתחושת הביטחון של הציבור באירוע הראשון ירה המערער באקדח לכיוונם של בני משפחת אבו אלהווא שהתקהלו במקום פרט למערער ירה אדם נוסף ממשפחת אבו גאנם לעבר בני המשפחה היריבה וכתוצאה מהיריות נפגע אדם שהסתתר מאחורי רכב חונה ונגרמה לו חבלה חמורה באירוע השני הכניס עצמו המערער בכוונת מכוון ללב הסכסוך כאשר הגיע ברכבו למקום בו נמצאו בני משפחת אבו אלהווא כשהוא מצויד באקדח הגם שהושלכו אבנים לעבר רכבו של המערער אין בסיס לטענה כי הוא חש עצמו מאוים ולכן פעל כפי שפעל שכן לא היתה כל מניעה מבחינתו לעזוב את המקום כפי שעשה חברו שנסע ברכב ביחד איתו המערער ירה באנשים שהתקהלו מטווח של כ 10 מטר ופגע באחד מהם כאשר קליע חדר לחלל פיו וגרם לו לנזקים קשים ביותר התנהגותו חסרת האחריות של המערער גרמה לבני משפחתו לנסות ולרסנו ותוך כדי מאבק נורה כדור שפגע בגיסו בעלה של אחותו אכן מדובר באירוע טראגי מבחינתו של המערער אך הוא זה שהביא את הדבר על עצמו בכך שאחז בנשק ללא רישיון ועשה בו שימוש חסר אבחנה לפיכך אין מדובר בתוצאה שהיא גזירת גורל אלא בתוצאה קטלנית שניתן היה לצפותה לו התנהג המערער באורח נורמטיבי יותר בית משפט זה כבר אמר את דברו לא אחת לגבי אלו הנוטלים את החוק לידיהם ומנסים ליישב סכסוכים וויכוחים תוך שימוש בנשק קר או חם נקבע כי יש להלחם בתופעה זו באמצעות ענישה קשה ומחמירה וכדוגמא לכך ניתן להביא את הדברים שנאמרו בע""פ 5753 04 מדינת ישראל נ רייכמן 7 2 2005 ""לאחרונה נתקלים אנו במעשי בריונות שלא ידענו בעבר שאם בעבר יישבו צעירים וגם מי שאינם צעירים חילוקי דיעות שביניהם בסכינים שנעצו בגופו של הזולת תת תרבות הסכין קראנו לתופעה ממאירה זו הנה כיום עלינו או שמא נאמר ירדנו ברמה ובחומרה לא עוד יישוב סיכסוכים בנשק קר אלא יישוב סיכסוכים בנשק חם תופעה נוראה זו פשתה בחברתנו היתה כמחלה ממארת וחובה היא המוטלת עלינו על בית המשפט להעלות תרומתו למלחמה קשה זו מלחמה היא שאסור לעשות בה ויתורים שאם נוותר ונסלח תתגבר התופעה ותלך חברתנו הפכה להיותה חברה אלימה ותרומתו של בית המשפט למלחמה באלימות היא בהטלת עונשים ראויים בבואנו לגזור עונשים על עבריינים כמשיב שלפנינו שומה עלינו לשוות נגד עינינו לא רק את המשיב ואת צורכי שיקומו לא רק את משפחתו הסובלת בשל מעשיו אלא גם את הנפגעים ממעשיו של המשיב ואת הנפגעים ממעשים בכוח שייעשו אם לא נגיב בחומרה על מעשים כמעשה המשיב"" וראו גם ע""פ 6412 10 לוי נ מדינת ישראל 19 7 2011 ע""פ 175 10 חנוכייב נ מדינת ישראל 28 7 2011 ע""פ 8675 09 דיגנקוב נ מדינת ישראל 18 6 2008 ע""פ 3519 04 דנן נ מדינת ישראל 20 9 2004 ע""פ 6395 12 עזריאל נ מדינת ישראל 2 2 2014 16 פרט לעבירות שעניינן חבלה חמורה בכוונה מחמירה שהעונש הקבוע בצידן עומד על 20 שנות מאסר הורשע המערער גם בעבירות בנשק בגין החזקת אקדח שלא ברשות וירי בו בשתי הזדמנויות דבר שכשלעצמו מצדיק ענישה מחמירה ראו למשל ע""פ 8246 05 דערי נ מדינת ישראל 22 2 2007 ע""פ 2373 10 ותד נ מדינת ישראל 14 9 2011 לכך יש להוסיף את עברו הפלילי של המערער שבאמתחתו שתי הרשעות קודמות שבגין אחת מהן הוא ריצה עונש מאסר והושת עליו עונש מאסר על תנאי שלא הרתיעו מביצוע העבירות מושא כתב האישום עוד רואים אנו לציין כי אין כל בסיס להשוואה בין עניינו של המערער לבין עניינם של המעורבים האחרים המערער הוא היחיד שעשה שימוש בנשקו לכיוון ההתקהלות וגרם לפגיעות בנפש כמתואר בכתב האישום כמו כן המעורבים האחרים נטלו חלק באירוע אחד בלבד בעוד שהמערער ביצע את המעשים בשני אירועים נפרדים בהפרש של יומיים לפיכך הטענות בדבר תחולתו של כלל אחידות הענישה לא יושיעו את המערער השוו לע""פ 5195 11 קריניאן נ מדינת ישראל 28 3 2012 רע""פ 5326 12 סיאם נ מדינת ישראל 7 8 2012 ע""פ 3117 12 ארביב נ מדינת ישראל 6 9 2012 סיכומו של דבר איננו רואים מקום לקבלת ערעורו של המערער והוא נדחה בזאת 17 ומכאן לערעורה של המדינה התלבטנו לא מעט בשאלה אם אין מקום להתערב בעונש שנגזר על המערער ולהחמירו וכן להפעיל במצטבר את עונש המאסר המותנה אכן עונשו של המערער נוטה לקולה אך לאחר שבחנו את כלל הנסיבות הגענו למסקנה כי אין מדובר בסטייה מהותית מרמת הענישה הראויה ולפיכך החלטנו לדחות גם את ערעור המדינה נבקש להזכיר לעניין זה כי התערבות במידת העונש תעשה על ידי ערכאת הערעור רק כאשר מדובר בחריגה קיצוני"
HUGGINGFACE-67e3ba002d76,2026-05-26T07:21:27+03:00,manual_review_sentence_relief,sentence_relief_only," 2013 ע""פ 3065 11 מדינת ישראל נ אבו לבדה בפסקות 8 7 וההפניות שם 2 5 2013 הטעם הנוסף הוא חלקו של המערער באירוע נושא האישום השלישי כפי שצוין בכתב האישום חלקו של המערער במעשה זה היה בשלב מקדמי של ביצוע תצפית והוא לא נטל חלק בפיגוע שאירע שבועיים לאחר מכן הגם שאין להקל בחומרה הגלומה במעשיו של המערער וההיגיון העומד בבסיס התכלית ההרתעתית של ענישה בעבירות ביטחון עומד בעינו יש ליתן משקל לחלקו היחסי באירוע זה ולעבירות שבהן הורשע בגינו בצד האמור יש לציין גם את העובדה שהמערער הפסיק את פעילותו החבלנית מספר שנים לפני מעצרו ואת הודאתו בכתב האישום המתוקן בשים לב לכל אלה ובפרט למדיניות הענישה הנוהגת במקרים בעלי מאפיינים דומים הגענו לכלל מסקנה כי יש מקום להקלה מסוימת בעונשו של המערער כמפורט להלן המערער יישא ב 16 שנות מאסר בפועל בגין העבירות נושא האישומים הראשון והשני ו 16 שנות מאסר בפועל בגין העבירות נושא האישום השלישי עונשי המאסר ירוצו חלקם במצטבר האחד לשני וחלקם בחופף כך שסך הכול יישא המערער בעונש של 26 שנות מאסר בפועל החל מיום מעצרו ניתן היום כ""ג באדר א התשע""ד 23 2 2014 ש ו פ ט ש ו פ ט ש ו פ ט _________________________ העותק כפוף לשינויי עריכה וניסוח 12063060_M05 doc יב מרכז מידע טל 077 2703333 אתר אינטרנט www court gov il"
HUGGINGFACE-b6d04c6c9ba5,2026-05-26T07:21:27+03:00,manual_review_sentence_relief,sentence_relief_only,"נתונים על אודות נסיבותיו האישיות של המערער כמו כן לאחר בדיקה קיבלה המשיבה את טענת המערער כי נמנע מלנהוג ברכב מיום שהופקד רישיונו בשנת 2002 בנסיבות החריגות של העניין דנן ובהתחשב גם עם הערותינו במהלך הדיון הודיעה המדינה על הסכמתה לפנים משורת הדין לקבלת הערעור ולביטול החלטת בית המשפט המחוזי ככל שהיא נוגעת לפסילת רישיון הנהיגה 3 ניתן אפוא בזאת פסק דין בהתאם לאמור הסתיימה תקופת פסילת רישיונו של המערער ככל שיבקש לקבל רישיון נהיגה עליו לפנות לרשות הרישוי ולעמוד בתנאים הנדרשים לשם כך על פי הוראות הדין 4 רשמנו לפנינו את עמדתה של המשיבה בעניין בש""פ 9075 12 וכן גם באשר לסוגיית תקנה 557 לתקנות התעבורה והסמכות לדון בהשגות נאשמים על חישובי תקופות פסילת רישיון נהיגה 5 פסק הדין בבש""פ 9075 12 יינתן בנפרד ניתנו היום א באדר א התשע""ד 3 3 2014 המשנה לנשיא ש ו פ ט ש ו פ ט _________________________ העותק כפוף לשינויי עריכה וניסוח 13024710_O04 doc הג עב מרכז מידע טל 077 2703333 אתר אינטרנט www court gov il"
HUGGINGFACE-1134c3043d0b,2026-05-26T07:21:27+03:00,manual_review_sentence_relief,sentence_relief_only,"יט לאזן בין עונשיהם של השניים בהנמקה שהובאה מעלה הגם שיש לנו ספקות אם לא היה מקום להחמיר עם עמר הנה הואיל ולא נטען בהקשר זה החלטנו כי נמשיך בענישה שוה החלטנו בנסיבות להעמיד את עונש המאסר בפועל של שני המערערים על חמש שנים ושישה חודשים המאסר על תנאי יישאר בעינו הערעור מתקבל לפי האמור ניתן היום כ""ב באדר ב התשע""ד 24 3 2014 ש ו פ ט ש ו פ ט ש ו פ ט _________________________ העותק כפוף לשינויי עריכה וניסוח 12092460_T05 doc רח מרכז מידע טל 077 2703333 אתר אינטרנט www court gov il"
HUGGINGFACE-abfcbfdb966c,2026-05-26T07:21:27+03:00,manual_review_sentence_relief,sentence_relief_only,"ר בשם המשיבה עו""ד עדי שגב פסק דין השופט א רובינשטיין א בהמלצתנו ובהסכמה הומרה הרשעת המערערים ברצח ובנסיון לרצח להרשעתם בהריגה וחבלה בכוונה מחמירה על פי חלקיהם בפרשה העגומה ההרשעה בנשיאת נשק והחזקתו שלא כדין ובקשירת פשע לפשע בעינה ב באשר לעונש בדיון קודם הצענו להעמיד את עונשו הכולל של מערער 1 על שלוש עשרה שנות מאסר ושל המערער 2 על 7 5 שנים המערערים קיבלו את ההצעה כמות שהיא והמדינה סברה כי יש להחזיר את הדיון לבית המשפט המחוזי בנסיבות אלה הצענו כי הדיון בשאלת העונש יקוים בפנינו ג בדיון היום בפנינו שמענו טיעונים קצרים לעונש לטעם המדינה מכלול הפרשה מצביע על חומרה הן לגבי מערער 1 והן לגבי מערער"
HUGGINGFACE-4bac4a8655c1,2026-05-26T07:21:27+03:00,manual_review_sentence_relief,sentence_relief_only,"ת הסוהר שירות המבחן התרשם כי אין מדובר באדם שלו מעורבות בפלילים או שערכיו הם אנטי חברתיים וכי הסיכויים לשיקומו הם טובים דיון והכרעה 20 לאחר שמיעת טענות ב""כ הצדדים מזה ומזה ועיון במכלול החומר שבתיק לרבות בפסיקה שאליה הפנו ב""כ הצדדים באתי לכלל מסקנה כי מן הראוי לקבל את הערעור להפחית קמעא מתקופת המאסר וכך אציע לחברי לעשות 21 אין עוררין על כך שהתנהגותו של המערער במהלך האירוע אינה יכולה לבוא בגדר הגנה עצמית עם זאת סבורני בשינוי מסויים מעמדתו של בית המשפט המחוזי כי נסיבותיו המיוחדות של העניין מציבות אותו באזור שאינו רחוק מתחום ההגנה העצמית על כל פנים באופן המצדיק התחשבות של ממש לקולא באותן נסיבות סעיף 34י לחוק העונשין כותרתו ""הגנה עצמית"" וזו לשונו ""לא יישא אדם באחריות פלילית למעשה שהיה דרוש באופן מיידי כדי להדוף תקיפה שלא כדין שנשקפה ממנה סכנה מוחשית של פגיעה בחייו בחירותו בגופו או ברכושו שלו או של זולתו ואולם אין אדם פועל תוך הגנה עצמית מקום שהביא בהתנהגותו הפסולה לתקיפה תוך שהוא צופה מראש את אפשרות התפתחות הדברים"" 22 אלו הם יסודות ההגנה העצמית ראו עניין אלטגאוז לעיל פסקה 13 לפסק דינה של השופטת ע ארבל ראשית קיומה של תקיפה שלא כדין שנית קיומה של ""סכנה מוחשית"" לפגיעה ""בחייו בחירותו בגופו או ברכושו שלו או של זולתו "" שלישית מילוי תנאי המיידיות דהיינו "" על ההגנה להתבצע רק מרגע שהמעשה דרוש באופן מידי על מנת להדוף את התקיפה ועליה להיפסק מרגע שלא נדרש עוד מעשה התגוננות על מנת להדוף את התקיפה"" עניין אלטגאוז שם רביעית שהנאשם לא נכנס לאירוע בהתנהגות פסולה חמישית קיומה של נחיצות כלומר ""נדרש שלא ניתן היה להדוף את התקיפה בדרך אחרת פוגענית פחות בתוקף"" שם ששית נדרשת פרופורציה ""יחס ראוי בין הנזק הצפוי מפעולת המגן לנזק הצפוי מן התקיפה"" שם 23 כאמור אין מחלוקת על כך שמעשיו של המערער אינם ממלאים אחר יסודות ההגנה העצמית בעיקר בשל אי קיומה של דרישת הנחיצות אינני בטוח שלאחר חטיפת האקדח יכול היה המערער להסתפק בבריחה מהמקום וזאת לנוכח התנועה שעשה לעברו המנוח אשר יתכן שנועדה לתפוס את האקדח בחזרה ספק גם בנסיבות המקום והזמן אם יכל להלום בראשו של המנוח עם זאת קרוב לוודאי כי די היה בירייה בודדת לעבר פלג הגוף התחתון כדי לנטרל את הסכנה שנשקפה מהמנוח המערער אשר ירה במנוח ארבע יריות כולן לעבר פלג גופו העליון הפעיל כוח מופרז בחריגה מהנדרש וכפי שנקבע אינו יכול לחסות תחת ההגנה האמורה 24 עם זאת שוכנעתי כי הסיטואציה אליה נקלע המערער בגדרה שלף המנוח בהפתעה אקדח לעברו כששניהם נמצאים בחדר קטן מאוד יצרה לחץ ובהלה אצל המערער ואלה הובילו לתגובתו הקיצונית בנסיבות אלה ""בשים לב למצב האילוץ הקשה שבו נתון העושה אין מנוס מן המסקנה שחריגה מתנאי ההגנה הפרטית הנובעת מפחד בלבול וכיו""ב כשמטרתו של העושה היא להתגונן או להגן אינה משקפת אשמה גדולה "" בועז סנג רו הגנה עצמית במשפט הפלילי 341 2000 להלן סנג רו 25 אדם שאינו עומד בתנאי ההגנה העצמית אך חלקם מתקיים הריהו ראוי על כל פנים להתחשבות בנסיבות המיוחדות שהובילו למעשיו ""בדרך של הקלה בעונש או אפילו פטור מלא לפי המקרה תוך מתן משקל מירבי והולם למידת אשמתו המעטה"" סנג רו לעיל בעמוד 341 כך נקבע בסעיף 40ט א 9 לחוק העונשין כי בעת קביעת מתחם הענישה על בית המשפט להביא בין שיקוליו את ""הקרבה לסייג לאחריות פלילית כאמור בסימן ב לפרק ה 1"" 26 בחקירתו במשטרה חזר המערער שוב ושוב על תיאור האירוע כשרשרת מעשים רצופה קצרה ומהירה מאוד ""איך שהוציא העפתי אותו והוא חזר אלי בחזרה אני בינתיים ככה ו וזה יריתי בום בום אתה מבין בום בום בום"" נ 2 א עמוד 20 ""הוא נזרק ישר וכבר השתחרר לי עוד אתה מבין אחד אחרי השני ככה לא שאני מכוון לא לא דרכתי לא כלום לא דרכתי לא שום דבר איך שעשיתי ככה נפלט"" נ 2 א עמוד 12 ""אז היה נשק חטפתי לו אותו ודחפתי אותו ומשכתי אותו והוא חזר אלי על מנת לתפוס אותי ו ו ו ו זה הכל זה ואז שחררתי השתחרר יריתי איזה שתיים שלוש כדורים וברחתי"" נ 2 א עמוד 41 המערער זכר שאחד הכדורים פגע במותן ימין אך במהלך החקירה כולה לא ידע לומר היכן פגעו היריות האחרות נ 2 א עמודים 12 42 41 המשך הירי לאחר הירייה הראשונה נעשה אפוא במהירות מתוך לחץ בהלה ופזיזות 27 כעולה מחקירתו במשטרה המערער לא שיער את שליפת האקדח על ידי המנוח בהסתמך על היכרותם רבת השנים ""בדרך כלל שגם היה בינינו ויכוח הייתי מרכך אותו יענו היינו מדברים אף פעם לא היה הגיע מצב כזה"" נ 2 א עמודים 16 15 הגעתו בידיים ריקות לביתו של המנוח היא ראיה טובה לכך שהאמין כי יצליח לרכך את ליבו של המנוח לגרום לו לוותר על דרישת הכסף ולא שיער את גודל הסכנה שנשקפה ממנו 28 שליפת האקדח לאחר הסירוב לדרישתו הכספית של המנוח יצרה אצל המערער את התחושה כי בשונה מהבאת הדוקרן בעת הדרישה הקודמת עתה לא מדובר עוד בלחץ כלכלי אלא בחיסול חשבונות הדברים שאמר המנוח לבנשימול לפיהם "" אם הוא לא יביא לי עוד חמש אלף דולר תוך יום יומיים אני רוצח אותו"" אמנם לא היו ידועים למערער בזמן אמת אך יש בהם כדי ללמד על ממשות האיום וסבירות תחושותיו של המערער כך גם עדויותיהם של חברי הקהילה הישראלית בפנמה המלמדות על אופיו האלים והבריוני של המנוח ומחזקות את תחושת האימה שאחזה במערער בנסיבות אלה ""הדרך להבין את התנהגותו של המערער באירוע היא בפרספקטיבה של הלחץ המצוקה והפחד בהם היה שרוי"" עניין אלטגאוז לעיל בפסקה 60 29 מנגד כמובן התוצאה הקשה קשה מכל של מעשי המערער חיי אדם קופחו ואסון הומט על בני משפחתו של המנוח מתחייב גמול הולם גם יש צורך בהרתעה מפני שימוש יתר בכוח גם במצבי איום מעשיו של המערער לאחר האירוע חמורים ביותר החומרה היתרה מתבטאת בראש ובראשונה בהשארת המנוח מתבוסס בדמו תוך הימנעות מלהזעיק עזרה רפואית שאותה יכול היה המערער להשיג גם בשיחה אנונימית לכך מצטרפת התנהגותו העבריינית של המערער לאחר האירוע אשר נמלט מהמקום לבית חברו והורה לו להיפטר מהבגדים שלבש ומהנשק 30 לאחר שקילת מכלול הנסיבות לחומרה ולקולא אלו שנמנו בגזר הדין של בית המשפט המחוזי ואלו שנוספו עליהם כאמור לעיל דומני כי עלינו להתערב בגזר הדין על מנת ליתן משקל ראוי לאיום וללחץ שבהם היה המערער נתון כפי שטען ב""כ המערער אין זה מקרה ""קלאסי"" של ""תת תרבות הסכין"" אין מדובר בסכסוך כספי שהסלים לאלימות ונגמר ברצח אלא באיום ממשי וקונקרטי מצדו של המנוח על חייו של המערער איום שגרם לתגובה אמנם קיצונית וחמורה מצד המערער בהתחשב במכלול הנסיבות והשיקולים סבורני כי מתחם הענישה הראוי נע בין 6 ל 9 שנות מאסר בחינת הנסיבות שאינן קשורות לעבירה מעלה כי קיימים שיקולים לקולא בכללם הבעת חרטה כנה לקיחת אחריות תשלום הפיצוי עבר נקי ועוד כמפורט לעיל ובתסקיר 31 אשר על כן אציע לחברי לקבל את הערעור ולהפחית במידה מסויימת מתקופת המאסר באופן שבמקום 10 שנות מאסר ירצה המערער 7 וחצי שנות מאסר שאר רכיבי גזר הדין יעמדו בעינם ש ו פ ט השופט ס ג ובראן אני מסכים ש ו פ ט השופט ח מלצר אני מסכים ש ו פ ט הוחלט כאמור בפסק דינו של השופט נעם סולברג ניתן היום י""ב בסיון התשע""ד 10 6 2014 ש ו פ ט ש ו פ ט ש ו פ ט _________________________ העותק כפוף לשינויי עריכה וניסוח 12090620_O02 doc עב מרכז מידע טל 077 2703333 אתר אינטרנט www court gov il"
HUGGINGFACE-a2810eeb4c19,2026-05-26T07:21:27+03:00,manual_review_no_defendant_relief,none,"ערכה בה הייתה כי רמת המסוכנות המינית הנשקפת מהמערער הינה בינונית עד נמוכה וכי ""מסוכנותו המינית מתבטאת בעיקר בסיטואציה בה יתאפשר לו תמרון ומרמה כלפי קרבן זמינה וחלשה ממנו"" 20 סוף דבר ההוצאות שהוטלו על המערער בהחלטת בית המשפט קמא מיום 10 11 2013 מבוטלות פרט לכך הערעור על כל חלקיו נדחה המשנה לנשיא השופט א רובינשטיין אני מסכים ש ו פ ט השופט א שהם אני מסכים ש ו פ ט הוחלט כאמור בפסק דינה של המשנה לנשיא מ נאור ניתנה היום כ""ז בסיון התשע""ד 25 6 2014 המשנה לנשיא ש ו פ ט ש ו פ ט _________________________ העותק כפוף לשינויי עריכה וניסוח 14010500_C11 doc עע מרכז מידע טל 077 2703333 אתר אינטרנט www court gov i"
HUGGINGFACE-0e8d99b1d932,2026-05-26T07:21:27+03:00,manual_review_sentence_relief,sentence_relief_only,"שמהתסקיר שהונח לפני בית המשפט קמא עולה שהוא נטל אחריות הביע צער כאב וחרטה שנשמעו כנים עוד צויין כי במהלך תקופת מאסרו עד כה הוא שולב בקבוצות טיפוליות ונתרם מהן ומעוניין להעמיק את השתלבותו בהליך שיקומי טיפולי 8 לאחר ששקלנו בכובד ראש את טיעוני הצדדים מצאנו לנכון לקבל את הערעור ולהקל בעונשו של המערער זאת לאחר שהבאנו בחשבון את מדיניות הענישה המקובלת בבית משפט זה אין חולק כי מעשיו של המערער קשים וחמורים וכי הסבל שהמיט על משפחת המנוח ועל המתלוננים ניכר יחד עם זאת לא ניתן להתעלם מכך שעובדות כתב האישום המתוקן מלמדות על כך שהאירוע במסגרתו דקר המערער את המנוח ואת המתלוננים הינו חלק מסכסוך ממושך בין שתי משפחות וכי הוא התרחש בחצר בית הוריו של המערער אליה נכנסו השלושה בעקבות מפגש קודם עם המערער באותו יום במסגרתו קילל אותם לא ניתן להתעלם אף מכך שבמהלך האירוע נפצע גם המערער 9 אנו מורים בזאת כי המערער ירצה עונש מאסר בן 16 שנים בפועל בניכוי ימי מעצרו תחת עונש המאסר שהושת עליו על ידי בית המשפט קמא שאר רכיבי העונש יעמדו בעינם ניתן היום י""ט בתמוז תשע""ד 17 7 2014 ש ו פ ט ש ו פ ט ש ו פ ט העותק כפוף לשינויי עריכה וניסוח 13019100_W01 doc הג מרכז מידע טל 077 2703333 אתר אינטרנט www court gov il"
HUGGINGFACE-80dbc8f86c5a,2026-05-26T07:21:27+03:00,manual_review_sentence_relief,sentence_relief_only,"08 סעדיה בינייב נ מדינת ישראל פסקה 5 29 6 2009 עניין ברזובסקי פסקה 16 עניין מרדכי בעמ 252 בפרט כאשר המערער היה כאמור שותף מלא למעשים שקדמו לדקירתה של כ ולאלו שבוצעו במקביל לה ולאחריה וכשבנסיבות העניין יש ב עוצמת היסוד הנפשי שהתקיים במערער הנלמדת מהתנהלותו כדי להפחית ממידת המעורבות הפיסית במעשים הנדרשת לצורך הרשעתו לעניין זה ראו למשל עניין הורוביץ פסקה 51 והאסמכתאות הנזכרות שם בנסיבות אלה בהיעדר ראיה לכך שהמערער ניסה למנוע מכיפאח מלדקור את כ השוו עניין פלוני פסקה 17 ראו רבין וואקי בעמ 596 יש לראותו כשותף מלא וכמבצע בצוותא לעשייה עבריינית זו ולהתפתחותה ראו ע""פ 7637 05 יוסף נ מדינת ישראל פסקה ז 3 5 7 2007 קרמניצר בעמ 74 73 17 יש לדחות אף את טענת המערער כי היו אלה דווקא הדקירות המאוחרות שדקר כיפאח את כ להבדיל מהדקירות הראשונות שביצע כיפאח קודם ששמע את אנחתה שהביאו למותה ראשית טענה זו הועלתה לראשונה לפנינו ועל כן יש לבחון אותה על פי אמות המידה שהותוו בע""פ 3372 11 קצב נ מדינת ישראל 10 11 2011 לפיהן קו הגנה חלופי ייבחן רק ככל ש""הדבר יהיה מעוגן בחומר הראיות"" שם פסקאות 177 163 לפיכך משטענה זו נטענה בעלמא ללא כל ביסוס עובדתי כאשר אין כל הוכחה איזו מהדקירות שספגה כ הביאה למותה דינה להידחות ולו מטעם זה שנית בנסיבות העניין אין כל ממש בטענת המערער כי אותן דקירות מאוחרות בשונה מהדקירות הראשונות הינן פעולות ספונטאניות שלא היה בכוחו לצפות נהפוך הוא בסיטואציה שיצרו כיפאח והמערער כאשר השניים דקרו את כ ואת ק באמצעות סכינים בהם הצטיידו מראש במהלך מסכת אלימות מתמשכת שבוצעה בכוונה תחילה ועל פי תכנון מוקדם מהלכם הטבעי של דברים הוא שבמידה ויגלו התוקפים כי אחת הקורבנות שרדה את הדקירות הראשונות שסבלה ישוב מי מהם בכדי להשלים את המעשה ולהביא למותה בהקשר זה יש להוסיף ולהעיר כי לצורך הרשעתו של הגורם למותו של אחר די כי הלה צפה את תהליך הגרימה בקווים כלליים ובלבד שאין מדובר בתהליך קיצוני וחריג ביותר ראו ע""פ 3158 00 מגידיש נ מדינת ישראל פ""ד נד 5 80 93 2000 ע""פ 9723 03 מדינת ישראל נ בלזר פ""ד נט 2 408 424 423 2004 יובל לוי ואליעזר לדרמן עיקרים באחריות פלילית 334 333 1981 לפיכך שעה שבמקרה דנן מותה של כ היה תוצאתם הטבעית של מעשיהם האכזריים של המערער ושל כיפאח ממילא אין חשיבות לשאלה איזו מן הדקירות הביאה למותה לאור האמור משנדחו טענות המערער והוכחו יסודות העבירה יש להותיר את הרשעת המערער בעבירת הרצח מכוחו של סעיף 300 א 2 לחוק על כנה הערעור כנגד גזר הדין 18 כאמור הערעור מופנה הן כנגד החלטת בית המשפט המחוזי כי העונשים אשר נגזרו על המערער ירוצו במצטבר והן כנגד חומרת העונש אשר הושת עליו בגין ניסיון הרצח והעבירות הנוספות בהן הורשע לצד עבירת הרצח בכוונה תחילה אבהיר כבר עתה דעתי היא שדין טענותיו של המערער להידחות כפי שאפרט להלן 19 באש ר להטלת עונשים לריצוי במצטבר על המערער נקודת המוצא לעניין ריצוי עונשים במצטבר מצויה בסעיף 45 א לחוק אשר אמנם בוטל במסגרת חוק העונשין תיקון מס 113 התשע""ב 2012 ס""ח 102 אך עמד בתוקפו בעת הגשת כתב האישום נגד המערער ובעת שניתן גזר דינו על פי פרשנותו של בית משפט זה להוראת סעיף 45 א לחוק כלל הוא כי במקום בו נגזרו על נאשם מספר עונשי מאסר בעבירות שונות באותו תיק ירוצו אלו בחופף אלא אם בית המשפט שגזר את דינו קבע אחרת באופן המהווה חריג לכלל אודות הכלל והרציונאלים שבבסיסו ראו למשל את פסק דיני ב ע""פ 5385 13 פלוני נ מדינת ישראל פסקאות 45 44 4 12 2013 עוד באשר להטלת עונשים מצטברים בגין מעשים שונים ראו רות קנאי ""הנחיות לקביעת גזר הדין בפסיקת בית המשפט העליון"" משפטים כד 97 128 125 1994 יסודו של החריג באינטרס החברתי שבמיצוי דינו של מי שהורשע במספר עבירות חמורות שנעברו בנסיבות קשות ובהכרה במקומם של שיקולי הגמול המניעה וההרתעה במקרים שעניינם בעבירות חמורות הפוגעות בערכים חברתיים חשובים ובראשן עבירות רצח הפוגעות בערך חיי האדם ראו למשל ע""פ 6535 01 קוזירוב נ מדינת ישראל פ""ד נז 3 562 571 568 2003 להלן עניין קוזירוב עניין ברזובסקי פסקאות 22 21 הובהר לא אחת כי לערכאה הדיונית שמור שיקול דעת רחב לסטות מברירת המחדל שלעיל בהתקיים שיקולים התומכים בהטלת עונשים במצטבר בנסיבות המקרה וביניהם משקלם של שיקולי גמול והרתעה בנסיבות המקרה עבירות שבוצעו בנסיבות קשות או שבוצעו בברוטליות עבירות שהינן מובחנות ועצמאיות זו מזו וכן האינטרס העצמאי של כל אחד מן הקורבנות לשלמות גופו ונפשו ראו למשל עניין קוזירוב בעמ 571 569 ע""פ 399 89 מדינת ישראל נ זלום פ""ד מו 2 187 193 192 1992 יפים לעניין זה דברי השופטת ד דורנר ב ע""פ 1742 91 פופר נ מדינת ישראל פ""ד נא 5 289 1997 כי "" כאשר מדובר במעשי אלימות קיים לכל אחד מן הנפגעים אינטרס עצמאי לשלמות גופו הפגיעה בשלמות גופו של אחד אינה מהווה פגיעה בשלמות גופו של אחר גם אם מבחינה טכנית מדובר ברצף אחד של מעשים שגרם לקורבנות מספר יש להתייחס לכך כאל מעשי פגיעה נפרדים"" שם בעמ 303 בענייננו המערער ביצע בצוותא עם אחר מעשה רצח ברוטלי ואכזרי בכוונה תחילה ובסמוך ובמקביל לו ביצע בצוותא עם אותו אחר ניסיון רצח נוסף ברוטלי ואכזרי לא פחות בו לא התממשה כוונתו הקטלנית בדרך נס ורק בשל תושייתה של הקורבן עבירות אלה אשר בוצעו בקור רוח ותוך גרימת סבל ואימה מתמשכים לקורבנות כעולה מהודעותיה ומעדותה של ק הינן עבירות עצמאיות אף שבוצעו בסמוך והן מובחנות זו מזו ואף מיתר העבירות בהן הורשע המערער באופן המצדיק הרתעה מיוחדת בנסיבות אלה אינני מוצא לנכון להתערב בהחלטת בית המשפט המחוזי לתת ביטוי לחומרת מעשי המערער בהשתת עונשים מצטברים השוו ע""פ 35 89 לוגסי נ מדינת ישראל פ""ד מו 1 235 256 1991 עניין קוזירוב בעמ 575 573 20 באשר לחומרת העונש שהושת על המערער בגין העבירות הנוספות כידוע ערכאת הערעור לא תיטה להתערב במידת העונש שקבעה הערכאה הדיונית אלא במקרים של חריגה קיצונית מרף הענישה המקובל במקרים דומים ראו ע""פ 588 13 פלוני נ מדינת ישראל פסקה 11 27 8 2013 ע""פ 3091 08 טרייגר נ מדינת ישראל פסקה 11 לפסק הדין 29 1 2009 אשר המקרה דנן איננו נופל לגדרם לאור האמור בשים לב לכך שהמערער אינו לוקח אחריות מלאה על מעשיו ובהתחשב בחומרת נסיבות ביצוע ניסיון הרצח של ק והשלכותיו הקשות עליה במשקלם של שיקול ההרתעה ושיקול הגמול בנסיבות העניין ובשורה הארוכה של העבירות החמורות הנוספות בהן הורשע וביניהן סחר בנשק חם כניסה והתפרצות למקום מגורים גניבה נשיאה והובלת כלי נשק סבורני כי גזר דינו של בית המשפט המחוזי אינו חורג ובוודאי שלא באופן קיצוני ממדיניות הענישה המקובלת הגם שמלאכת גזירת הדין אינה עניין שבאריתמטיקה וכל מקרה ניבחן על פי נסיבותיו הפרטניות הרי שממספר פסקי דין של בית משפט זה עולה כי העונשים שהושתו על מי שהורשעו במקרי דקירה במסגרת ניסיון לרצח הגורמת לפציעת אדם אשר נסיבותיהם קלות לאין שיעור מנסיבות המקרה דנן וכאשר לא נלווית לדקירה הרשעה בעבירות חמורות נוספות נעו בין 10 ל 18 שנות מאסר ראו למשל ע "" פ 2125 92 עודה נ מדינת ישראל 23 3 1995 ע""פ 2965 06 אבו חאמד נ מדינת ישרא ל 19 9 2007 והאסמכתאות הנזכרות שם ע""פ 1844 12 עואדה נ מדינת ישראל 30 4 2013 אשר על כן נחה דעתי כי אין מקום להתערבותו של בית משפט זה בעונש שהושת על המערער על ידי הערכאה הדיונית סוף דבר כאמור לעיל לטעמי יש לדחות את הערעור הן על הכרעת הדין והן על גזר הדין וכך אמליץ לחבריי לעשות ש ו פ ט השופט צ זילברטל אני מסכים ש ו פ ט השופט נ הנדל אני מסכים עם פסק דינו של חברי השופט י דנציגר על מנת להפנות זרקור למצב המשפטי היום אחרי תיקון 113 שלא חל על המקרה אוסיף את הנקודה הבאה לא רק שסעיף 45א לחוק העונשין בוטל במסגרת התיקון האמור אלא אף הוחלף בסעיף 40יג השוני הוא כי היום אין יותר ברירת מחדל כאשר השופט לא מציין את מידת החפיפה או הצטברות העונשים שגזר בגין עבירות שונות אלא השופט מחויב לנקוט עמדה בשאלת היחס בין שני עונשים שהטיל בגזר דין אחד בגין עבירות המהוות כמה אירועים ש ו פ ט הוחלט כאמור בפסק דינו של השופט י דנציגר ניתן היום ח באב תשע""ד 4 8 2014 ש ו פ ט ש ו פ ט ש ו פ ט _________________________ העותק כפוף לשינויי עריכה וניסוח 12025440_W08 doc חכ מרכז מידע טל 077 2703333 אתר אינטרנט www court gov il"
HUGGINGFACE-d3f14668c081,2026-05-26T07:21:27+03:00,manual_review_sentence_relief,sentence_relief_only,"לנסיבות חייו ולעובדה כי חרף הקשיים האובייקטיביים שעמדו בדרכו המערער לא הסתבך בפלילים ושירת שירות צבאי מלא כלוחם עוד צויין כי נסיבותיו המשפחתיות של המערער מהוות גם הן שיקול לקולה וכי שירות המבחן הביע עמדה חיובית לגבי שיקומו של המערער נסיבות אלה כך נטען מצדיקות הקלה משמעותית בעונשו של המערער 8 בדיון שנערך בפנינו ביום 21 7 2014 טענה באת כוח המערער עו""ד סימי פלג כי אין מחלוקת לגבי קיומו של היסוד העובדתי בביצוע העבירה עם זאת נטען על ידי עו""ד פלג כי קיימת אפשרות לסתור את ""חזקת הכוונה"" לאור התנהגותו של המערער ופנייתו למשטרה טרם האירוע עוד נטען כי כתב האישום המתוקן איננו מתאר את הדברים כהווייתם ולמעשה המערער נשדד על ידי המתלונן ניסה להשיב לעצמו את כספו וירה במתלונן רק לאחר שהלה שלף לעברו סכין לעניין העונש טענה באת כוח המערער כי נסיבותיו האישיות של המערער מצדיקות להשית עליו עונש המצוי ברף התחתון של מתחם הענישה ואולי אף לסטות ממנו לקולה עוד נטען כי על פי תסקיר שירות המבחן העדכני המערער מצר על הפגיעה במתלונן ומגלה אמפתיה כלפיו גם התנהגותו של המערער בכלא היא ללא דופי והוא צפוי להשתלב בקבוצה טיפולית נטען בנוסף כי על פי הערכת המסוכנות הסיכון להישנות התנהגות אלימה מצד המערער הוא נמוך 9 בשם שירות המבחן הופיעה הגב ברכה וייס ולדבריה המערער הבין את החומרה הטמונה במעשה שביצע ואת תוצאותיו הקשות המערער תואר כאסיר חיובי מאד המגלה הבנה בדבר הצורך בהשתתפותו בהליך טיפולי 10 בא כוח המשיבה עו""ד ארז בן ארויה הדגיש כי הבקשה לחזרה מהודאה הוגשה לבית המשפט המחוזי ערב המועד שנקבע למתן גזר הדין לטענתו יש בכך כדי ללמד על המניע להגשת הבקשה אשר הינו חששו של המערער מן העונש הצפוי לו כאשר ברקע הדברים עומדים גם חילופי הסנגורים אשר ייצגו את המערער עו""ד בן ארויה ציין כי בית המשפט המחוזי דאג לוודא פעם נוספת את תוקף ההודאה לאחר שהתקבל תסקיר שירות המבחן כמו כן נטען כי קיים קושי בכך שהמערער טוען שהוא לא הבין את משמעות ההודאה אך אינו טוען בד בבד לקיומו של כשל בייצוג הודגש כי תוצאת האירוע היתה עלולה להיות קשה בהרבה לאחר שהמערער ירה במתלונן 15 כדורים מטווח קרוב אשר לטענתו העובדתית של המערער לפיה המתלונן החזיק בידו סכין בעת שנורה השיב בא כוח המשיבה כי המקור היחיד לטענה זו הוא מפיו של המערער ולא נמצאו לכך תימוכין לשיטתה של המשיבה בית משפט קמא נתן את דעתו למכלול השיקולים והעונש שהושת על המערער הוא הולם וראוי וניכרת בו התחשבות רבה בנסיבות המקלות דיון והכרעה 11 כאמור הערעור שלפנינו מכוון נגד ההחלטה שלא לאפשר למערער לחזור בו מהודאתו בכתב האישום המתוקן ולחלופין משיג המערער על גזר דינו של בית משפט קמא האפשרות הנתונה לנאשם לחזור בו מהודאתו מותנית בקבלת רשות מבית המשפט וזו תינתן רק ""מנימוקים מיוחדים שיירשמו"" סעיף 153 א לחסד""פ כפי שנקבע ""בית המשפט ייעתר לבקשה כזו רק במקרים נדירים בהם קיים חשש ממשי כי ההודאה לא נעשתה מתוך הבנה ורצון אמיתי"" ע""פ 1050 14 כהן נ מדינת ישראל בפסקה 17 25 6 2014 על מנת להבחין בין בקשה הנובעת מרצונו הכן של הנאשם להוכיח את חפותו לבין בקשה אשר כל מטרתה היא להשיג יתרון "" משפטי טקטי "" ניתן להיעזר גם בבחינת העיתוי בו הוגשה הבקשה לחזרה מהודאה ככל שהבקשה מוגשת בשלב מאוחר יותר הדבר עשוי להעיב על כנותה ולהגביר את החשש כי "" מדובר במהלך שנועד לגרוף תועלת דיונית ומהווה שימוש לרעה בזכויותיו של הנאשם "" שם 12 בענייננו הבקשה לחזרה מהודאה הוגשה ערב מתן גזר הדין מדובר אמנם בבקשה שהוגשה לפני שניתן גזר הדין אך מדובר בעיתוי המעורר סימני שאלה ומחזק את ההערכה כי המניע להגשת הבקשה קשור בטבורו לגזר הדין הצפוי יותר מאשר לשאלת חפותו של המערער לפיכך מבחינת המועד בו הוגשה הבקשה הרף שניצב בפני המערער איננו נמוך כלל ועיקר 13 לגופו של עניין ראוי להזכיר כי בדיון שנערך ביום 7 1 2013 המערער בעצמו אישר את הסדר הטיעון לאחר מכן בא כוחו של המערער דאז הקריא לו את כתב האישום המתוקן ולאחר שווידא כי המערער מבין את המיוחס לו הודה המערער בעובדות כתב האישום המתוקן מאוחר יותר במסגרת התסקיר מסר המערער לשירות המבחן גרסה שונה לפיה בבואו לביתו של המתלונן הוא לא תכנן לפגוע בו ורק לאחר שאויים באמצעות סכין הוא הגיב בצורה נמהרת וירה במתלונן יריה אחת בפתח הישיבה שנועדה לשמיעת טיעוני הצדדים לעונש ביום 18 3 2013 הוצג הפער בין גרסה זו של המערער לבין הודאתו בכתב האישום המתוקן בשלב זה הבהיר בא כוחו של המערער דאז עו""ד ניר אלפסה כי ""לאחר שיחה עם הנאשם המערער ובשים לב לפסקה הרלוונטית לתסקיר שירות המבחן הנאשם המערער לא מבקש לחזור בו מהודייתו בפני בית המשפט והוא עומד מאחוריה באופן מלא ומבקש להמשיך את ההליך כפי שהוא"" עולה מן האמור כי בית משפט קמא בחן היטב את כנות ההודאה וכאשר התעורר ספק באשר לגרסתו של המערער דאג בית המשפט להסירו בכך שהמערער הבהיר כי הוא איננו חוזר בו מהודאתו 14 בערעור נטען כי המערער הודה בכתב האישום מבלי להבין כי בכך הוא מודה גם בכוונתו להביא למותו של המתלונן אין בידינו לקבל טענה זו כוונת הקטילה איננה נחבאת בין עובדות כתב האישום או ניתנת להיסק רק מתוך ניתוח משפטי של יסודות העבירה בכתב האישום נאמר במפורש כי ""בעקבות העימות גמלה בליבו של הנאשם החלטה לגרום למותו של סמי"" כי הירי נעשה ""מתוך כוונה לגרום למותו"" וכי ""במעשיו המתוארים ניסה הנאשם שלא כדין לגרום למותו של סמי"" כאמור המערער הודה בעובדות כתב האישום וחזר והודה בכך באמצעות בא כוחו בפתח הטיעונים לעונש בנסיבות אלה אין בידינו לקבל את הטענה לפיה המערער לא התכוון להודות בכך שהיה בכוונתו להמית את המתלונן נזכיר כי המערער היה מיוצג לאורך ההליך כולו והבהיר כי הוא איננו טוען ל ""כשל בייצוג"" כך שאין מקום להניח כי מדובר באי הבנה כלשהי בין המערער לבין סנגורו 15 בדומה יש לדחות את טענתו של המערער כי ההודאה ניתנה מתוך לחץ נפשי שנבע מעובדת מעצרו של המערער לראשונה בחייו מובן כי אין בכוחה של טענה זו לעורר ספק כלשהו בכך שההודאה ניתנה מתוך רצון חופשי טענה מעין זו גם איננה מתיישבת עם הנחת היסוד לפיה ""יש להתייחס להודאת נאשם בתוך כותלי בית המשפט ברצינות הראויה"" ע""פ 3227 10 פלוני נ מדינת ישראל בפסקה 4 24 1 2011 כבר נאמר בהקשר זה כי ""הנאשם אינו בגדר סוחר בשוק המשפט הפלילי הוא אינו רשאי לשמור את כל הקלפים באמתחתו ואינו בן חורין לעבור מהודאה לכפירה בכל עת אשר יחפוץ"" שם וראו גם ע""פ 6028 13 פלוני נ מדינת ישראל בפסקה 11 20 3 2014 16 על מנת לבחון את המניע לבקשתו של המערער לחזור בו מן ההודאה נתייחס גם לקו ההגנה הנוכחי שהוא מציג ראו בהקשר זה יעקב קדמי סדר הדין בפלילי חלק שני 1377 התשס""ט 2009 לכל אורך הדרך לא נתגלעה מחלוקת אמיתית לגבי העובדה שהמערער ירה לכיוונו של המתלונן 15 כדורי אקדח גם בבקשה לחזרה מההודאה לא חלק המערער על כך וגם במסגרת הדיון בערעור הבהירה באת כוחו הנוכחית של המערער כי ""אין מחלוקת לגבי היסוד העובדתי"" עיקר טענותיו של המערער מתמצה אפוא בשאלה האם היה בכוונתו להמית את המתלונן או לגרום לו חבלה חמורה בלבד כפי שציין בית המשפט המחוזי ""אין מדובר בנאשם הטוען לחפות מוחלטת כי אם במי שמבקש שכעת תבורר גרסה אחרת הנוגעת אך ורק ליסוד הנפשי"" עובדה זו מציפה קושי נוסף הניצב בדרכו של המערער בהיעדר מחלוקת על כך שהמערער ירה במתלונן 15 כדורים מטווח קצר ופצע אותו פצעים קשים לרבות בפלג גופו העליון הננו מתקשים לראות כיצד יעלה בידו של המערער ""להוכיח את חפותו"" ו זאת בשים לב ל ""חזקת הכוונה"" שלפיה חזקה כי אדם מתכוון לתוצאות הטבעיות של מעשיו ע""פ 6414 11 חמיד נ מדינת ישראל בפסקה 15 23 12 2013 ע""פ 690 10 אבו תיאה נ מדינת ישראל בפסקה 17 6 8 2013 ע""פ 6908 10 דוד נ מדינת ישראל בפסקה 19 2 1 2013 להלן עניין דוד 17 בית משפט קמא דחה את בקשתו של המערער לחזרה מהודאה בקובעו כי לא הוצגו ""נימוקים מיוחדים"" התומכים בכך עוד נקבע כי אין מדובר בבקשה המבוססת על רצון כן להוכיח חפות אלא בניסיון ""להחזיר את הגלגל לאחור"" דברים אלה מקובלים עלינו ואיננו רואים כל עילה להתערבות בהחלטה זו הערעור על גזר הדין 18 אשר לערעור על גזר הדין נפתח בהלכה המושרשת לפיה אין זה מדרכה של ערכאת הערעור להתערב במידת העונש אלא אם מדובר בחריגה קיצונית ממדיניות הענישה במקרים דומים או כאשר נפלה בגזר הדין טעות מהותית ע""פ 3571 13 פלוני נ מדינת ישראל 21 7 2014 ע""פ 9074 12 מדינת ישראל נ אבו אחמד 13 6 2013 ע""פ 4568 12 מדינת ישראל נ סראחין 11 6 2013 העבירה שעניינה ניסיון לרצח היא מן החמורות שבספר החוקים כאשר הערך המוגן בעבירה זו הינו הערך העליון של קדושת חיי אדם היסוד הנפשי והפוטנציאל לקיפוד חייו של אדם הגלום בעבירה של ניסיון לרצח ממחישים היטב את חומרתה של העבירה ראו ע""פ 5797 11 צסן נ מדינת ישראל 5 8 2012 אשר על כן מדיניות הענישה בעבירה זו מחייבת גישה מחמירה באופן ההולם את חומרת הפגיעה בזולת ואת מעמדו של הערך המוגן שיקולים של גמול והרתעה מקבלים את משקל הבכורה ומחייבים להשית על מי שהורש ע בניסיון לרצח עונש מאסר לתקופה ממושכת הנמדדת בשנים ארוכות ראו והשוו ע""פ 1382 99 מדינת ישראל נ בלחניס 1 11 1999 ע""פ 413 10 פלוני נ מדינת ישראל 23 3 2011 ע""פ 5581 11 אדרה נ מדינת ישראל 31 1 2013 בענייננו מדובר בניסיון להביא למותו של המתלונן כאשר המערער עשה שימוש בנשק חם ירה במתלונן מספר רב של כדורים מטווח קצר וגרם לו לפציעה קשה ביותר אשר בנקל היתה עשויה להביא למותו בנסיבות אלה אין בעונש שנגזר על המערער כל חומרה מיוחדת ובודאי שאין מדובר בסטייה מהותית מרמת הענישה המקובלת בעבירות דומות בית משפט קמא נתן את דעתו למכלול השיקולים לקולה וביניהם קורות חייו הלא פשוטים אך נורמטיביים של המערער העימות אשר קדם לאירוע הירי לקיחת האחריות מצידו של המערער והבעת חרטה על מעשיו ושיקולי השיקום אשר זכו למשקל לא מבוטל נוכח התסקיר החיובי והאופטימי בעניינו של המערער לא מצאנו בטענותיו של המערער נימוק אשר יש בכוחו להצדיק הקלה נוספת בעונשו ולפיכך יש לדחות גם את הערעור על גזר הדין 19 לסיום מן הראוי לציין כי מן התסקיר העדכני המונח לפנינו מצטייר המערער כאדם בעל כוחות פנימיים אשר מתפקד בבית הסוהר באופן משביע רצון ומצוי בתהליך של התקדמות ומודעות עצמית תוך שהוא מגלה רצון להשתלבות בקבוצה טיפולית נראה אפוא כי הפוטנציאל השיקומי של המערער הוא גבוה למדיי ויש לקוו"
HUGGINGFACE-ed917691c2cd,2026-05-26T07:21:27+03:00,manual_review_sentence_relief,sentence_relief_only,"וני נ מדינת ישראל 16 7 2013 ע""פ 416 12 שיצינין נ מדינת ישראל 12 6 2014 ע""פ 9232 12 עווד נ מדינת ישראל 28 8 2013 יובהר כי המונח מתחם ענישה כולל בחובו גם מקרים בהם בדומה למקרה שבפנינו התביעה מגבילה את עצמה לרף עליון של שנות מאסר בעוד הסנגור טוען באופן חופשי קשה להפחית מחומרת העבירה שביצע המערער גדיעת חייו של אדם כמתואר המערער תכנן את מעשיו ואף ביקש ממנצור להסיעו לזירה ובכך צירף אדם נוסף למעגל העבירה הוא הגיע לבית מגוריו של המנוח בו חי עם משפחתו ולא חזר בו אף למראה ביתו הקטינה של המנוח שם לעיני רעייתו וילדיו ירה במנוח שלוש יריות ממרחק קצר נמלט מן המקום ושב לביתו לחיות את חייו באין מפריע מדובר בנסיבות חמורות ביותר אשר אין ספק כי פגעו קשות במשפחתו של המנוח בייחוד באלו שהיו עדים למעשה באשר לגרסת המערער לפיה התכוון אך לפצוע את המערער אומר כך ישנם קשיים בעמדה זו לנוכח מספר היריות שירה אל עבר המנוח מטווח קצר ברם אף אם תתקבל גרסתו הרי שנפילתו של המנוח ארצה נפילה אשר הובילה לכך שהכדור השלישי פגע בבית החזה שלו ולא בפלג גופו התחתון נבעה במישרין משתי היריות הראשונות שירה המערער לעברו יוצא כי עסקינן בעבירת הריגה ברף הגבוה מבחינת הענישה לכן ניכר כי הסדר הטיעון שאליו הגיעו הצדדים אכן נותן ביטוי לקשיים הראייתיים אליהם התייחס בא כוח המערער התמונה המצטיירת מובילה למסקנה כי לא נפלה כל שגגה בתוצאה אליה הגיע בית המשפט קמא בל נשכח כי הסדר הטיעון עצמו טומן בחובו התחשבות במערער ולפחות בחלק מן הנסיבות המקלות שנמנו על ידי בא כוח המשיב בייחוד הודאתו החיסכון בזמן שיפוטי וייחוס עבירת הריגה ולא עבירת רצח כך או כך העונש שהוטל על המערער מצוי בתוך מתחם הענישה המוסכם ואף לא ברף העליון שלו ולבטח שאינו חורג ממדיניות הענישה הראויה בגין מעשה שחומרתו כה רבה כגון דא במובן מסוים אף נוטה עונש המאסר בפועל לקולה ראו לדוגמה ע""פ 8314 03 בן עווד נ מדינת ישראל 7 6 2005 ע""פ 7651 11 ג האלין נ מדינת ישראל 29 9 2013 5 הייתי מציע אפוא לחבריי לדחות את הערעור ש ו פ ט השופט א רובינשטיין אני מסכים ש ו פ ט השופט א שהם אני מסכים ש ו פ ט אשר על כן הוחלט כאמור בפסק דינו של השופט נ הנדל ניתן היום כ""ט בתשרי התשע""ה 23 10 2014 ש"
HUGGINGFACE-4d421cfbd599,2026-05-26T07:21:27+03:00,manual_review_no_defendant_relief,none,"ן גרימת נזק לאוטובוס דומה כי אין צריך להרחיב על נפקותו של ההבדל האמור ביחס לנקודה זו של הערעור אשר לטענת המערער לאפליה אסורה ולאכיפה בררנית משטענה זו נתמכה בתרחיש היפותטי וללא שהונחה תשתית עובדתית מתאימה הרי שאין לי אלא לדחותה מהמקובץ עולה אפוא כי יש לדחות את הערעור על הכרעת הדין במלואו גזר הדין 37 בפתח הדיון בערעור על גזר הדין יש לציין כי ערעור שהגיש נאשם נוסף בפרשה דנן על גזר הדין שהושת עליו הוא הנאשם 2 בהכרעת הדין להלן כורבאג נדחה על ידי בית משפט זה ע""פ 278 14 כורבאג נ מדינת ישראל 16 6 2014 להלן עניין כורבאג בדומה למערער דכאן גם ביחס לכורבאג נקבע מחמת הספק כי תקף את זאדה בתחילת השלב הראשון שלפני שפיכת הדלק כזכור התקיפות בשלב זה לא התאפיינו בכוונה להמית את זאדה כי אם לגרום לו חבלה ""בלבד"" ועל כן בדומה למערער גם מאופי התקיפות של כורבאג לא הוסקה כוונת קטילה בהתאם לאמור הורשעו כורבאג והמערער באותן עבירות כמפורט ברישה של פסק דין זה ובראשן עבירת חבלה בכוונה מחמירה בניגוד למערער שנקבע כי ידע בשעת התקיפה כי זאדה בחיים בית המשפט קבע כי כורבאג לא ידע אם זאדה חי אם לאו בעת שתקף אותו אלא שלא היה בכך כדי לבסס טענת הגנה בית המשפט קמא כרך אפוא את המערער ואת כורבאג יחד בהכרעת הדין ובהתאם קבע עבור שניהם מתחם ענישה זהה בגזר הדין כפועל יוצא מהעבירות שבהן הורשעו השניים ומהממצאים העובדתיים הדומים באשר לפעולותיהם באירוע בית המשפט העמיד את מתחם הענישה לגבי מי שהורשע בעבירה של חבלה בכוונה מחמירה היינו המערער וכורבאג בטווח שבין מאסר ""קצר מועד אך משמעותי"" לבין חמש שנות מאסר כאמור בפסקה 12 שלעיל בית משפט זה לא ראה להתערב במתחם הענישה האמור ועל נסיבותיו המיוחדות של המקרה בהקשר זה עמדה המשנה לנשיא מ נאור ""הקינטור של זאדה היה קשה למעשה אין למעלה הימנו דברים אלה עומדים ביסוד העונשים הקלים יחסית שהושתו בפרשה זו על כל המעורבים הן המערער והן המורשעים בעבירות חמורות יותר נסיבות המקרה הן ייחודיות ולא אכחד שקשה לתחום אותו במתחמי ענישה ראויים רגילים אך כפי שהבהיר בית המשפט קמא חברה מתוקנת אינה יכולה להסכין עם עשיית דין עצמי או עם פעולות תגמול עצמאיות איני רואה מקום להתערב לא במתחם שנקבע ואף לא בעונש שהוטל עונש שאלמלא מעשיו של זאדה היינו קובעים שהוא קל במידה בלתי סבירה"" עניין כורבאג פסקה 13 38 קביעה זו שלפיה אין להתערב במתחם הענישה שקבע בית משפט קמא יפה אף לענייננו הואיל והמערער הורשע באותן עבירות שבהן הורשע כורבאג ונמצא כי השניים נטלו חלק דומה באירועים במצב דברים זה שומה עלינו לבחון אם העונש שהושת על המערער בתוך המתחם שנקבע מחמיר עמו יתר על המידה אף בנקודה זו לא מצאתי כי יש מקום להתערב בקביעותיו של בית המשפט קמא בעת גזירת עונשם של הנאשמים בתוך המתחמים שנקבעו שקל בית המשפט לקולה את התמשכות ההליכים בעניינם ואת העובדה שזוכו כולם מעבירת ניסיון לרצח ולחומרה את העובדה שלא נטלו אחריות למעשיהם למעט בנקודות ספציפיות ואת הצורך בשידור מסר ברור האוסר עשיית דין עצמי בעת גזירת עונשו של המערער שלפנינו שקל בית המשפט לקולה את העובדה שהושיט יד בשלב מסוים באירוע לאברהם שעה שזה נפצע את העובדה שלא הורשע בעבירה הכוללת כוונה להמית את זאדה ואת נסיבותיו האישיות מנגד בחן בית המשפט את עברו הפלילי המכביד של המערער ואת הימנעות שירות המבחן מלבוא בהמלצה בעניינו לא נעלמה מעיני טענת המערער כי יש לבכר את אפשרות שיקומו וכי התחיל לאחרונה בהליך שיקומי של גמילה מסמים אמנם ניתן לייחס חשיבות לאפשרות השיקום בעת גזירת העונש ע""פ 1127 13 גברזגיי נ מדינת ישראל פסקה 26 15 1 2014 ע""פ 4284 13 פלוני נ מדינת ישראל פסקה 6 1 6 2014 אולם שיקול זה אינו ניצב לבדו ויש לאזנו עם שיקולים נוספים במקרה דנן כפי שעולה מהתסקיר המשלים שהוגש לעיוננו הגם שהמערער מגלה פוטנציאל מסוים לשינוי אין הוא מתמיד בהליך הטיפולי שבו הוא משתתף במצב דברים זה ובהינתן עברו הפלילי המכביד של המערער לא מצאתי כי הונחה עילה להתערב בקביעותיו של בית המשפט קמא אף אין בידי לקבל את טענת המערער בדבר הפער בענישה בתוך המתחם בינו לבין כורבאג עונשו של האחרון נגזר בנתון להמלצת שירות המבחן שלא להשית עליו מאסר בפועל להעדר הרשעות קודמות ולנסיבותיו האישיות הקשות לא ניתן אפוא לגזור גזירה שווה מעונש זה לענייננו סוף דבר 39 תחילתו של המקרה שלפנינו במעשה רצח נפשע אלא שגם בהינתן שאט הנפש ממעשיו הקשים של זאדה שהרג בלא הבחנה בחפים מפשע ממניעים גזעניים לא ניתן להסכין עם נטילת החוק לידיים הכלל האוסר עשיית דין עצמי נגזר מחובת הציות לחוק ושיטתנו אינה מתירה להשיב על עוול בעוול ראו ע""פ 3165 08 מדינת ישראל נ עאסלה פסקה י""ג 23 10 2008 הסמכות להביא אדם לדין ולגמול לו על מעשיו גם כאשר אלה חמורים ונתעבים מסורה לגורמי אכיפת החוק ולמערכת המשפט ולהם בלבד נוכח כל האמור לעיל אציע אפוא לחבריי כי נדחה את הערעור על שני חלקיו ש ו פ ט השופט י דנציגר אני מסכים ש ו פ ט השופטת ד ברק ארז אני מסכימה ש ו פ ט ת הוחלט כאמור בפסק הדין של השופט ע פוגלמן המערער יתייצב לשאת בעונש המאסר בפועל שהוטל עליו ביום 12 11 2014 עד השעה 10 00 בבימ""ר קישון או על פי החלטת שירות בתי הסוהר כשברשותו תעודת זהות או דרכון על המערער לתאם את הכניסה ל"
HUGGINGFACE-0b09591fce80,2026-05-26T07:21:27+03:00,manual_review_sentence_relief,sentence_relief_only,"רער במטרה להכשיל את החקירה ולהסתיר את דבר מותה של רוז המערערת התקשרה למסלאווי וביקשה ממנו להציג בפני השוטרים ילדה אחרת ולטעון כי מדובר ברוז ואמרה שהדבר נחוץ על מנת להציל את המערער מפני עונש מאסר ארוך לדברי המערערת היא עשתה זאת במצוותו של המערער אך אין בכך כדי להפחית מאחריותה לביצוע המעשה בהקשר זה חשוב לציין כי גם אם נניח שבמסגרת מערכת היחסים בין בני הזוג מעמדה של המערערת היה נחות בהשוואה למעמדו של המערער הדבר אינו מפחית מאחריותה לביצוע הרצח שכן "" פעמים רבות אין הביצוע בצוותא מורכב משותפים שווי מעמד ושווי כוח ואולם בכך בלבד אין כדי לשלול את אחריותו המלאה של שותף אשר ביצע את מעשהו בהשפעת גורם דומיננטי המטיל אימתו עליו "" ע""פ 8653 10 פלונית נ מדינת ישראל בפסקה 101 28 7 2011 להלן עניין פלונית מה גם שבענייננו יחסי הכוחות בין בני הזוג היו יחסים מורכבים כמפורט לעיל 185 אחריותה של המערערת כמבצעת בצוותא נגזרת גם מיישומם של המבחנים שנקבעו לעניין זה בפסיקה שותפותה של המערערת היתה חיונית לביצוע העבירה והיא היתה מצויה בלב העשייה העבריינית על פי מבחן השליטה למערערת היתה השפעה חד משמעית על ביצוע הרצח היא יכלה למנוע אותו בכל שלב אך היא בחרה לפעול למימושו בעצה אחת עם המערער אשר שימש כזרוע המבצעת של מעשה הרצח המעגל הפנימי של העבירה היה מצומצם ביותר וככל העולה מחומר הראיות רק המערערים היו שותפים לו כך שהמערערת היתה קרובה ביותר לביצוע העבירה מבחינה פונקציונאלית המערערת נטלה חלק מהותי בביצוע העבירה לכל הפחות ב"" מעטפת "" שהובילה לרצח ואיפשרה אותו השוו לעניין פלונית בפסקה 99 ניתוח על פי המבחן המשולב הוא מורכב יותר שכן לא ידוע מה היה חלקה של המערערת ברכיב ההתנהגותי של העבירה והדבר נותר עלום בין יתר נסיבותיו של מעשה ההמתה לצד זאת מידת העניין של המערערת בביצוע העבירה היתה גבוהה "" המבצע בצוותא תורם את תרומתו לאירוע העברייני רב משתתפים מתוך יחס נפשי של יוצר העבירה onimo auctoris הוא רואה את עשיית העבירה כעניינו הוא ולא של אחר "" פלר כרך ב בעמ 196 עניין פלונית בפסקה 95 ובענייננו המערערת היתה זו אשר חתרה להרחקתה של רוז מן הבית בכל דרך שהיא ורגשותיה השליליים כלפי רוז בנסיבות שנוצרו היוו מניע מרכזי למעשה הרצח כך שביצוע העבירה היה "" עניינה של המערערת "" באופן מובהק בהיעדר אפשרות אחרת להוציא את רוז מן הבית לצמיתות המערערת צפתה את אפשרות מותה של רוז וחפצה בכך ונוכח מודעותה של המערערת להיותה מבצעת בצוותא יחד עם המערער מתמלאת דרישת היסוד הנפשי להרשעה ברצח כמבצעת בצוותא עניין פלונים בפסקה 27 לפסק דינו של הנשיא א ברק 186 למעלה מן הנדרש אוסיף כי הפסיקה הכירה בכך שבנסיבות מסויימות ובהן אופי היחסים בין השותפים לעבירה גם מתן הסכמה לביצוע העבירה עשוי לעלות כדי "" ביצוע בצוותא "" ע""פ 6366 98 סולטאן נ מדינת ישראל 13 10 1999 ע""פ 3575 99 דרעי נ מדינת ישראל פ""ד נד 2 721 779 2000 ע""פ 8469 99 אסקין נ מדינת ישראל פ""ד נה 2 65 בפסקה 12 לפסק דינה של השופטת כתוארה אז ד ביניש 2001 כמו כן "" תרומתו של מבצע בצוותא יכול שתתבטא גם ב שתיקה במקום שמשמעותה היא תמיכה "" יעקב קדמי על הדין בפלילים כרך א בעמ 437 להלן על הדין בפלילים לעניין ביצוע בצוותא במחדל ראו רבין וואקי בעמ 596 מרדכי קרמניצר וראם שגב ""המחדל בדין העונשין"" 197 220 231 ספר תמיר 1999 עניין פלונית בפסקה 100 עוד יצויין כי במקרה שבו מצטברות ראיות נגד שני נאשמים בביצוע עבירה לא מן הנמנע הוא ששניהם יורשעו גם כאשר לא התברר מהו החלק המדוייק שנטל כל אחד מהם בביצוע ע""פ 4656 03 מירופולסקי נ מדינת ישראל 1 12 2004 187 המסקנה מן האמור היא כי המערערת היתה שותפתו של המערער לרצח ביתה רוז והמערערים פעלו כ"" גוף אחד לשם ביצוע המשימה העבריינית המשותפת "" עניין והבה בפסקה 210 בנסיבות אלה יש להרשיע את המערערת בביצוע בצוותא של עבירת הרצח סיכום הדיון בעניינה של המערערת 188 טענותיה של המערערת נדחו שכן הוכח כי מערכת היחסים בינה לבין המערער היתה כזו שאיפשרה למערערת להשפיע עליו גם בנושאים חשובים ובפרט בהחלטות אשר קשורות לרוז שהותה של רוז בבית היתה קשה מנשוא עבור המערערת היא חפצה בהרחקתה של רוז מן הבית לצמיתות ובכל מחיר גם כשהדרך לעשות זאת היתה במעשה רצח מתוכנן 189 מן העבר השני התקבלו טענותיה של המשיבה לפיהן חומר הראיות מוכיח כי חלקה של המערערת בביצוע הרצח עולה כדי ביצוע בצוותא ולא שידול בלבד שכן המערערת היתה שותפה למזימת הרצח ונטלה בכך חלק מהותי סוף דבר 190 השתכנעתי כי רוז הפעוטה נרצחה במעשה פשע נתעב שלו היו שותפים המערער סבה של רוז ובת זוגו המערערת אימה של רוז בנסיבות מעוררות צער בחרו השניים להיפטר מרוז באמצעות גרימת מותה והעלמת גופתה במקום להשקיע את כוחם בחינוכה ובגידולה ולמצער להוציא אותה מן הבית למסגרת שתיטיב עימה 191 על יסוד האמור אציע לחבריי להותיר על כנה את הרשעתו של המערער ברצח לפי סעיף 300 א 2 לחוק העונשין ולהרשיע את המערערת ברצח כמבצעת בצוותא לפי סעיף 300 א 2 בצירוף סעיף 29 ב לחוק העונשין כאשר שינוי ההרשעה אינו גורר שינוי בעונשה של המערערת ש ו פ ט השופט א רובינשטיין א מצטרף אני לחוות דעתו המעמיקה של חברי השופט שהם בסופו של יום לפנינו טרגדיה שקשה למצוא כדוגמתה פעוטה בת כחמש שנים מוצאת את מותה בשותפות זדון בין לא פחות מאשר אמה יולדתה וסבה וגופתה הקטנה מושלכת ככלי אין חפץ לקרקעיתו של נחל כמה רוע יש בסיפור איום זה ב אחרון אני שאתמוך במחדלי חקירה אך בפנינו דומה שמתגמדים הם לעומת הפרשה כיצד ניתן להעלות על הדעת שרצח מעין זה יהיה כלא היה בשל טענת הגנה מן הצדק הכשל בעמדתו של המערער הוא כמובן בריבוי גרסאותיו מדוע יאמין בית המשפט לגרסתו דהאידנא ויקבלנה כגרסת האמת אחרי שהחליף פעם אחר פעם את גרסותיו אין בכך כדי לפטור את המשטרה מהפקת לקחים ומהדרכה כפי שהערנו לא פעם בעבר אך לא זו עיקר בנדון דידן ג באשר למערערת סבורני כחברי כי מן הראיות עולה שתפקידה לא הצטמצם אך לשידול אלא יש לראותה כמבצעת בצוותא אזכיר את דברי השופט לוי בע""פ 4656 03 מירופולסקי נ מדינת ישראל 2004 פסקה 18 ""ממצאי הבדיקה הפתולוגית אינם מאפשרים לקבוע באורח חד משמעי אם אדם אחד או יותר היו מעורבים בגרימת מותו של המנוח אף מעבר לכך אין בחומר הראיות דבר המטיל אור על חלקו של כל אחד מהמערערים במעשה הרצח על יסוד זה נשמעה כאמור טענה מפי מערער 1 כי לא ניתן לשלול אפשרות שבין אם נכח בזירת העבירה ובין אם שהה במקום אחר הוא לא היה מעורב במעשה ורק ידו של מערער 2 הייתה בדבר ברם המסקנה המפלילה העולה מן הראיות כולן נוגעת משלא הוכח אחרת לכל אחד מן המערערים בנפרד בין אם הודה בדבר נוכחותו במקום הרצח ובין אם התכחש לה מכאן כי הנטל לספק הסבר חלופי השולל את דבר מעורבותו במעשה העבירה רובץ על כל אחד מהם בנפרד משבחרו השניים למלא פיהם מים נותרה על מקומה המסקנה כי שניהם כאחד רצחו את המנוח"" כוח הדברים יפה בשינויים המחויבים גם לענייננו בסופו של יום איננו יודעים בדיוק מה אירע ביום הרצח אך המארג שהציג חברי מביא למסקנה של ""שדרוג"" מעורבותה של המערערת גם אין לכך נפקות עונשית ד אכן עסקינן בראיות נסיבתיות וכדברי השופט לוי בעניין מירופולסקי הנזכר פסקה 7 ""הרשעתם של המערערים מתבססת רובה ככולה על ראיות נסיבתיות שבחינתן ושרטוט התרחישים האפשריים העולים מהן נסמכים על ההיגיון על השכל הישר ועל ניסיון החיים כידוע אין משקלן של ראיות מסוג זה נופל מכוחן של ראיות ישירות ובלבד שלא ניתן להסיק מהן אלא מסק"
HUGGINGFACE-d09716422baf,2026-05-26T07:21:27+03:00,manual_review_no_defendant_relief,none,ליהם השליך המערער את יהבו ובכלל זה לתשובות שסיפק במסגרת חקירתו השנייה שלגביה ממילא לא נטען דבר לגבי פגיעה בזכות ההיוועצות בעורך דין לאור כל האמור לעיל גם הכרעתו של בית המשפט המחוזי בעניין החלטתו של המערער להמית אינה מצדיקה את התערבותנו 39 אשר על כן אציע לחברי לדחות את הערעור בדין הורשע המערער ברציחתה של אשתו ובדין נגזר עונשו למאסר עולם ש ו פ ט השופט א רובינשטיין אין חקר לתבונת סניגור מוכשר והסניגור המלומד אכן נדרש לנקודות שיכלו להשמיע תורפה בתיק ואולם כפי שהראה חברי השופט סולברג בחוות דעתו הבהירה קשה להלום את הנטען לא אחת ולא שתיים נתקלים אנו בתופעה הלא חיובית של שינוי חזית או תוספת טיעונ
HUGGINGFACE-57cb441759bf,2026-05-26T07:21:27+03:00,manual_review_sentence_relief,sentence_relief_only,"פני בית המשפט המחוזי לא הובאה כל ראיה ואף לא נטען כי חנונה עשה כמיטב מאמציו על מנת לכל הפחות לנסות ולהניא את ברבי מהפקרת המנוחות ולפעול להזעקת כוחות ההצלה למקום בנוסף אינני סבור כי יש לשקול לקולא את מידת השפעתו של ברבי על חנונה בביצוע העבירה במקרה דנן האפשרות להקל בדינו של נוסע ברכב הכפוף ביחסי מרות ועבודה לנהג הפוגע נשקלה בטרם נחקק סעיף 64א1 לפקודת התעבורה ונדחתה מכל וכל 82 בדיוני ועדת חוקה חוק ומשפט בטרם הובא תיקון פקודת התעבורה לקריאה שניה ושלישית של הכנסת נדונה האפשרות להחריג מהוראותיו של סעיף 64א1 לפקודה מספר מקרים שעניינם המרכזי הוא במערכות היחסים שבין הנוסע המפר את חובתו להתקשר לגופי ההצלה ובין הנהג המפקיר כך למשל נדון בוועדה דינו של נוסע ברכב שהוא בנו הקטין של נהג הרכב המפקיר או דינו של נוסע ברכב שהוא בן זוגה של נהגת הרכב המפקירה כך בנוסחה הסופי של הצעת החוק נקבע כי הוראת סעיף 64א1 לפקודה לא תחול על נוסע קטין שטרם מלאו לו 16 שנים גם מערכת יחסים דומה לזו שבמוקד טענתו של חנונה עמדה לנגד עיני הוועדה עת דנה הוועדה במפורש באפשרות להחריג מהוראות סעיף 64א1 מקרים בהם קיימים יחסי מרות בין נהג הרכב והנוסע בו אף על פי כן בסופו של יום מצא לנכון המחוקק להחריג אך את עניינו של נוסע שטרם מלאו לו 16 שנים תוך שנמנע במכוון מלעשות כן בהתייחס למקרים שבהם קיימים יחסי מרות או תלות תעסוקתית מדיוני הוועדה עולה כי הבעיה התמריצית במקרים אלו הן בנוגע לנהג הפוגע והן בנוגע לנוסע ברכב היא שהובילה לאי הכללתו של החריג האמור ראו פרוטוקול ישיבה מס 456 של ועדת החוקה חוק ומשפט הכנסת ה 18 32 27 4 10 2011 זאת בין השאר מן הטעם שההכרה בהשפעתו של הנהג הפוגע על אי דיווחו של הנוסע ברכב היא אינהרנטית במרבית המקרים להתרחשות העבריינית באי הזעקת כוחות ההצלה למקום תאונת הדרכים ובכוחה לסכל ולעוות את מערך התמריצים אשר מצא את ביטויו בסעיף 64א1 לפקודת התעבורה ראו עניין ח טיב פסקה 28 הנסיבות שאינן קשורות לביצוע העבירה 83 לבסוף כאמור טוען חנונה כי היה על בית המשפט המחוזי להקל בעונשו לנוכח נסיבות חייו הקשות בין השאר עקב ההפרעה הדו קוטבית ממנה הוא סובל וקשייה הכלכליים של משפחתו נסיבות חייו של חנונה אינן פשוטות כלל ועיקר כפי שפורט בהרחבה בתסקיר שירות המבחן בעניינו עליו עמדתי לעיל ואולם בגזירת דינו של חנונה שקל בית המשפט לקולא את נסיבותיו האישיות וסבורני כי ניתן להם משקל הולם וראוי כך בפסקה 143 לגזר הדין ציין בית המשפט כי לא נעלמו מעיניו חרטתו של חנונה נסיבותיו האישיות והמשפחתיות וכן מצבו הנפשי כל אלו נשקלו לקולא עת נגזר דינו של חנונה בערכאה הדיונית ולא מצאתי כי נפלה שגגה באיזון שערך בית המשפט באופן המצדיק לשנות מן המשקל שניתן לנסיבות אלה 84 אשר על כן אציע לחבריי לדחות אף את ערעורו של חנונה כנגד גזר דינו של בית המשפט המחוזי ולהותירו בעינו על מכלול רכיביו סוף דבר 85 לו היתה נשמעת דעתי היינו דוחים את שני הערעורים שלפנינו ש ו פ ט השופט י עמית אני מסכים ש ו פ ט השופט ע פוגלמן אני מצטרף לתוצאה שאליה הגיע חברי השופט י דנציגר בחוות דעתו המקיפה כמו גם למרבית נימוקיו בתאונת הדרכים הקשה שעליה נדרשים המערערים ליתן את הדין קיפחו חייהן שלוש נשים תוצאה טרגית זו עומדת לנגד עינינו וברקע הכרעתנו בצד האמור אני מבקש להעיר הערות מספר אשר לגזר דינו של ברבי 1 אף להשקפתי נכון לסווג את התרחשות העניינים בעניינו כ""אירוע אחד"" במובנו של מונח זה בתיקון 113 לחוק העונשין התשל""ז 1977 לתוצאה זו הגיע חברי מכוח המבחן שהציע בפרשת ג אבר ע""פ 4910 13 ג אבר נ מדינת ישראל 29 10 2014 להלן עניין ג אבר והגעתי גם אני מכוח ""מבחן הקשר ההדוק"" שהתוותה השופטת ד ברק ארז בפרשה זו שם צירפתי את דעתי לדעתה כפי שציינתי שם ""להשקפתי התיבה אירוע אחד רחבה דיה כדי לכלול גם פעולות עברייניות שבוצעו על פני רצף זמן כללו מעשים שונים ביחס לקורבנות שונים ובמקומות שונים הכל כל עוד הם מהווים מסכת עבריינית אחת"" בפסקה 2 לחוות דעתי מן הטעמים שמנה חברי יישומו של מבחן זה בענייננו מוביל למסקנה שלפיה פעולותיו של ברבי באות בגדר ""אירוע אחד"" בכפוף להסתייגות שהביע חברי ביחס לעבירות הסמים שבביצוען הורשע ברבי כאמור בפסקה 40 לחוות דעתו הסתייגות שעמה אני מסכים 2 בצדק מציין חברי כי העובדה שהעבירות הרבות שבהן הורשע ברבי מצטרפות ל""אירוע אחד"" אין משמעה כי עונשו המרבי של העבריין אינו יכול לעלות על זה הקבוע בצד העבירה החמורה ביותר שבה הורשע במסגרת אותו אירוע השאלה הקובעת לעניין תקרת הענישה קשורה בשאלת סיווגן של העבירות ל""מעשים"" מעשה אחד או יותר מכוח סעיף 186 לחוק סדר הדין הפלילי נוסח משולב התשמ""ב 1982 להלן חוק סדר הדין הפלילי העונש המקסימאלי האפשרי שניתן להטיל בגין אירוע אחד ""הוא העונש שמתקבל מצבירת עונשי המקסימום בגין כל אחד מ המעשים הכלולים ב אירוע "" ראו דברי השופטת ד ברק ארז בפרשת ג אבר בפסקה 34 במקרה זה מצא חברי השופט י דנציגר כי העבירות שעבר ברבי מרכיבות חמישה מעשים נפרדים פסקה 43 לחוות דעתו מתוכם מעשה אחד של דריסת המנוחות והיתר נטישת זירת התאונה והפקרתן הימלטות מן המקום שמנעה בדיקת אחוז אלכוהול באופן ששיבש את מהלכי המשפט הדחה למסור הודאה כוזבת והחזקה ושימוש בסמים מסוכנים בנקודה אחת דעתי שונה להשקפתי את דריסת המנוחות היה נכון לסווג לשלושה מעשים שונים אחד בגין כל קורבן בנפש אסביר עמדתי 3 בפסיקתנו השתרשו שני מבחנים לעניין סיווג מעשיו של נאשם לכמה ""מעשים"" כאמור בסעיף 186 לחוק סדר הדין הפלילי המבחן הצורני עובדתי שבמסגרתו נבחנת האפשרות להפריד בין פעולות שנעשו ברצף ובסמיכות יחסית של זמן ומקום ו המבחן המהותי מוסרי שנוהג בעיקר בעבירות הנעברות בגופו של אדם ושבמסגרתו נבחנת שאלת ריבוי הנפגעים הנזקים שגרמה התנהגות העבריין לנפגעי העבירה האינטרס החברתי שנפגע ושיקולי הרתעה להרחבה בדבר מבחנים אלה ראו עניין ג אבר בפסקה 24 והאסמכתאות שם כאשר עסקינן בתאונת דרכים מן הסוג ה""רגיל"" יישום המבחן הצורני עובדתי יוביל על דרך הכלל למסקנה שלפיה במובן הפיזי במונחי זמן ומקום אירוע הדריסה אינו ניתן לפיצול לתת פעולות נפרדות דא עקא אין זו בהכרח התוצאה הנובעת מיישום המבחן המהותי מוסרי למגינת הלב לעיתים אירוע דריסה אחד מוביל לריבוי נפגעים ולעיתים נפגעים בו ערכים מוגנים שונים משום שהשאלה מהו ""מעשה"" איננה רק פיזית אלא גם נורמטיבית ערכית אפשר בהחלט שגם כאשר עסקינן בעבירה בת יסוד נפשי של רשלנות כגון גרם מוות ברשלנות יחייב המבחן המהותי מוסרי לראות פעולה שבוצעה ברשלנות כגון תאונת דרכים שתוצאתה גרם מוות ברשלנות כפעולה העולה כדי כמה ""מעשים"" נפרדים 4 הקביעה שלפיה ניתן לראות בעבירות של גרימת מוות ברשלנות ככאלו המקימות כמה ""מעשים"" אינה חדשה בפסיקתנו בעבירות המתה מספר מעשי ההמתה עשוי להיות כמספר הקורבנות שהומתו ולא כמספר פעולותיו הפיזיות של העבריין וזאת בשל הערך של קדושת חיי אדם ""עיקרון כללי זה חל הן בעבירות שהיסוד הנפשי בהן הוא של מודעות פלילית ואף כוונה והן בעבירות שהיסוד הנפשי הנדרש בהן הוא של רשלנות"" ע""פ 9826 05 מחאג נה נ מדינת ישראל פסקה 18 9 7 2008 להלן עניין מחאג נה בפרשה אחת שעסקה במי שנהג ברכב במהירות של 171 קמ""ש תחת השפעת סמים מסוכנים ואלכוהול נכנס לצומת בעת שברמזור בכיוון נסיעתו דלק אור אדום פגע ברכב והביא במעשיו אלו למותם של ששה אנשים והורשע לפיכך בין היתר בשש עבירות הריגה הדורשות מחשבה פלילית ציינה השופטת א חיות ""בנסיבות שתוארו תהא זו תוצאה לא מוסרית הן מנקודת המבט של קורבנות התאונה והן בשל הקלות שאין לקבלה בהתייחסות אל מעשי המערער לראות בכך מעשה אחד לצורך הענישה מסקנה זו נטועה בעקרונות היסוד של שיטתנו המשפטית המורים אותנו לכבד חיי אדם ולהגן עליהם באשר כל אדם הוא עולם מלא קטילת חיי אדם בעבירה מחייבת אפוא הטלת עונש המבטא ערכים אלה גישה זו תקפה וראויה ליישום לא רק לגבי נאשמים המורשעים בעבירות בטחון ובביצוע פיגועי טרור המוניים אלא גם לגבי מי שהורשעו בקטילת חיים רבים בתאונת דרכים בשל נהיגה פזיזה וחסרת אחריות דוגמת נהיגתו של המערער שבפנינו אשר החליט ליטול לידיו את ההגה בעודו נתון תחת השפעת אלכוהול וסמים מסוכנים"" ע""פ 8748 08 ברכה נ מדינת ישראל פסקה 32 10 10 2011 5 אכן כאשר מדובר בעבירה של גרם מוות ברשלנות העובדה שמדובר ביסוד נפשי של רשלנות עשויה להוות שיקול נגד גזירת עונשים מצטברים רע""פ 698 14 אלג בור נ מדינת ישראל פסקה 8 25 3 2014 זאת שכן אין זה תמיד נכון להתייחס באותו אופן למעשה המתה מכוון ולמעשה המתה רשלני בשאלת הצטברות העונשים יכול בית המשפט להביא במניין שיקוליו בין היתר את ריבוי הקרבנות ואת אופי המעשה הרשלני ודרגת חומרתו ככלל ראוי יהיה להשית ענישה מצטברת בעבירות של גרימת מוות ברשלנות כל אימת שמדובר ברשלנות בדרגה גבוהה שהביאה לאבדן חיים של רבים ובפרט כאשר ניתן היה לצפות כי התממשות הסיכון ממעשה הנאשם תביא לפגיעה במספר רב של קרבנות כל מקרה לפי נסיבותיו רע""פ 4157 06 פלוני נ מדינת ישראל פסקה 4 25 10 2007 והמובאה שם 6 יודגש עם זאת כי יש להבחין בין שאלת דרך הנשיאה בעונשים במצטבר או בחופף לבין שאלת סיווגן של העבירות ל""מעשה"" אחד או ""מעשים"" רבים כאשר נסיבות המקרה מובילות למסקנה שלפיה התנהגות הנאשם ראוי לה שתעלה כדי כמה ""מעשים"" יש להטיל עונש נפרד בגין כל מעשה עונשים נפרדים אלה ניתן לשאת בחופף או במצטבר כלומר שאלת הסיווג ל""מעשים"" אחד או יותר לחוד ושאלת אופן הנשיאה בעונש בחופף או במצטבר היא שאלה מסדר שני המתעוררת רק לאחר הסיווג למספר ""מעשים"" לחוד עמד על כך הנשיא מ שמגר ""מי שגורם במעשה אחד למספר מקרי מוות למשל על ידי הנחת מטען נפץ או נהיגה רשלנית יכול להאשם במספר עבירות של גרם מוות כמספר ההרוגים או בעבירה כוללת אחת החובקת את כל המעשה בדרך כלל יוטל עונש אחד אולם בית המשפט רשאי להחליט לאור המהות המיוחדת של העבירות ונסיבותיהן המיוחדות כי יוטלו עונשים נפרדים ואם כן אם אלו יהיו חופפים או מצטברים ע""פ 399 89 מדינת ישראל נ זלום פ""ד מו 2 187 191 1992 ההדגשות הוספו ע פ 7 יוצא אפוא כי בשלב ראשון יש לבחון אם התנהגות הנאשם עולה כדי ""מעשה"" אחד בלבד באופן המונע ענישה מצטברת מכוח סעיף 186 לחוק סדר הדין הפלילי בשלב שני ורק אם התשובה לשאלה הראשונה היא בשלילה היינו אם נקבע כי מדובר בכמה ""מעשים"" יש להוסיף ולבחון אם ראוי להורות על ענישה מצטברת בנסיבות העניין וזאת בשים לב בין היתר להרשעת הנאשם בעבירה המורכבת מיסוד נפשי של רשלנות כאשר התנהגותו הרשלנית של הנאשם הביאה למותם של רבים וניתן לומר עליה כי היא מצויה ברף חומרה גבוה במיוחד ייטה בית המשפט לראות בעבירותיו ככאלו המרכיבות כמה ""מעשים"" במצב דברים זה הדעת נותנת כי הנאשם יישא בעונשים השונים שיגזרו עליו בגין כל ""מעשה"" במצטבר ברם זו אינה מסקנה הכרחית גם כאשר מדובר בכמה מעשים יכולה הערכאה המבררת להחליט על נשיאת העונשים הנפרדים בחופף כפי שצוין באחת הפרשות ""היותה של עבירה מסוימת עבירת רשלנות עשוי להוות שיקול כנגד צבירת עונשים אולם יש לשקול מנגד גם את התוצאות של אותה עבירת רשלנות"" ע""פ 4089 07 סייף נ מ"
HUGGINGFACE-cb29e089b159,2026-05-26T07:21:27+03:00,manual_review_sentence_relief,sentence_relief_only,"שר במסגרתם התבקש בית משפט זה לזכות את המערער מהרשעתו ברצח המנוחה לחילופין נטען כי במידה שהערעור על הכרעת הדין ידחה יש לבטל את חיובו של המערער בתשלום פיצוי כספי וזאת נוכח הוראת סעיף 300 א לחוק העונשין לפיה אדם המבצע עבירת רצח דינו מאסר עולם ועונש זה בלבד 25 את ערעורו תלה המערער בשלוש טענות מרכזיות תחילה נטען כי המערער צרך אלכוהול עובר לאירוע ולמרות שמעדויות השוטרים שעצרו אותו עולה כי נדף מפיו ריח של אלכוהול לא נערכה לו בדיקת דם לגילוי רמת האלכוהול בדמו משכך לטענת המערער יש לראות באי ביצוע הבדיקה משום מחדל חקירתי ולקבוע כי המערער היה תחת השפעת אלכוהול בעת האירוע בהמשך לכך נטען כי המערער היה נתון תחת השפעת אלכוהול באופן שנמנעה ממנו האפשרות להבין את טיב מעשיו דבר השולל את מודעותו לפרט מפרטי העבירה ולפיכך עומדת לו הגנת השכרות החלקית בנסיבות אלה כך נטען שגה בית משפט קמא שעה שהרשיעו בעבירת הרצח עבירה הדורשת כתנאי להרשעה יחס חפצי של כוונה להתרחשות התוצאה בעוד שניתן להרשיעו רק בעבירה של הריגה הדורשת יסוד נפשי של אדישות כלפי התוצאה לביסוס טענותיו הפנה הסנגור לעדותו של המערער בבית המשפט ולפרטים שמסר בחקירותיו במשטרה מהם עולה לגישתו של הסנגור כי המערער לא היה מודע לשלב הוצאת הסכין על ידו ולדקירת המנוחה לבסוף טען המערער כי שגה בית משפט קמא משקבע כי דו""ח הפעולה של השוטר אליהו ת 36 שהשתתף במעצרו הוגש בהסכמתו וכי הוא לא חלק על תוכנו לטענת המערער הוא לא הסכים לתוכנו של הדו""ח שנרשם על ידי השוטר אליהו אלא רק להגשתו במסגרת תיק המוצגים ובכפוף לחקירת העד עוד נטען כי נוכח דוקטרינת הפסילה הפסיקתית לא ניתן היה להסיק מסקנות לחובתו של המערער על סמך דברים שהשמיע בפני השוטר בסמוך למעצרו מאחר שהלה לא הזהירו ולא הודיע לו על זכויותיו בכלל זאת לא מסר לו השוטר באיזו עבירה הוא חשוד על זכותו להיוועץ עם עו""ד ולא הזהירו מפני הפללה עצמית ועל כן אין מדובר בהודאה שהייתה "" חופשית ומרצון "" 26 בדיון אשר נערך בפנינו בחר הסנגור עו""ד עלאא אלדין עתאמנה להתרכז בטענה לפיה המערער היה שיכור בשעת הרצח ועל כן לא הבין את טיב מעשיו ומשמעותם בפתח דבריו נטען על ידי הסנגור כי מעדותו של המערער עולה באופן מובהק כי לא הייתה לו כל כוונה לרצוח את המנוחה וכל רצונו היה לשוחח עמה לצד הדברים הללו הפנה סנגורו של המערער למחדל החקירה הנובע מכך שלא נערכה למערער בדיקת אלכוהול בסמוך למועד מעצרו ועוד נטען כי בעת שחזור הרצח המערער "" הובל "" על ידי החוקר למקום ביצוע הרצח ולא הצביע על המקום ביוזמתו עוד טען הסנגור כי במידה שהערעור על הכרעת הדין ידחה אין מקום לחייב את המערער בתשלום פיצויים דבר שאינו נתון לסמכותו של בית משפט קמא שכן העונש בעבירת הרצח הינו מאסר עולם ועונש זה בלבד תמצית תשובת המשיבה לערעור על הכרעת הדין 27 המשיבה סבורה כי פסק דינו של בית משפט קמא הינו פסק דין מפורט ומנומק וקביעותיו מבוססות על אדנים מוצקים נטען בהקשר זה כי המערער לא הצביע על עילה כלשהי המצדיקה התערבות בקביעות המהימנות ובממצאים העובדתיים שנקבעו על ידי בית משפט קמא 28 לגישת המשיבה התזה אותה הציג בא כוח המערער לפיה המערער היה מבולבל ושיכור בעת ביצוע הרצח כאשר אין לו כל ידיעה כיצד דקר את המנוחה הינה גרסה כבושה ומאוחרת אשר סותרת את דבריו של המערער בשעת מעצרו ובחקירותיו במשטרה ובצדק נדחתה על ידי בית משפט קמא מכל וכל לגישת המשיבה צדק בית משפט קמא בניתוח הראיות שהובאו בפניו ובקביעתו הפוזיטיבית כי התקיים במערער היסוד הנפשי הנדרש בעבירת הרצח עוד נטען כי גם אם נניח כי המערער היה נתון תחת השפעת משקאות משכרים הרי שהוא לא הרים ולו במעט את הנטל להוכחת סייג השכרות המלאה או החלקית המשיבה הוסיפה וטענה כי חרף תיאוריו של המערער לפיהם הוא שתה כמות גדולה של וודקה עובר לרצח הרי שבשום שלב הוא לא ייחס את ביצוע הרצח לשתיית האלכוהול ולא נטען על ידו כי הוא היה בערפול חושים או במצב תודעתי שלא איפשר לו להבין את הפסול שבמעשיו ואת התוצאה הקטלנית שעלולה להיות מנת חלקה של המנוחה בנוסף ציינה המשיבה כי אף מעדויותיהם של עובדי המפעל מסרט מצלמת האבטחה ומרצף הפעולות שביצע המערער לאחר הרצח עולה בבירור כי הוא לא היה במצב של שכרות או של בלבול 29 בהתייחס לטענת המערער לפיה הוא לא הוזהר על ידי השוטר אליהו ולא הודעו לו זכויותיו וסיבת מעצרו ועל כן יש לפסול את הודאתו מכוח כלל הפסילה הפסיקתי נטען כי עוד טרם שהוסברה לו עילת המעצר מסר המערער כי הוא יודע מהי הסיבה למעצרו ""בגלל שהוא הרג היום את סבטלנה החברה שלו"" לפיכך הוסיפה וטענה המשיבה כי מדובר בהודאה ספונטנית וכי בא כוחו של המערער לא חלק על תוכן הדברים שנמסרו על ידי המערער ואשר תועדו בדו""ח זיכרון הדברים בנסיבות אלה כך לטענה המשיבה לא נפלה כל שגגה תחת ידו של בית משפט קמא בקובעו כי המערער הסכים לתוכנה של הראיה עוד נטען כי בסמוך למועד מעצרו של המערער ""העמיד אותו השוטר על זכות השתיקה והודיע לו כי כל דבר שיאמר על ידו יתועד ועשוי לשמש נגדו כראיה בבית המשפט"" המשיבה הוסיפה עוד כי גם בתחילת חקירתו הראשונה של המערער במשטרה הוא הועמד על זכויותיו בשנית לרבות זכותו להיוועץ בעו""ד אלא שהמערער ויתר במפורש על זכות זו וכשפורטו בפניו החשדות המיוחסים לו הוא השיב ""איזה חשדות אני הרגתי אותה אני דקרתי אותה וזהו אני נתתי לה שלוש מכות עם סכין זהו מה עכשיו"" ת 17 עמ 4 30 לגישת המשיבה ההחלטה להמית את המנוחה התגבשה בליבו של המערער כבר בשלב בו הוא גילה כי היא עזבה את הדירה והחלטה זו התגברה כאשר המנוחה השיבה למערער עת שוחחו במפעל כי אינה מוכנה לחזור אליו עוד טענה המשיבה כי ניתוח דבריו של המערער בעת מעצרו ולאחר מכן בעת חקירתו מוביל למסקנה אחת ויחידה לפיה המערער פעל מתוך הבנה ומודעות מלאה למעשיו ולכל פרט מפרטי העבירה לרבות הפעולות שנעשו על ידו לקטילתה של המנוחה 31 בהמשך התייחסה המשיבה גם לטענתו של המערער לפיה הימנעותם של החוקרים מביצוע בדיקה לגילוי רמת האלכוהול בדמו של המערער עולה כדי מחדל חקירתי שיש לזקוף אותו לחובת המשיבה ולטובת המערער נטען כי אין ממש בטענה זו שכן מתיעוד חקירותיו של המערער במשטרה מעדויות השוטרים שנכחו בעת מעצרו ובשעת חקירתו ולנוכח פרטי הפרטים שנמסרו על ידו באשר לאירוע הרצח הרי שלא הונחה ולו תשתית עובדתית מינימאלית שהקימה חובה על המשטרה לבצע בדיקת דם עוד נטען בהקשר זה כי המערער שיתף פעולה עם השוטרים הבין את הסיטואציה בה הוא מצוי ומעל לכל הוא לא העלה כל טענה לפיה העבירה בוצעה בהיותו נתון תחת השפעת אלכוהול בנוסף שללה המשיבה את טענת המערער כי גם במרחק הזמן ניתן לבצע בדיקה לגילוי רמת האלכוהול המשוערת שהייתה בדמו של המערער בעת האירוע שכן מדובר בטענה ספקולטיבית אשר לא נתמכה בחוות דעת מומחה עוד נטען כי גם הסתמכותו של המערער על האמור בבדיקה הפסיכיאטרית שנערכה לו נ 1 לפיה נדף מפיו ריח של אלכוהול אינה יכולה להועיל לו שכן בד בבד עם אמירה זו עולה מחוות הדעת כי המערער לא היה במצב של ערפול חושים דבר שהמצריך ביצוע בדיקת אלכוהול על יסוד האמור סבורה המשיבה כי יש לדחות את ערעורו של המערער על הרשעתו בעבירת הרצח בנוסף נטען על ידי המשיבה כי יש לדחות גם את טענותיו של המערער באשר לפיצויים שנפסקו לחובתו וזאת בהסתמך בין היתר על ע""פ 7033 04 יאיר נ מדינת ישראל 11 9 2006 להלן עניין יאיר שבו נקבע כי הטלת פיצויים לפי סעיף 77 א לחוק העונשין אינה בגדר רכיב עונשי נוסף כי אם "" סעד מהיר "" שניתן לנפגעי העבירה מבלי שיאלצו להמתין עד להכרעה בתביעה אזרחית ככל שזו תוגש על ידם המשיבה הוסיפה וטענה כי אין להתערב בשיעור הפיצויים שכן "" אין מקרה הולם יותר להטלת מלוא הפיצוי מאשר עבירת הרצח שהיא העבירה החמורה ביותר שבספר החוקים"" דיון והכרעה 32 לאחר שעיינתי בהכרעת דינו המקיפה של בית משפט קמא בהודעת הערעור בעיקרי הטיעון מטעם המערער ובתגובת המשיבה והאזנתי בקשב רב לטיעוני הצדדים בדיון אשר נערך בפנינו הגעתי לכלל מסקנה כי דין הערעור להידחות וכך אציע ל חברותי לעשות 33 במסגרת הדיון בערעור מיקד המערער את עיקר טענותיו בשאלת שכרותו במועד ביצוע הרצח ובקיומו של הסייג שעניינו הגנת השכרות החלקית בעת ביצוע המעשה אין צריך לומר כי לא היתה כל מחלוקת באשר לקיומו של היסוד העובדתי הנדרש בעבירת הרצח משכך וכיוון שהסייג האמור נוגע בטבורו ליסוד הנפשי של עבירת הרצח בדגש על "" יסוד ההחלטה להמית "" עיקר הדיון יתמקד בשאלה האם בעת שהמערער נעץ את סכינו בגופה של המנוחה התקיים בו היסוד הנפשי הדרוש לשם הרשעה בעבירת הרצח בכוונה תחילה לפי סעיף 300 א 2 לחוק העונשין 34 טרם שאדרש לסוגיה זו אעמוד בקצרה על יסודות עבירת הרצח לרבות היסוד הנפשי הדרוש לשם הרשעה בעבירה זו בהתאם לפסיקתו של בית משפט זה יסודות עבירת הרצח בכוונה תחילה 35 סעיף 300 א 2 ל חוק העונשין קובע כי ה "" גורם בכוונה תחילה למותו של אדם "" יואשם ברצח ודינו "" מאסר עולם ועונש זה בלבד "" היסוד העובדתי בעבירה זו הוא גרימת מותו של אדם כאשר מבחינת היסוד הנפשי מדובר בגרימת המוות ב"" כוונה תחילה "" ובין שני היסודות הפיזי והנפשי צריך להתקיים קשר סיבתי עובדתי ומשפטי היסוד הנפשי הנדרש לשם גיבוש עבירת הרצח 36 סעיף 301 א לחוק העונשין מגדיר "" כוונה תחילה "" בזו הלשון ""לעניין סעיף 300 יראו ממית אדם כמי שהמית בכוונה תחילה אם החליט להמיתו והמיתו בדם קר בלי שקדמה התגרות בתכוף למעשה בנסיבות שבהן יכול לחשוב ולהבין את תוצאות מעשיו ולאחר שהכין עצמו להמית אותו או שהכין מכשיר שבו המית אותו"" ההדגשות שלי א ש כפי שנפסק לא אחת הביטוי "" כוונה תחילה "" טומן בחובו שלושה יסודות הכרחיים והם "" ההחלטה להמית "" "" ההכנה"" ו"" היעדר קנטור "" אשר רק בהצטברם יחדיו ניתן לומר כי מתקיימת בנאשם אותה "" כוונה תחילה "" הנדרשת בסעיף 300 א 2 לחוק העונשין ראו מבין רבים ע""פ 8107 10 עזר נ מדינת ישראל 9 9 2013 להלן עניין עזר ע""פ 502 10 מחאמיד נ מדינת ישראל 22 10 2012 להלן עניין מחאמיד ע""פ 431 08 גואברה נ מדינת ישראל 13 4 2010 וכן יורם רבין ויניב ואקי דיני העונשין א 436 430 מהדורה שלישית 2014 להלן רבין וואקי יסוד ההחלטה להמית 37 בעניין עזר עמדתי בפסקה 24 על משמעותו של יסוד ""ההחלטה להמית"" ""יסוד ""ההחלטה להמית"" עניינו ביסוד נפשי ובמסגרתו נדרשת הוכחת קיומה של כוונה בשני מישורים נפרדים הראשון הוא מישור רציונאלי ובגדרו נדרשת צפיית אפשרות התרחשותה של התוצאה הקטלנית ואילו המישור השני עניינו ביחס האמוציונאלי של המבצע ובמסגרתו יש לבחון את חפצו של הנאשם בהתקיימותה של התוצאה הקטלנית ע""פ 1902 10 אדרי נ מדינת ישראל 7 1 2013 להלן עניין אדרי ע""פ 759 97 אליאבייב נ מדינת ישראל פ""ד נה 3 468 2001 להלן עניין אליאבייב וכן גבריאל הלוי תורת דיני העונשין ב 166 2009 38 עוד נקבע בהלכה הפסוקה כי ההחלטה להמית אינה חייבת להתגבש לאורך זמן ולהיבחן על ידי הנאשם באופן מעמיק אלא שדי בכך כי ההחלטה תתגבש במהלך האירוע עצמו או בסמוך אליו ע""פ 512 82 דניאליס נ מדינת ישראל פ""ד מ""ה 2 496 503 1991 ע""פ 7520 02 חמאתי נ מדינת ישראל פ""ד נח 2 710 716 2004 וכן סעיף 301 ג ל חוק העונשין לפיו "" כדי להוכיח כוונה תחילה אין צורך להראות שהנאשם היה שרוי בהלך נפש מסוים במשך זמן פלוני או תוך תקופה פלונית שלפני ביצוע העבירה או שהמכשיר שבו בוצעה הוכן בזמן פלוני שלפני המעשה "" 39 ההחלטה להמית בעבירת הרצח יסודה בצפיית האפשרות להתרחשות התוצאה הקטלנית וברצון כי זו תתממש נקבע בהקשר זה כי נוכח הקושי להתחקות אחר מצבו ההכרתי תודעתי של הנאשם ונבכי נפשו התפתחה בפסיקתו של בית משפט זה ""חזקת הכוונה"" חזקה זו הינה חזקה עובדתית ראייתית אשר גורסת כי אדם מתכוון בדרך כלל לתוצאות הנובעות באופן טבעי ובהסתברות גבוהה ממעשיו בהתייחס ספציפית לעבירת הרצח נקבע כי ""מי שגרם למותו של אחר על ידי מעשה המיועד לפי אופיו ולפי מהותו לגרום לתוצאה קטלנית גם נשא בליבו את הכוונה להביא לתוצאה הטבעית של מעשהו"" ע""פ 686 80 סימן טוב נ מדינת ישראל פ""ד לו 2 253 262 1982 יפים בהקשר זה דברי השופט נ סולברג בע""פ 8667 10 ניג ם נ מדינת ישראל 27 12 2012 בפסקה 22 ""בהעדר יכולת להתחקות אחר נבכי נפשו של אדם ומשההחלטה להמית הריהי מחשבה סובייקטיבית של נאשם שלא תמיד ניתן להוכיחה בראיות ישירות נעזרים בתי המשפט ב""חזקת הכוונה"" אשר מניחה כי ""אדם מתכוון לתוצאות הטבעיות הנובעות ממעשיו"" ע""פ 228 01 יעקב כלב נ מדינת ישראל פ""ד נז 5 365 376 2003 חזקה זו נובעת מן ההנחה שמי שגרם למותו של אדם על ידי מעשה אשר על פי טיבו מיועד לגרום לתוצאה קטלנית גם התכוון בתוככי נפשו להביא לתוצאה טבעית זו שהיא פועל יוצא ממעשהו באמצעות חזקת הכוונה ניתן להוכיח הן את צפיית האפשרות להשגת התוצאה הקטלנית הן את רצון הנאשם כי תוצאה זו תתממש לעתים די בהצטברותם של מאפיינים אובייקטיביים אחדים כגון הכלי ששימש לגרימת החבלה ומיקום החבלה בגוף המנוח כדי להסיק מסקנה באשר לכוונת הנאשם חזקה זו מבוססת על ניסיון החיים היא אינה חלוטה ודי בכך שהנאשם יעורר ספק סביר בראיות המקימות את החזקה על מנת להפריכה"" 40 כאמור המדובר בחזקה שאינה חלוטה ובידי הנאשם האפשרות לסותרה בין על ידי הבאת ראיות ובין על ידי מתן הסבר מתקבל על הדעת באופן שיהיה בו כדי לעורר ספק סביר באשר לכוונה העולה מתוך המעשים שהוכחו ע""פ 3126 96 עמיר נ מדינת ישראל פ""ד נ 3 638 649 650 1996 במידה שהנאשם אינו עושה כן "" חזקת הכוונה "" הופכת לראיה חלוטה באשר לכוונתו להביא למותו של המנוח ע""פ 229 89 מדינת ישראל נ שניר בפסקה 5 1 9 1993 יסוד ההכנה 41 כפי שנקבע בפסיקה יסוד "" ההכנה "" הינו יסוד פיסי טהור שעניינו בשאלה האם ההחלטה להמית התקבלה לאחר מחשבה ושיקול דעת או שמא מדובר בהחלטה ספונטנית יסוד "" ההכנה "" עוסק בהכנות הפיסיות אשר ערך הנאשם לשם מימוש כוונתו ובכלל זה הכנתם של אמצעים המיועדים לביצוע המעשה ככלל שלב "" ההכנה "" לקראת ביצוע מעשה ההמתה מובחן ומופרד משלב "" ההחלטה להמית "" ואולם "" לא אחת החלטה להמית ומעשה הכנה להמתה שלובים ואחוזים זה בזה ואלה יחדיו עשויים להתמזג עם מעשה ההמתה עצמו עד שאין פסק זמן נראה לעין בין זה לזה "" עניין אליאבייב בעמ 470 42 ייאמר כבר עתה כי בענייננו לא היתה כל מחלוקת לגבי יסוד ההכנה ובאשר ליסוד "" ההחלטה להמית "" הרי שכלל הראיות מוביל למסקנה חד משמעית כי אף יסוד זה הוכח כדבעי כפי שציינתי בעניין עזר "" אופן ביצוע ההמתה האמצעי ששימש לביצועה ומיקום הפגיעה עשויים לבסס או לכל הפחות לחזק בהיעדר הסבר סביר אחר את ההנחה בדבר החלטתו של הנאשם להמית את קורבנו"" כך גם בענייננו הסכין בו הצטייד המערער אשר שימש לביצוע המעשה הוא לכל הדעות כלי קטלני ואופן ביצוע המעשה שלוש דקירות בחזה של המנוחה מעשה שתוצאתו הטבעית היא תוצאה קטלנית כל אלה מעידים כי גמלה בליבו של המערער ההחלטה להמית את המנוחה מבלי להתייחס בשלב זה לטענתו של המערער בנושא השכרות ניתן לקבוע כי לא עלה בידי המערער להפריך את "" חזקת הכוונה "" ולו כדי הותרת ספק סביר בדבר התקיימותה יסוד היעדר הקנטור 43 הרשעה בעבירת הרצח מחייבת הוכחתו של יסוד שלישי ונוסף והוא כאמור "" היעדר קנטור "" במסגרתו נדרשת המאשימה להוכיח כי הנאשם לא קונטר על ידי קורבנו או על ידי מאן דהוא אחר עובר לביצוע המעשה ובמילותיו של סעיף 301 א יש להוכיח כי הנאשם ""המיתו בדם קר בלי שקדמה התגרות בתכוף למעשה בנסיבות שבהן יכול לחשוב ולהבין את תוצאות מעשיו"" שאלת קיומו של קנטור נבחנת באמצעות שני מבחנים מצטברים המבחן הסובייקטיבי והמבחן האובייקטיבי ""המבחן הראשון הוא האם ההתנהגות המקנטרת השפיעה בפועל על הנאשם עד כדי לגרום לאיבוד שליטתו העצמית כך שביצע את המעשה הקטלני בלי לחשוב על תוצאת מעשהו המבחן השני הוא האם אדם מן היישוב היה עשוי בהיותו נתון במצבו של הנאשם לאבד את השליטה העצמית ולהגיב בדרך הקטלנית בה הגיב הנאשם רק אם התשובה לכל אחת משתי השאלות הללו היא חיובית לא ייחרץ דינו של הנאשם לרצח והוא יורשע בהריגה"" עניין מחאמיד בפסקה 31 ע""פ 369 69 בנו נ מדינת ישראל פ""ד כד 1 561 579 1970 ראו עוד ע""פ 3071 92 אזואלוס נ מדינת ישראל פ""ד נ 2 573 1996 ע""פ 10091 09 שפירוב נ מדינת ישראל 26 06 2012 "" יודגש בהקשר זה כי מאחר שמדובר בשני מבחנים מצטברים די לה למאשימה אם תוכיח כי אחד מהם אינו מתקיים על מנת שיסוד "" היעדר הקנטור "" יבוא על סיפוקו 44 בענייננו ניסה המערער לטעון כי הוא הותקף על ידי המנוחה עובר לנעיצת הסכין בגופה אך משנדחתה טענה זו על ידי בית משפט קמא הוא לא חזר על טענה זו במסגרת הערעור כאמור המערער משליך את עיקר יהבו על הטענה כי בעת ביצוע הרצח הוא היה שרוי במצב של "" שכרות מדעת "" ועל כן קמה לו "" הגנת השכרות החלקית "" נעבור אפוא לדון בטענה זו שהיא למעשה הטענה היחידה שהועלתה על ידי המערער כהגנה מפני הרשעתו בעבירת הרצח סייג השכרות סעיף 34ט ל חוק העונשין 45 לפי שטיעונו של המערער מתמקד כאמור בסייג השכרות הקבוע בסעיף 34ט לחוק העונשין נביא להלן את לשונו "" א לא יישא אדם באחריות פלילית למעשה שעשה במצב של שכרות שנגרמה שלא בהתנהגותו הנשלטת או שלא מדעתו ב עשה אדם מעשה במצב של שכרות והוא גרם למצב זה בהתנהגותו הנשלטת ומדעת רואים אותו כמי שעשה את המעשה במחשבה פלילית אם העבירה היא של התנהגות או באדישות אם העבירה מותנית גם בתוצאה ג גרם אדם למצב השכרות כדי לעבור בו את העבירה רואים אותו כמי שעבר אותה במחשבה פלילית אם היא עבירה של התנהגות או בכוונה אם היא מותנית גם בתוצאה ד בסעיף זה ""מצב של שכרות"" מצב שבו נמצא אדם בהשפעת חומר אלכוהולי סם מסוכן או גורם מסמם אחר ועקב כך הוא היה חסר יכולת של ממש בשעת המעשה להבין את אשר עשה או את הפסול שבמעשהו או להימנע מעשיית המעשה ה סעיפים קטנים א ב ו ג חלים גם על מי שלא היה חסר יכולת כאמור בסעיף קטן ד אך עקב שכרות חלקית לא היה מודע בשעת מעשה לפרט מפרטי העבירה"" בהתאם לסעיף 34ט א סייג השכרות יחול רק כאשר שכרות זו ""נגרמה שלא בהתנהגותו הנשלטת או לא מדעתו "" של הנאשם כעולה מסעיף זה רק אם מתקיימים שני תנאים מצטברים יוכל הנאשם לחסות תחת סייג השכרות על תנאים אלו עמדתי בע""פ 7000 10 אלפידל נ מדינת ישראל 25 10 2012 ""התנאי האחד כי מדובר בשכרות שנגרמה שלא מרצונו של הנאשם בין משום שאולץ להשתכר ובין אם מדובר בשכרות שנגרמה מבלי שהנאשם היה מודע לכך שהוא משתכר בשל חוסר ידיעתו כי הוא צורך חומר אלכוהולי התנאי השני יש להוכיח קיומו של קשר סיבתי בין השפעת החומר האלכוהולי או המסמם לבין היותו של הנאשם חסר יכולת של ממש להבין או להימנע מעשיית המעשה ע""פ 3243 95 דניאל נ מדינת ישראל פ""ד נב 1 769 1998 ע""פ 9258 00 נטרלשווילי נ מדינת ישראל פ""ד נו 2 673 2002 ע""פ 6679 04 סטקלר נ מדינת ישראל 11 5 2006 להלן עניין סטקלר נטל הראיה להיות הנאשם במצב של שכרות מוטל על כתפי הנאשם לאור האמור בסעיף 34ה ל חוק העונשין והפרשנות שניתנה לו בפסיקה למשל ע""פ 1493 98 סטפ נ מדינת ישראל פ""ד נו 4 679 685 2002 עניין סטקלר פסקה 52 ואולם נטל השכנוע רובץ עדיין על שכמה של התביעה ודי לנאשם לעורר ספק סביר שמא קיים סייג לאחריותו הפלילית סעיף 34כב ב לחוק העונשין "" סייג השכרות החלקית 46 כיום המערער אינו טוען להגנה המלאה מאחריות פלילית בהתאם ל סעיף 34ט א לחוק העונשין מאחר שאין בפיו כל טענה שאותה שכרות נטענת נגרמה שלא בשליטתו או שלא מדעתו ראו בהקשר זה רבין וואקי כרך ב בעמ 775 המערער נסמך על הוראת סעיף34ט ב לחוק העונשין המעניקה הגנה מסוימת למי שנכנס למצב של שכרות בהתנהגות נשלטת ומדעת וזאת מפני הרשעה בעבירות תוצאה בה נדרש יחס חפצי של כוונה מצד המבצע להתרחשות התוצאה ראו לעניין זה ע""פ 2452 02 טיקמן נ מדינת ישראל 12 12 2005 להלן עניין טיקמן ע""פ 4383 06 יוסף דנינו נ מדינת ישראל 25 1 2012 רבין וואקי כרך ב בעמ 779 778 על הרציונל העומד בבסיס הפחתת אחריותו של המבצע מעבירה של כוונה לעבירה שהיסוד הנפשי בה הוא של אדישות עמד השופט א לוי בעניין טיקמן בפסקה 12 ""שונה הדבר כאשר מדובר בעבירות תוצאה בהן נדרש יחס חפצי של כוונה מצד המבצע להגשמתה של תוצאה זו במצב זה כך קובע סעיף 34ט ב לחוק העונשין יש לראות את המבצע השיכור כמי שביצע את המעשה תוך אדישות להתרחשותה של התוצאה ולא יותר מכך נדמה כי הרעיון הניצב בבסיסו של סייג זה הוא כי לא ניתן לרתום את חזקת הפזיזות בדבר הסיכון המודע שהשיכור נוטל על עצמו בעת צריכתו של החומר המשכר כדי ליחס למבצע אחריות לעבירה הדורשת יסוד נפשי חמור יותר של כוונה"" 47 לפיכך ההוראות החשובות לענייננו הן אלו המופיעות בסעיפים 34ט ב ו 34ט ה שמן הראוי לחזור ולהזכירן כלשונן ב עשה אדם מעשה במצב של שכרות והוא גרם למצב זה בהתנהגותו הנשלטת ומדעת רואים אותו כמי שעשה את המעשה במחשבה פלילית אם העבירה היא של התנהגות או באדישות אם העבירה מותנית גם בתוצאה ה סעיפים קטנים א ב ו ג חלים גם על מי שלא היה חסר יכולת כאמור בסעיף קטן ד אך עקב שכרות חלקית לא היה מודע בשעת מעשה לפרט מפרטי העבירה"" 48 הוכחת סייג השכרות החלקית בהתאם למסלול זה מצריכה הנחת תשתית עובדתית איתנה ממנה ניתן ללמוד כי הנאשם "" עקב שכרות חלקית לא היה מודע בשעת מעשה לפרט מפרטי העבירה "" מלשון הסעיף עולה כי נדרשים שלושה תנאים מצטברים לתחולת הסייג א היותו של הנאשם נתון תחת השפעת חומר משכר בעת ביצוע העבירה או תחת השפעתו של גורם מסמם כלשהו ב אי מודעותו של הנאשם לפרט מפרטי העבירה בשעת המעשה כגון העובדה שהוא אוחז בסכין ג קשר סיבתי בין צריכת החומר המשכר לבין אי מודעותו של הנאשם לפרט מפרטי העבירה עניין ג אן בפסקה 13 עניין דנינו בפסקה 34 ע""פ 5266 05 זלנצקי נ מדינת ישראל בפסקאות 47 36 22 2 2007 להלן עניין זלנצקי עניין טיקמן בפסקאות 17 11 בהתאם לכך על הטוען לקיומה של שכרות חלקית לעורר לפחות ספק סביר כי הוא ביצע את העבירה במצב של שכרות ראו למשל ע""פ 8107 09 דענא נ מדינת ישראל בפסקאות 33 32 27 6 2011 49 ובחזרה לענייננו התנהגותו של המערער לפני ובעת ביצוע המעשים מושא כתב האישום מלמדת כי לא עלה בידו לעורר ספק סביר בדבר מודעותו למעשיו או באשר למודעותו לכל פרט מפרטי העבירה בראש ובראשונה יש להזכיר את קביעתו העובדתית של בית משפט קמא לפיה המערער לא היה במצב של ""שכרות חלקית"" בעת האירוע קביעה זו מבוססת כדבעי על יסוד הראיות שהוצגו בפני בית משפט קמא ובכלל זאת עדויות עובדי המפעל תנועותיו והתנהלותו של המערער כעולה מסרט האבטחה התנהגותו של המערער בשעת הרצח ופעולותיו המאופיינות בקור רוח וביישוב הדעת לאחר מעשה ההמתה כל אלה אינם מתיישבים עם היותו של המערער במצב של שכרות מלאה או חלקית עניין זלנצקי בפסקה 38 עניין סטקלר בפסקה 63 50 לכך יש להוסיף כי גם אם צרך המערער כמות מסויימת של אלכוהול יש טעם בקביעתו של בית משפט קמא לפיה לא הייתה לשתיית האלכוהול כל השפעה על החלטתו של המערער להמית את המנוחה תוך ביצוע הפעולות הנדרשות לשם השגת מטרה זו עולה ממכלול הראיות כי המערער פעל מתוך מודעות מלאה למעשיו בעת ביצוע הרצח ולאחריו כאמור עובדי המפעל אשר פגשו את המערער טרם קרות האירוע לא ציינו ולו ברמז כי המערער נחזה בעיניהם כאדם שיכור או כמי שנתון תחת השפעת משקאות משכרים כזכור המערער הגיע באמצעות רכבו למפעל כשהוא מצויד בסכין טיפס מעל השער נכנס לשטח המפעל ופנה אל המבנה בו עבדה המנוחה הוא ניגש אל המנוחה וביקש ממנה להתלוות אליו אל מחוץ למבנה ובהיותם ליד אחד המשטחים ביצע המערער את הרצח המערער זכר היטב כי הצטייד בסכין כי הוציא את הסכין מכיסו עובר לביצוע הרצח ותיאר בפרוטרוט לשוטרים כיצד הביא למותה של המנוחה בכך שנתן לה "" שלוש מכות עם הסכין "" המערער זכר בנוסף כי לאחר הדקירה האחרונה נותרה ידית הסכין בידו והוא השליכה ארצה המערער אף הסביר את המניע למעשיו באומרו כי ביצע את הרצח כיוון שהרגיש כי המנוחה אינה מוכנה לחיות עמו ואם היא לא תהיה שלו ""אז לא של אף אחד "" 51 העולה מן המקובץ הוא כי המערער היה מודע היטב לכל פרט מהפרטים המרכיבים את עבירת הרצח וביצע את המעשה הנפשע בהיותו מודע למעשיו ועל כן הוא אינו חוסה בצילה של הגנת השכרות החלקית משנדחתה הגנתו של המערער בנושא השכרות חלקית ונדחתה טענתו בדבר חוסר מודעותו למעשיו המסקנה המתבקשת היא דחיית ערעורו של המערער על הרשעתו בעבירת הרצח 52 ואם הגענו עד הלום נותר לנו עוד לדון בשתי טענות שהעלה המערער שכפי שיובהר להלן אין בהן כדי לשנות את התוצאה שאליה הגעתי הנושא הראשון נוגע לטענת המערער לפיה הוא לא הוזהר על ידי השוטר אליהו אשר לא העמידו על זכויותיו ולא הסביר לו את סיבת מעצרו ועל כן יש לפסול את הודאתו בפני השוטר מן הראוי לציין בהקשר לטענה זו כי אף לו הייתה נפסלת ההודאה הראשונה שנמסרה לשוטר אליהו בהתאם לאמות המידה שנקבעו בע""פ 5121 98 יששכרוב נ התובע הצבאי הראשי פ""ד סא 1 461 2006 בשל אי יידועו של המערער בדבר זכויותיו בחקירה לא היה בעובדה זו כדי לשנות מהמסקנה המרשיעה אליה הגיע בית משפט קמא ממכלול הראיות עולה כי גם בהתעלם מהודאתו הראשונה של המערער בפני השוטרים בזמן מעצרו קיימות ראיות חד משמעיות להוכחת הנטען בכתב האישום כך שפסילת ההודאה אינה מעלה ואינה מורידה מבחינתו של המערער עם זאת יש להדגיש כי מדו""ח הפעולה שהוגש על ידי השוטר אליהו עולה כי טרם שהיה סיפק בידו להזהיר את המערער ולהודיעו על עילת מעצרו החל הלה לדבר בשטף והבהיר כי הוא יודע מהי סיבת מעצרו ""בגלל שהוא הרג היום את סבטלנה החברה שלו"" עוד ראוי להזכיר כי עוד טרם שהמערער החל למסור את עיקרי גרסתו הוסברו לו זכויותיו ובכלל זאת הובהרה לו זכות השתיקה העומדת לו והוא הוזהר מפני הפללה עצמית לא זו אף זו בדברים שנמסרו לשוטרים טרם שהודע למערער על זכויותיו בחקירה המדובר באמירה ספונטנית אשר ההגנה לא חלקה על תוכנה ואין עילה להתערב בקביעתו של בית משפט קמא כי המערער הסכים לתוכנה של הראיה לאור האמור יש לדחות את טענתו זו של המערער 53 טענה נוספת שהועלתה על ידי המערער נוגעת למחדל חקירה הנעוץ לשיטתו בעובדה כי לא נערכה לו בדיקה לשם בירור רמת ריכוז האלכוהול בדמו בית משפט קמא דחה טענה זו בעיקר בשל העובדה כי לא הונחה תשתית ראייתית ממנה ניתן ללמוד כי היתה משמעות כלשהי לבדיקה זו מבחינת הגנתו של המערער המערער נעצר מספר שעות לאחר ביצוע הרצח ואין חולק כי טרם מעצרו הוא צרך משקה אלכוהולי בכמות בלתי ידועה בנסיבות אלה לא ברור אם בדיקת ריכוז האלכוהול בדמו של המערער לו נערכה בדיקה כזו היה בה כדי ללמד על מצבו של המערער במועד ביצוע הרצח זאת בעיקר כאשר לא הוגשה חוות דעת מומחה ממנה ניתן ללמוד על האפשרות לערוך חישובים המלמדים על ריכוז האלכוהול בשעת הרצח תוך מתן משקל לנתונים שונים כמו קצב ספיגת האלכוהול על ידי המערער סבילותו של המערער לאלכוהול תזונתו בשעות הרלוונטיות סוג המשקה שצרך ועוד לכך יש להוסיף כאמור את העובדה כי צריכת האלכוהול על ידי המערער לאחר ביצוע הרצח משבשת את האפשרות להגיע לתוצאה בעלת משקל של ממש המעידה על מצבו של המערער במועד ביצוע הרצח בנסיבות אלה אינני סבור כי מדובר במחדל חקירה מבחינתם של חוקרי המשטרה לבסוף גם אם נניח כי מדובר במחדל חקירה והיה על החוקרים לערוך למערער סמוך למועד מעצרו בדיקה של ריכוז האלכוהול בדמו עדיין יש להראות כי בשל מחדל זה "" נפגעה יכולתו של הנאשם להתמודד כראוי עם חומר הראיות אשר עמד נגדו עד כי קיים חשש ממשי כי הגנתו קופחה כמו גם זכותו להליך הוגן "" ע""פ 5633 12 ניימן נ מדינת ישראל 10 7 2013 בפסקה 48 וראו גם ע""פ 3947 12 סלאח נ מדינת ישראל 21 1 2013 ע""פ 5386 05 אלחורטי נ מדינת ישראל 18 5 2006 כפי שהובהר לעיל ובשים לב למכלול הראיות שהוצגו בעניינו של המערער אינני סבור כי באי עריכת הבדיקה נפגעה הגנתו של המערער או שקופחה זכותו להליך הוגן סיכומם של דברים 54 מהאמור לעיל עולה כי בדין הורשע המערער ברצח המנוחה ולפיכך אציע לחברותי לדחות את הערעור על הרשעתו של המערער ולהותיר את הכרעת דינו של בית משפט קמא על כנה רכיב הפיצוי בגזר הדין 55 המערער חויב כאמור גם בפיצויים בסך של 258 000 לטובת בעלה של המנוחה ובנה וזאת בנוסף למאסר עולם שהוא עונש החובה הקבוע בעבירת הרצח אינני רואה כל ממש בטענתו של המערער לפיה בית המשפט היה מנוע מלפסוק פיצויים לנפגעי העבירה בנוסף להטלת עונש מאסר העולם וזאת לאור האמור בסעיף 77 א לחוק העונשין לפיו ניתן לחייב נאשם בתשלום פיצויים לניזוק לשם "" פיצוי הנזק או הסבל שנגרם לו "" כפי שנקבע בעניין יאיר הטלת פיצויים לפי סעיף 77 א לחוק העונשין אינה מהווה רכיב עונשי נוסף כי אם פיצוי אזרחי ועוד נקבע כי לעניין ערעור רואים את החיוב בפיצויים כפסק דין "" שניתן בתובענה אזרחית של הזכאי נגד החייב בו "" סעיף 78 לחוק העונשין לפיכך גם דינה של טענה זו להידחות 56 כאמור הגעתי למסקנה כי יש לדחות את הערעור וכך אציע לחברותי לעשות ש ו פ ט הנשיאה מ נאור אני מסכימה הנשיאה השופטת א חיות אני מסכימה ש ו"
HUGGINGFACE-f13d7a450f3b,2026-05-26T07:21:27+03:00,manual_review_no_defendant_relief,none,"הגעתי לכלל מסקנה כי המערער ביצע את המיוחס לו בכוונת תחילה לאחר שגמר אומר להמית את המנוחה ותוך שביצע שורה של פעולות שיש בהן כדי לקיים את יסוד ההכנה הנדרש בחוק והכל מבלי שקונטר על ידי המנוחה וכשלא עומדת לו הגנת השכרות לה טען 10 נוכח כל האמור לעיל אני סבור כי יש לדחות את ערעורו של המערער וכך אציע לחבריי לעשות ש ו פ ט השופט צ זילברטל אני מסכים ש ו פ ט השופט נ סולברג אני מסכים ש ו פ ט הוחלט כאמור בפסק דינו של השופט י דנציגר ניתן היום כ""ב בשבט התשע""ה 11 2 2015 ש ו פ ט ש ו פ ט ש ו פ ט _________________________ העותק כפוף לשינויי עריכה וניסוח 13035680_W08 doc חכ מרכז מידע טל 077 2703333 אתר אינטר"
HUGGINGFACE-77933bc5b545,2026-05-26T07:21:27+03:00,manual_review_lesser_offense,conviction_modified_lesser_offense," 4 2010 בתפ""ח 10846 11 08 שניתנו על ידי כבוד השופטים א טל סג""נ ד""ר א סטולר ור לורך תאריך הישיבה י""ב בניסן התשע""ה 1 4 2015 בשם המערער עו""ד אורי ברעוז עו""ד נדיר ברנסי עו""ד גיא שמר בשם המשיבה עו""ד יאיר חמודות פסק דין אנו נותנים תוקף להסכמה אליה הגיעו הצדדים לפיה חלף הרשעת המערער בעבירת רצח לפי סעיף 300 א לחוק העונשין תשל""ז 1977 יורשע המערער בעבירה של סיוע לרצח לפי סעיפים 300 א ו 32 1 לחוק העונשין תשל""ז 1977 ועונשו יעמוד על 14 שנות מאסר בפועל החל מיום מעצרו 4 11 2008 וזאת תחת העונש שהוטל עליו בתפ""ח 10846 11 08 בבית המשפט המחוזי מרכז ניתן היום י""ב בניסן התשע""ה 1 4 2015 ש ו פ ט ש ו פ ט ש ו פ ט _________________________ העותק כפוף לשינויי עריכה וניסוח 10040900_H26 doc שצ מרכז מ"
HUGGINGFACE-dd1c796c5216,2026-05-26T07:21:27+03:00,manual_review_no_defendant_relief,none,ן אין בפנינו מחדלים שיש להם פוטנציאל לסייע למערער בהגנתו וליצור ספק בדבר אשמתו כמו כן אינני סבור כי קופחה זכותו של המערער למשפט הוגן 75 לסיכום הנני סבור כי עמדה בפני בית משפט קמא תשתית ראייתית איתנה שהובילה להרשעתו של המערער בכל העבירות שיוחסו לו ואציע לחבריי לדחות את ערעורו על הכרעת הדין הערעור על עונשו של המערער 76 לטענת בא כוחו המערער לא היה מקום לצבירת העונשים בעניינו של המערער שכן מדובר במעשה אחד אשר הביא למותן של שתי נשותיו ובתו ולפציעתה של בתו האחרת טרם שאדרש לטענה זו מן הראוי לחזור ולהזכיר את המעשה הנפשע והנתעב שביצע המערער שעה ששלח אל מותן את בני משפחתו הקרובים ביותר תוך שהוא רומ
HUGGINGFACE-0e80cb429dfc,2026-05-26T07:21:27+03:00,manual_review_no_defendant_relief,none,"בוד הנפגע על אחת כמה וכמה נכונים הדברים במקרה הנוכחי בו לא נקבע כי המנוח מת במקום אין אפוא בעובדה שהתברר למערער בדיעבד כי אמבולנס הוזעק על ידי אחרים כדי לפטור אותו מאחריותו כלפי המנוח 6 המערער הסתייג מחומרת העונש אולם עונש זה אינו סוטה ממדיניות הענישה הראויה ואינו מצדיק את התערבותה של ערכאת הערעור ניתן אף לומר שעונש המאסר בפועל מקל ביחס לעבירות שבהן הורשע ולחלקו הישיר בהן ראו ע""פ 6461 11 אחמד יאסין נ מדינת ישראל 22 01 2014 ע""פ 2376 12 מוחמד הינדאוי נ מדינת ישראל 23 06 2013 על אלה יש להוסיף כי המערער בצורה שיטתית התעלם מקריאותיהם של אחרים לעצור כך לפני שדרס את המנוח וכך אף לאחר מכן לגבי עבירת הה"
HUGGINGFACE-339bb0c23418,2026-05-26T07:21:27+03:00,manual_review_sentence_relief,sentence_relief_only,מערער להתעשת וזאת בשונה מהנסיבות המתוארות בעניין מזרחי שם הדוקר עזב את המקום וחזר מצויד בסכין כעבור שעה ואף בשונה מעניין בשתאוי שם הדוקר נטש את ה מקום ושב אליו בהמשך באנו אפוא למסקנה כי בית המשפט קמא החמיר יתר על המידה בקביעת מתחם הענישה להשקפתנו במקרה דנן יש להפחית את הרף התחתון של מתחם הענישה כך שיעמוד על 13 שנות מאסר בפועל והרף העליון 18 שנות מאסר בפועל יוותר על כנו 11 בתוך מתחם הענישה ראינו לגזור את עונשו של המערער ברף הנמוך של המתחם הבאנו בחשבון לעניין זה את נסיבותיו האישיות והמשפחתיות של המערער היעדר עבר פלילי מכביד מצדו פרט להרשעה בעבירה שעניינה החזקת מקום להימורים אורח חייו הנורמטיבי עד לקרות האירוע גילו וההשפעה שתהא לתקופת מאסר ממושכת עליו הצער והחרטה העמוקים שהביע על מעשיו ולקיחת האחריות המלאה שלו עליהם הודאתו שחסכה ניהול הליך הוכחות ארוך וההשפעה הקשה שתהא לתקופת מאסר ממושכת על משפחתו ובעיקר על אחיו אריק נוכח אלה ראינו להפחית את עונש המאסר בפועל שיישא המערער ל 13 שנים עונש זה מצוי בתוך הטווח עליו הוסכם בהסדר הטיעון והולם את חומרת המעשה את חלקם של המנוח ושלום בהסלמת האירוע ואת הנסיבות שאינן קשורות בביצוע העבירה שעליהן עמדנו לעיל רכיב הפיצוי 12 מכאן לשאלת שיעור הפיצוי אשר כאמור גם בה מצאנו להתערב הפיצוי לנפגע העבירה הוא רכיב בעל גוון אזרחי אשר מטרתו המרכזית להיטיב עמו ולפצות אותו בגין הנז
HUGGINGFACE-bca04d54178b,2026-05-26T07:21:27+03:00,manual_review_sentence_relief,sentence_relief_only,"חות הקורבנות והדגישה כי נדרשת החמרה על מנת להילחם בתופעת הקטל בכבישים לפיכך נטען כי מתחם הענישה ההולם בגין קורבן בודד נע בין ארבע לשש שנות מאסר בפועל וכי בנסיבות המקרה יש להעמיד את עונשו של המערער על הטווח שבין שבע לעשר שנות מאסר בפועל המערער טען כי בעוד שאין להקל ראש בחומרת העבירה הרי שיש לקחת בחשבון את העובדה כי נהג רק בכ 15 קמ""ש מעל המותר וריכוז האלכוהול בדמו לא היה כזה אשר יש בו כדי למנוע שליטה ברכב ובנעשה בכביש עוד נטען כי המערער סובל מנכות תפקודית גבוהה עקב התאונה אי לכך טען המערער כי מתחם העונש הראוי עומד בנסיבות העניין על בין שישה חודשי מאסר לריצוי בדרך של עבודות שירות לבין 24 חודשי מאסר בפועל מתסקיר הקורבן שנערך על ידי שירות המבחן עולה כי אובדנה של משפחת הירשפלד הינו רב וכי ישנה חשיבות בחיוב המערער לשלם פיצוי כחלק מהמאמץ לשיקום המשפחה בהתחשב בכל השיקולים הללו ועל רקע התנהגותו הבלתי מוסרית של המערער ותופעת הקטל בכבישים הושתו על המערער העונשים המנויים לעיל טענות הצדדים בערעור 4 המערער באמצעות בא כוחו עו""ד ויסאם לידאוי זנח בפתח הדיון את טענותיו לעניין הכרעת הדין וזאת לנוכח העובדה שהודה ולקח אחריות על מעשיו במהלך שהותו בכלא כפי שעולה מתסקיר שירות המבחן מיום 14 5 2015 כמפורט להלן לעניין גזר הדין נטען כי יש לקחת בחשבון את עברו הפלילי הנקי של המערער את העובדה שהן מהירות הנסיעה והן ריכוז האלכוהול בדמו לא היו ברף הגבוה ואת נסיבותיו האישיות של המערער ובכללן גירושין מאשתו נכותו הצמיתה כתוצאה מהתאונה הדרדרות מצבו הכלכלי ואובדן בן דודו בתאונה 5 המשיבה באמצעות בא כוחה עו""ד אבי וסטרמן מתנגדת להקלה בעונש שנגזר על המערער לטענתה המערער נהג ברכב כשהוא שיכור ובכך נטל על עצמו סיכון חמור לגרימת מוות למרבה הצער החלטתו של המערער אכן הובילה לנטילת חייהם של שני בני אדם כמו כן מפנה המשיבה לפסיקה של בית משפט זה המתייחסת לחומרה הגלומה בעבירות של נהיגה בשכרות 6 אלמנתו של הירשפלד שלא היא ולא עזבונו צורפו כצדדים להליך שלפנינו מבקשת לעשות שימוש בסעיף 3א לחוק המרכז לגביית קנסות אגרות והוצאות התשנ""ה 1995 להלן חוק גביית קנסות באמצעות בא כוחה עו""ד גונן כספין נטען כי שלושה מתוך ארבעת ילדיה היו קטינים בעת מתן גזר הדין ובכך לשיטתה יש כדי להצדיק תשלום של 10 000 ש""ח לכל אחד מהקטינים על ידי המרכז לגביית קנסות וזאת על חשבון סכום הפיצוי הכולל שאותו אמור המערער לשלם למשפחת המנוח העומד על 50 000 ש""ח לטענתה תשלום זה מוצדק בפרט נוכח העובדה שהמערער הצליח עד כה לשלם אך סכום זעום מתוך הסכום הכולל בו חויב בדיון שהתקיים לפנינו המשיבה הביעה הסכמתה לבקשה בעוד שהמערער התנגד לה תסקיר שירות המבחן 7 הונח לפנינו תסקיר עדכני בעניינו של המערער שתאריכו 14 5 2015 שירות המבחן ביסס את התסקיר על מידע שקיבל מהכלא בו מרצה המערער את עונשו לפי התסקיר המערער התקשה בהתחלה להסתגל לעובדת מאסרו ודבק בעמדתו לפיה לא הוא היה זה שנהג ברכב בעת התאונה אולם במהלך הקשר הטיפולי מסר כי אכן נהג ברכב בעת אירוע התאונה וקיבל אחריות לביצוע העבירה תוך שהוא מבטא מוכנות להסתייע בגורמי הטיפול במסגרת המאסר כמו כן צוין כי המערער מקיים קשר תקין ותכוף עם משפחתו וכי הוא נמצא בשלבי הכנה לקראת פרויקט הטיפול ""מאסר ראשון"" דיון והכרעה 8 בעקבות הודעתו של בא כוח המערער במהלך הדיון שנערך לפנינו הצטמצמה המחלוקת לסוגיית גזר הדין בלבד לאחר ששמענו את טענות הצדדים בדיון שנערך לפנינו ועיינו באסמכתאות שהוגשו לעיוננו הגענו לכלל מסקנה כי דינו של הערעור להידחות 9 נקודת המוצא הרלוונטית לעניין היא כי ערכאת הערעור אינה נוטה להתערב בחומרת העונש שנקבע על ידי הערכאה הדיונית אלא במקרים חריגים ראו למשל ע""פ 3091 08 טרייגר נ מדינת ישראל פסקה 11 29 1 2009 והאסמכתאות שם ע""פ 4235 12 חטיב נ מדינת ישראל פסקה 9 3 2 2015 והאסמכתאות שם אנו סבורים כי לא עלה בידו של המערער להראות כי המקרה דנן בא בגדרם של אותם מקרים חריגים אמנם מקובל עלינו כי השיקולים שלטענת העורר מצדיקים הקלה בעונש אינם שיקולים של מה בכך אין חולק כי הנתונים עליהם מצביע המבקש ובכללם ריכוז אלכוהול בדם של 94mg כאשר הרף המותר הינו עד 50mg ומהירות נסיעה של 94 79 קמ""ש בכביש בו מהירות הנסיעה המירבית המותרת הינה 80 קמ""ש יכול שישפיעו במידה מסוימת על עונשו של מי שמואשם בעבירות כגון דא באופן דומה ברור כי יש לקחת בחשבון את נסיבותיו האישיות "
HUGGINGFACE-f780e9c26687,2026-05-26T07:21:27+03:00,manual_review_sentence_relief,sentence_relief_only,"הנדרש להוכחת קנטור נטען כי אין להשוות את מצבו של המערער למצבו של אדם ""רגיל"" מן הישוב אלא לאדם מן הישוב אשר סובל מהפרעה נפשית של אי שליטה בדחפים 8 טענתו החלופית של המערער היא לענין העונש המערער עותר לעריכת חוות דעת פסיכיאטרית נוספת אשר תקבע ממצאים שישמשו לצורך הקלה בעונשו בהתאם לסעיף 300א לחוק העונשין 9 מנגד טענה המדינה בדיון שנערך לפנינו כי יש לדחות את הערעור נטען כי במקרה דנן ניתן ללמוד על היסוד הנפשי של המערער באמצעות חזקת הכוונה אשר אף מקבלת משנה תוקף נוכח אינדיקציות שונות שעליהן עמד בית המשפט המחוזי וביניהן משך החניקה ההפסקה והחזרה למעשה סוג החניקה הטחת הראש במיטה והבריחה לאחר המעשה מבלי להזעיק עזרה כן נטען כי האמירות המפורשות של המערער במשטרה לפיהן הוא רצה במותה של המנוחה מחזקות מסקנה זו אשר לטענה בדבר מצבו הנפשי נטען כי אין בסיס לקבוע שהמערער סובל ממצב נפשי ששלל ממנו את היכולת להימנע מביצוע המעשה הודגש כי כפי שעלה מחוות הדעת שהציגה המדינה המערער אושפז לצורך אבחון למשך זמן ממושך כשלושה שבועות במהלכו אובחן על ידי צוות רב מקצועי וכי המסקנה הייתה שהמערער מתחזה ולא סובל מהפרעה נפשית כלשהי כן הודגש שחוות הדעת מטעם המערער התבססה בעיקר על דברים שהמערער ובני משפחתו מסרו וכי בבית המשפט הסתבר שחלקם כלל אינם נכונים עוד נטען כי אין מקום להתערב בקביעת בית המשפט המחוזי בענין העדפת חוות הדעת שכן לערכאה הדיונית יש יתרון בקביעת המהימנות של המומחים לענין טענת הקנטור נטען כי בבית המשפט המחוזי הייתה הסכמה מפורשת של ההגנה כי מעשי המנוחה לא ביססו קנטור וכי על כן לא ניתן להעלות את הטענה בשלב הערעור הודגש כי בניגוד לטענת המערער יש לטענה זו מימד עובדתי שהיה צריך להיבחן במהלך המשפט לגופו של ענין נטען כי בית המשפט המחוזי קבע שלא היה קנטור הן על פי המבחן הסובייקטיבי והן על פי המבחן האובייקטיבי וכי אין יסוד להתערב בקביעה זו 10 המדינה גם מתנגדת לטענתו החלופית של המערער בענין העונש בענין זה נטען כי במענה לבית המשפט קבע סגן הפסיכיאטר המחוזי בין היתר כי גם אם המערער סובל מתסמונת כלשהי הרי שאין מדובר בהפרעה נפשית העונה לדרישה שבסעיף 300א לחוק העונשין דיון והכרעה 11 מוקד הערעור בשאלה האם הוכחו במקרה דנן יסודות עבירת הרצח ""בכוונה תחילה"" premeditation לפי סעיפים 300 א 2 ו 301 לחוק העונשין כידוע על מנת להרשיע בעבירת הרצח ""בכוונה תחילה"" נדרשת הוכחתם של שלושה יסודות החלטה להמית הכנה והעדר קנטור דנ""פ 1042 04 ביטון נ מדינת ישראל פ""ד סא 3 646 2006 להלן ענין ביטון ש""ז פלר יסודות בדיני עונשין כרך א 583 554 1984 להלן פלר יורם רבין יניב ואקי דיני עונשין כרך א 447 430 מהדורה שלישית 2014 להלן רבין וואקי 12 גיבושה של עבירת הרצח מחייב הוכחת כל שלושת היסודות האמורים ודי בהעדר אחד מהם כדי לשלול הרשעה ברצח ""בכוונה תחילה"" עם זאת יצוין כי גם בהעדר אחד היסודות עדיין עשויה להתגבש עבירת המתה אחרת כגון עבירת הריגה בהתקיים קנטור פלר בעמ 557 ענין ביטון בעמ 671 בענייננו טוען המערער שלא מתקיימים שניים מהיסודות האמורים ההחלטה להמית והעדר הקנטור נבחן אפוא טענה זו 13 תחילה ליסוד ההחלטה להמית יסוד זה מתייחס למודעות הנאשם למעשיו ולכוונתו כי התוצאות הנובעות ממעשיו תתרחשנה בגדרו של יסוד זה נדרש להראות כי הנאשם חזה מראש את אפשרות ההתרחשות של התוצאה הקטלנית וכי הוא רצה שזו תתגשם ענין ביטון בעמ 673 671 יסוד זה יכול להתגבש מבעוד מועד במסגרת תכנית סדורה אך יכול גם שיתגבש כתגובה מידית לאירוע ואף במהלך מעשה הקטילה ותוך כהרף עין ע""פ 512 89 דניאלס נ מדינת ישראל פ""ד מה 2 496 503 1991 ע""פ 7520 02 חתאמי נ מדינת ישראל פ""ד נח 2 710 716 2004 ענין ביטון בעמ 672 אשר להוכחת הרצון בתוצאה הקטלנית מאחר ועסקינן ביסוד סובייקטיבי מובהק הרי שזה מוכח בדרך כלל באמצעות "" חזקת הכוונה "" או ""הנחת הכוונה"" חזקה לפיה אדם מתכוון לתוצאות הטבעיות הנובעות ממעשיו ע""פ 410 85 בן שימול נ מדינת ישראל פ""ד מ 4 757 760 1986 להלן ענין בן שימול ע""פ 339 84 רבינוביץ נ מדינת ישראל פ""ד לט 4 253 258 1985 ע""פ 759 97 אליאבייב נ מדינת ישראל פ""ד נה 3 459 467 2001 להלן ענין אליאבייב ע""פ 228 01 כלב נ מדינת ישראל פ""ד נז 5 365 376 2003 14 בענייננו בית המשפט המחוזי הגיע למסקנה כי יסוד ההחלטה להמית התקיים טענותיו של המערער כלפי מסקנה זו הן כאמור שלוש האחת כי הודעותיו במשטרה בניגוד לקביעותיו של בית המשפט המחוזי לא הצביעו במובהק על צפייה ורצון להמית את המנוחה השנייה כי גם מנסיבות המקרה לא ניתן היה להסיק שהמערער חפץ בהמתת המנוחה אלא לכל היותר בהשתקתה והשלישית כי מצבו הנפשי של המערער לא אפשר לו לגבש רצון וכוונה להמית את המנוחה 15 אין בידי לקבל טענות אלה עיקר הכרעתו של בית המשפט המחוזי בענין זה התבססה על ""הנחת הכוונה"" היינו החזקה הניתנת לסתירה לפיה אדם מתכוון על דרך הכלל לתוצאות הטבעיות של מעשיו המסקנה בענייננו בהתבסס על חזקת הכוונה כי יסוד ההחלטה להמית התקיים במערער נסמכה על המאפיינים והנסיבות של מעשה הקטילה וביניהם העובדה שהמתת המנוחה בוצעה על ידי חניקה בידיים שנמשכה לפי עדות הפתולוג כ 5 4 דקות זמן ארוך מאוד המאפשר הבנת מעשיו ותוצאותיהם לכך יש להוסיף את השימוש שעשה המערער בתנוחת חניקה מיוחדת אותה למד לדבריו בשיעורי קראטה את חזרתו לחנוק את המנוחה לאחר שהופרע על ידי ניסיונה של האם להיכנס לחדר את הטחת ראשה של המנוחה בגב המיטה וכן את הימלטותו של המערער מהמקום אחר האירוע מבלי להזעיק עזרה אינדיקציות אלה שעל התרחשותן לא חולק המערער מבססות לטעמי היטב את הקביעה כי המערער חזה את התוצאות הטבעיות של מעשיו לפחות תוך כדי פעולת החניקה וחפץ בהתגשמותן לא ניתן לקבל את הטענה כי המערער אך חפץ להשתיק את המנוחה טענה זו אינה מתיישבת עם התשתית העובדתית שנקבעה בפסק דינו של בית המשפט המחוזי ושהוצגה לעיל ובפרט לא עם העובדה הברורה מאליה שחניקה ממושכת של מספר דקות המלווה גם בהטחת הראש בגב המיטה סופה שתוביל לתוצאה קטלנית ""העובדה שלפיתת הצוואר בחזקה גורמת לחניקתו של אדם ידועה היטב לכל בר בי רב היינו אף למי שאינו בקי במדע הפתולוגיה ולא שמע מעולם על עורק התרדמה הווה אומר מי שלוחץ על צווארו של אדם השכוב לפניו מוחזק כמי שמבין היטב מה עלולה להיות התוצאה של לפיתה זו"" ע""פ 759 77 גולדני נ מדינת ישראל פ""ד לב 3 813 824 1978 וראו גם ענין אליאבייב בעמ 468 16 מכאן שאף טענת המערער שאין לפרש את דבריו בהודעותיו במשטרה כמבטאות הודאה ברצון להמית את המנוחה לא יכולה לסייע בידו זאת שכן גם אם אניח לטובת המערער בניגוד לפשוטם של דברים ולקביעותיו של בית המשפט המחוזי כי מהודעותיו השונות לא עולה באופן ברור ומובהק רצון להמית את המנוחה הרי שאין בכך כדי לשנות מן המסקנה הברורה העולה ממכלול האינדיקציות האמורות התומכות היטב בחזקת הכוונה אין הכרח בעדות ישירה של רוצח על צפונות ליבו אלה נלמדות כאמור ממעשיו ומהנסיבות החיצוניות של האירוע באמצעות חזקת הכוונה ובענייננו הנסיבות והאינדיקציות הן ברורות ומובהקות 17 יש לדחות גם את הטענה לפיה מצבו הנפשי של המערער לא אפשר לו לגבש רצון וכוונה להמית בית המשפט המחוזי בחן לעומק את גרסתו זו של המערער ולאחר שעיין בחוות הדעת הרפואיות מטעם המערער ומטעם המדינה ולאחר שהמומחים השונים העידו ונחקרו לפניו הגיע לכלל מסקנה החלטית כי אין בסיס לטענה בדבר קיומה של הפרעה נפשית אצל המערער וכל שכן הפרעה שפגעה או השפיעה על שיפוטו בית המשפט עמד על כך שחוות הדעת מטעם המערער שערך ד""ר קריינין נשענה על תשתית עובדתית חסרה שלא לומר מוטעית ואיני רואה צורך לחזור על הדברים המפורטים לעיל לאחר העיון ושמיעת טענות הצדדים לא ראיתי כל טעם טוב להתערב בקביעותיו ובמסקנותיו של בית המשפט המחוזי המבוססות ומנומקות היטב טענותיו של המערער לענין זה לא הצביעו על כל חסר או פגם בממצאיו ובמסקנותיו של בית המשפט המחוזי המצדיקים את התערבותנו 18 ואשר ליסוד העדר הקנטור בסיכומיה בבית המשפט המחוזי הבהירה ההגנה באופן מפורש כי אין היא גורסת שבנסיבות הענין התקיים קנטור כמשמעותו בפסיקה אולם עתה בשלב הערעור מעלה בא כוח המערער טענה לפיה היה קנטור מצידה של המנוחה אשר הוביל לחניקתה על ידי המערער נטען כאמור כי מאחר שמדובר בטענה משפטית אין מניעה להעלותה בשלב זה שכן לצורך הוכחתה לא יהיה הכרח בהבאת ראיות חדשות או בניתוח ממצאי מהימנות אין כל ממש בטענה זו 19 ראשית אזכיר כי הלכה פסוקה היא מימים ימימה מאז נקבעה בענין סגל ע""פ 46 54 היועץ המשפטי לממשלה נ סגל פ""ד ט 393 1955 כי יסוד העדר הקנטור או ""העדר ההתגרות"" provocation כולל בחובו לצד המבחן הסובייקטיבי גם מבחן אובייקטיבי הלכה זו נבחנה שוב לא מכבר בהרכב מורכב בענין ביטון ובית משפט זה החליט שלא לשנותה לדיון נרחב ביסוד הקנטור ראו ענין ביטון בעמ 677 ואילך ענין אליאבייב בעמ 471 ואילך פלר בעמ 572 557 רבין וואקי בעמ 446 436 מרדכי קרמניצר ""כוונה תחילה או כוונה רגילה ברצח בכוונה תחילה על מהות היסוד של העדר קנטור בעבירה של רצח בכוונה תחילה"" משפט פלילי קרימינולוגיה ומשטרה א 9 1986 עניינו של המבחן הסובייקטיבי הוא בשאלה האם ההתנהגות המתגרה הנטענת השפיעה בפועל על הנאשם הספציפי עד כדי איבוד שליטה עצמית במידה שהוא לא היה יכול לחשוב ולהבין את תוצאות מעשיו ע""פ 396 69 בנו נ מדינת ישראל פ""ד כד 1 561 579 1970 ענין אליאבייב בעמ 471 ענין ביטון בעמ 679 זהו מבחן עובדתי בעיקרו ע""פ 686 80 סימן טוב נ מדינת ישראל פ""ד לו 2 253 263 1982 לעומתו עניינו של המבחן האובייקטיבי הוא בשאלה האם אדם סביר ""אדם מן הישוב"" היה עלול באותן נסיבות שבהן היה נתון הנאשם לאבד שליטה עצמית ולהביא לתוצאה הקטלנית ענין ביטון בעמ 693 684 בניגוד למבחן הסובייקטיבי שהוא כאמור עובדתי בעיקרו המבחן האובייקטיבי הוא מבחן ערכי נורמטיבי במהותו ע""פ 322 87 דרור נ מדינת ישראל פ""ד מג 3 718 724 1989 רק אם התשובה לשני המבחנים היא חיובית לא יחויב הנאשם בעבירת רצח אלא בהריגה בלבד 20 הנה כי כן טענת העדר הקנטור איננה אך טענה משפטית על מנת להוכיח קנטור יש להוכיח בראיות בפני הערכאה הדיונית כי הנאשם הספציפי אכן הושפע במעשיו מהתגרות שארעה עד כדי איבוד שליטה עצמית כאמור זוהי שאלה עובדתית ראייתית הטעונה טענה והוכחה בענייננו טענות המערער אינן מתמקדות במבחן האובייקטיבי אשר אפשר שיעורר שאלה משפטית בלבד עיקר טענותיו מופנה דווקא לעניינים שבעובדה אשר לא נטענו על ידו בשלב הבאת הראיות בבית המשפט המחוזי המערער טוען כי ניתוחו של בית המשפט את יסוד הקנטור לוקה בחסר שכן הוא התעלם מהעובדה שהמנוחה הכתה את המערער וכי מכות אלה בשילוב צעקותיה הם אלה שהעלו את חמתו והיו בבחינת ""הקש ששבר את גב הגמל"" ואולם מעבר לכך שלא זו התמונה העולה מהודעותיו של המערער במשטרה הרי שבשל הסכמה מפורשת של המערער לכך שבנסיבות הענין לא היה קנטור הדבר לא נבחן באופן מעמיק על ידי בית המשפט קמא אך מעבר לכך גם אם אניח לטובת המערער כי מחומר הראיות אכן עולה שהמנוחה הכתה אותו עדיין קשה מאוד להלום שמכות אלה עולות כדי התגרות הגורמת לאובדן שליטה לצורך התקיימותו של המבחן הסובייקטיבי שביסוד העדר הקנטור ומכל מקום הדבר לא נטען ולא הוכח על ידי המערער זאת ועוד וזה עיקר גם לו הוכח כי התרחש בענייננו קנטור סובייקטיבי ואני רחוק מלקבל זאת אין כל ספק שאין המקרה דנן עומד במבחן הקנטור האובייקטיבי שהוא כאמור מבחן ערכי נורמטיבי אין לקבל כי צעקות גם אם הן מלוות בהרמת ידיים עשויות להביא ""אדם מן היישוב"" ""אדם סביר"" למעשה רצח מזוויע של אחותו לא מבחינה אמפירית ובוודאי שלא מבחינה ערכית נורמטיבית זו נורמה ששום חברה בת תרבות אינה יכולה ואינה צריכה לקבל לענין זה נפסק לא פעם כי ""הקנטור והתגובה צריכים לעמוד ביחס סביר זה לזו"" ע""פ 293 66 מדינת ישראל נ גדקר פ""ד כ 4 322 326 1966 ע""פ 418 77 ברדריאן נ מדינת ישראל פ""ד לב 3 3 12 1978 עוד ראוי להדגיש לענין זה כי ""המבחן האובייקטיבי משקף מדיניות משפטית הנקבעת על ידי בית המשפט הוא מבוסס על תפיסה ערכית באשר לראוי ולרצוי בחברה הישראלית בהתפתחותה היא אינה נקבעת על פי משאלי דעת קהל היא לא משקפת ממוצעים סטטיסטיים היא מתחשבת במציאות הקיימת אך אינה מבקשת לשקפה היא מעמידה תפיסה ערכית באשר לראוי ולרצוי בהתנהגות הבינאישית"" ענין ביטון בעמ 691 21 לבסוף אשר לטענה בדבר הצורך בהתאמת המבחן האובייקטיבי של הקנטור הנבדק דרך ה""משקפיים"" של אדם מן הישוב לאדם במצבו של המערער טענה זו מבקשת למעשה לערב היבטים סובייקטיביים במבחן האובייקטיבי זו שאלה מורכבת שנדונה ארוכות ונדחתה בענין ביטון אך אין צורך להידרש אליה במקרה זה זאת נוכח המסקנה כי המערער לא סובל מהפרעה נפשית כלשהי וכן נוכח כך שבנסיבות הענין לא הוכח שמתקיים המבחן הסובייקטיבי 22 סיכומם של דברים יש לדחות את טענות המערער באשר להכרעת הדין ולהותיר את הרשעתו בעבירה של רצח על כנה 23 מכאן לטענה החלופית המופנית כלפי גזר הדין המערער טוען כי היה על בית המשפט המחוזי להורות על עריכת חוות דעת פסיכיאטרית נוספת אשר תכריע בין שתי חוות הדעת הסותרות שעמדו בפניו לצורך בחינת האפשרות להקל בעונשו בהתאם לסעיף 300א לחוק העונשין גם טענה זו דינה להידחות כמתואר לעיל בשלב בחינת אחריותו הפלילית של המערער העדיף בית המשפט את חוות הדעת הפסיכיאטרית מטעמה של המדינה אשר קבעה כי המערער לא סובל מהפרעה נפשית כלשהי תוך שדחה את חוות הדעת מטעם המערער למרות זאת בחן בית המשפט לבקשת המערער האם יש מקום להורות על עריכת חוות דעת פסיכ"
HUGGINGFACE-0db75cc8cf13,2026-05-26T07:21:27+03:00,manual_review_sentence_relief,sentence_relief_only,"ערעור על קולת העונש באשר למערער ברומברג עמדת המדינה היא שאין מקום להתערב בעונש סנגורו של פלדמן עו""ד בונדר סבר שאין הצדקה לקבל את ערעור המדינה שכן בית המשפט המחוזי הנחה את עצמו לעניין העונש על פי פסיקת בית משפט זה סנגורו של ברומברג עו""ד אורינוב סבור כי יש מקום להקל בעונשו של מרשו ולו בשל הפער שנוצר בעונש המאסר בפועל בין שני המערערים שני המערערים חזרו בהם מהערעור על הכרעת הדין כך שנותר להכריע בסוגיית העונש נודה כי מקרה זה אינו קל להכרעה גם בשל הנימוקים שפורטו לעיל בבואנו לשקול את עניין העונש יש מקום לקחת בחשבון שבסופו של דבר קופחו חיי אדם ללא הצדקה לצד זאת וכידוע עבירת הריגה טומנת בחובה מנעד רחב של מקרים שבו נסיבות התי"
HUGGINGFACE-3d0ab4af6f34,2026-05-26T07:21:27+03:00,manual_review_sentence_relief,sentence_relief_only," שוטרי משטרת אשקלון "" 3 המערער הודה בעובדות אלה במסגרת הסדר טיעון וביום 11 12 2013 הורשע בניסיון לשידול לרצח כמצוין לעיל הסדר הטיעון לא כלל הסכמה לענין העונש 4 לפני מתן גזר הדין הגיש שירות המבחן לבית המשפט קמא תסקיר אודות המערער שירות המבחן התרשם שהמערער נוטה להפחית ולצמצם מאחריותו ביחס לעבירה לאור ההערכה שמדובר באדם בודד בעל קשרים חברתיים מצומצמים תפיסה קורבנית וכן קושי להתנהל מבחינה כלכלית המליץ שירות המבחן על ענישה מוחשית הרתעתית שתבהיר גבולות ברורים למעשיו ועל מאסר מותנה משמעותי במסגרת הטיעונים לעונש פנה המערער עצמו לבית המשפט ואמר שהוא מפנים את טעותו לדבריו באותה עת היה נתון בלחץ נפשי שנבע מהקשיים הכלכליים בהם היה נתון ולאחר שחי למעלה משנה וחצי בחנותו 5 בית המשפט קבע כי מעשיו של המערער היו ללא ספק חמורים והיו עלולים להסתיים בכי רע אלמלא הקטין סיפר על תכניותיו למשטרה בעת שנחקר בגין עבירות אחרות בגזר הדין הובהר כי לא ניתן לכנות את השוטר ""סוכן מדיח"" שעה שהמערער הוא שחיפש רוצח שכיר כן הודגש כי לא חרטתו של המערער היא שמנעה את הרצח אלא החקירה המשטרתית והמעצר בית המשפט הדגיש כי ""היו לנאשם הזדמנויות רבות להפסיק את הפעילות העבריינית הזדמנויות רבות לבטל את כל התוכנית אולם הנאשם רק הסלים הצעותיו והציע לשוטר הסוכן סכומי כסף גבוהים יותר במידה ויחסל גם את אחיה של רעייתו "" בית המשפט הדגיש כי מעשי הנאשם חמורים ומחייבים ענישה מחמירה וציין כי העונש הקבוע לצד העבירה בה הורשע המערער של הניסיון לשידול לרצח עומד על 20 שנות מאסר בנסיבות אלה ולאחר עיון בפסיקה במקרים דומים קבע בית המשפט כי מתחם העונש ההולם בנסיבות ביצוע העבירה נע בין 5 ל 9 שנות מאסר בפועל בהתחשב במצבו הנפשי ונסיבותיו האישיות של המערער מחד ובאינטרס הציבורי המחייב שליחת מסר ברור של הרתעה מפני מעשים דומים מאידך הושת על המערער עונש של 6 שנות מאסר בפועל וכן מאסר על תנאי בן שנה לבל יעבור המערער כל עבירה מסוג פשע במשך 3 שנים בית המשפט ציין שחלק מפסקי הדין שהוגשו לו ובהם ניתנו עונשים נמוכים יותר על עבירת ניסיון שידול לרצח אינם רלוונטיים משום טרגדיות משפחתיות שעמדו ברקע לביצוע המעשים שם 6 הערעור שלפנינו הוא על עונש המאסר שהושת על המערער טיעוני הצדדים בערעור 7 המערער סבור שמתחם הענישה שנקבע בעניינו חריג לחומרה בנסיבות הענין וכי הדבר הביא לקביעת עונש החורג באופן משמעותי הן מהענישה הנוהגת והן מרף הענישה הראוי ביחס למעשה שעשה לטענתו טעותו של בית המשפט נובעת מהסתמכות על פסיקה שאינה רלוונטית לצד מתן משקל לא מספיק לפסיקה הרלוונטית נטען כי העונש ההולם והמקובל במקרים דומים נע בין שנה וחצי לבין 3 שנות מאסר בפועל המערער טוען שהאבחנה שביצע בית המשפט מפסקי הדין שניתנו במקרים אחרים אינה רלוונטית המערער מוסיף וטוען כי בית המשפט לא התייחס די הצורך לנסיבות המקרה הקונקרטי המערער מדגיש שגם לשיטתו יש לקבוע את עונשו בתחתית המתחם ההולם לאור מכלול הנסיבות ובהן העובדה שהוא מבוגר יחסית שזהו לו המאסר הראשון המצוקה הכלכלית והנפשית שעמדה ברקע למעשיו והעובדה שהודה במעשים 8 מנגד המשיבה סומכת את ידיה על העונש שהשית בית המשפט קמא נטען כי המערער התכוון לרצוח את אשתו על מנת לקבל כספים כמו כן צוין כי השידול הושלם ורק במזל מזימתו של המערער לא הצליחה למרות שפנה לשלושה אנשים שונים כדי להוציאה אל הפועל מבחינת רמת הענישה הנוהגת צוין כי מדובר בעבירה שנדיר לתפוס בשלב כזה ולכן אין כמעט פסקי דין הקובעים מתחם ענישה רלוונטי לכן בהינתן סיכויי תפיסה כה נמוכים עונש קל יפגום בהרתעה עוד נטען כי מבחינה נורמטיבית אין הבדל ממשי בין מעשי הניסיון לשידול לרצח של המערער לבין ניסיון לרצח של בת זוג באשר להשוואה למקרים קודמים נטען שבית המשפט קמא צדק כאשר התחשב בעובדה שחלקם נעשו על רקע של טרגדיה משפחתית עוד נטען שעברו הפלילי של המערער אינו נקי מאחר שהוא הורשע בעבירה אחרת ימים מספר לפני הרשעתו בתיק זה כן צוין שתסקיר שירות המבחן לא היה חיובי 9 בתסקיר משלים מטעם שירות המבחן נכתב שהמערער היה בתחילת מאסרו בהשגחה בשל מצוקה נפשית וקשיי הסתגלות אך לפני כשנה הוסרה ההשגחה והוא הועבר לאגף שומרי מצוות למד במדרשה והיה בקשר מעקבי עם עובדים סוציאליים עוד צוין כי המערער נמצא בקשר עם גורמי הטיפול בכלא ושולב בקבוצה למניעת אלימות כללית יחד עם זאת הוא מתקשה להתייחס לעבירה והמלצת גורמי הטיפול הייתה שיש להעמיק את הטיפול בתחום האלימות דיון והכרעה 10 לאחר עיון בדברים לרבות בטיעוני הצדדים בכתב ובעל פה ובפסיקה לה הפנו לא מצאתי כי יש עילה להתערבותנו בגזר דינו של בית המשפט קמא 11 כעולה מתיאור הדברים לעיל המערער דנן שידל לרצח אשתו איתה היה מצוי בהליכי גירושין העותר גם לא הסתפק בניסיון אחד שלא צלח לשדל אדם אחר לרצוח את אשתו תמורת תשלום אלא ניסה שוב ושוב שלוש פעמים ולא נתקררה דעתו עד שביקש לצרף למעשה הרצח לו שידל גם את אחיה של אישתו אכן מזימתו של המערער לא צלחה בידו ואולם תכניותיו לא יצאו אל הפועל לא בשל חרטה שתקפה אותו בטרם ביצוע הרצח מושא השידול אלא בשל אי הצלחתו לגייס רוצח שכיר לביצוע המשימה למרות מספר ניסיונות מצידו לעשות כן על עבירת הניסיון לשידול לרצח 12 על חומרת עבירת הרצח אין צורך להכביר מילים עבירה זו נועדה להגן על הערך החברתי הנעלה ביותר קדושת החיים זוהי עבירה אוניברסלית המקובלת בחברה האנושית מימים קדומים ומעוגנת בכל קוד משפטי מוכר מאז רצח הבל על ידי קין אחיו והקריאה האלוהית הנוקבת ""מה עשית קול דמי אחיך צעקים אלי מן האדמה ועתה ארור אתה מן האדמה אשר פצתה את פיה לקחת את דמי אחיך מידך "" בראשית ד 10 ואולם דומה שראוי לומר מילים אחדות על השידול לדבר עבירה בכלל ועל השידול לרצח בפרט 13 חומרה יתרה נודעת למעשה השידול שכן אלמלא המשדל לא הייתה באה העבירה לעולם המשדל פוגע לא רק בערך החברתי המוגן באמצעות קביעת העבירה מושא השידול אלא גם בסדר הציבורי הכללי ובאינטרס הציבורי שכל פרט יימנע מביצוע עבירות ויהיה מוגן מפני השפעות שעלולות להביאו לעולם הפשע ש""ז פלר יסודות בדיני עונשין כרך ב 229 1992 ע""פ 6095 08 סלומון נ מדינת ישראל פסקה 8 29 12 2008 להלן ענין סלומון ""השידול הוא אמנם צורת שותפות עקיפה חיצונית אך הוא גם צורת שותפות ראשית לאירוע עברייני המשדל הוא שותף ראשי בשל תרומתו המהותית והמכריעה להתרחשות העבירה שהרי הוא האב הרוחני של העבירה וללא תרומתו לא היה המבצע העיקרי ניגש לביצוע "" ע""פ 7894 03 מסראווה נ מדינת ישראל פסקה 47 18 2 2008 להלן ענין מסראווה 14 המחוקק נתן ביטוי לחומרה שהוא מייחס לעבירת השידול בין היתר על ידי השוואת עונשו של המשדל לזה של המבצע העיקרי סעיף 34ד לחוק העונשין ""בעוד עונשו של המסייע הפך להיות מחצית העונש הקבוע לביצוע העיקרי סעיף 32 לחוק העונשין הרי עונשו של המשדל נשאר זהה לזה של המבצע העיקרי סעיף 34ד לחוק ההבדל המתואר ברמת הענישה מצביע על חומרת היתר שמייחס המחוקק לשידול "" ע""פ 8469 99 אסקין נ מדינת ישראל פ""ד נה 2 65 82 2001 וראו גם ענין מסראווה שם ענין סלומון שם יורם רבין ויניב ואקי דיני עונשין כרך א 614 612 מהדורה שלישית 2014 להלן רבין וואקי ברוח זו נקבע על ידי בית משפט זה כי עקרון השוואת עונשו של המשדל לעונשו של המבצע העיקרי חל גם בעבירות שהעונש בגינן הוא עונש חובה לרבות כאשר מדובר בעונש מאסר עולם חובה בגין רצח ענין מסראווה פסקאות 47 45 15 נוכח החומרה הרבה שיש במעשה השידול נקבע שמקום שבוצע מעשה שידול אך מסיבות שונות המשודל לא ביצע את העבירה העיקרית עדיין יהיה מעשה השידול בר עונשין בגדר ניסיון לשידול זאת על אף שמדובר ב""עבירה נגזרת של עבירה נגזרת"" ענין סלומון פסקה 9 רבין וואקי 617 615 16 המחוקק גם קבע באופן מפורט את עונשו של מבצע הניסיון לשידול סעיף 33 לחוק העונשין קובע כדלהלן "" 33 הניסיון לשדל אדם לבצע עבירה עונשו מחצית העונש שנקבע לביצועה העיקרי ואולם אם נקבע לה 1 עונש מיתה או מאסר עולם חובה עונשו מאסר עשרים שנים 2 מאסר עולם עונשו מאסר עשר שנים 3 עונש מזערי עונשו לא יפחת ממחצית העונש המזערי 4 עונש חובה כלשהו הוא יהיה עונש מרבי ומחציתו תהא עונש מזערי "" המחוקק קבע אפוא עונש של 20 שנות מאסר בגין הניסיון לשידול לרצח מהוראת סעיף 33 עולה החומרה שהמחוקק מייחס לעבירה של הניסיון לשידול בכלל ולניסיון לשידול לרצח בפרט ודוק העונש המרבי שקבע המחוקק בגין ניסיון שידול לרצח זהה לעונש בגין ניסיון רצח עשרים שנות מאסר ראו סעיפים 33 1 34ד ו 305 לחוק עובדה זו עשויה להצדיק היקש בשינויים המחויבים מהענישה הנוהגת בעבירת הניסיון לרצח לענישה שיש להנהיג בעבירת הניסיון לשידול לרצח ראוי לציין לענין זה כי במסגרת תיקון 39 לחוק העונשין הוצע כי העונש בגין הניסיון לשידול יעמוד על רבע העונש הקבוע לביצוע העבירה העיקרית בהיותה כאמור עבירה נגזרת של עבירה נגזרת ואולם המחוקק דחה הצעה זו הצעת חוק העונשין חלק מקדמי וחלק כללי התשנ""ב 1992 ה""ח 115 123 בעמ 132 על התיקון לחוק ועל המדיניות שמאחוריו ראו עוד ש""ז פלר ומ קרמניצר ""הצעת חלק מקדמי וחלק כללי לחוק עונשין חדש ודברי הסבר תמציתיים"" משפטים יד 127 208 1984 ד ביין ""הערות לעבירת הניסיון לאור תיקון 39 לחוק העונשין"" המשפט ג 297 312 1996 רבין וואקי בעמ 570 569 17 אוסיף בזהירות המתבקשת כי אמנם העונש של 20 שנות מאסר שנקבע בחוק על ניסיון לשידול לעבירת הרצח לגביה קבוע עונש חובה של מאסר עולם אינו עונש חובה בעצמו אלא עונש מרבי עם זאת העובדה שהעונש בגין רצח ובגין שידול לרצח הוא עונש חובה של מאסר עולם והעובדה שהעונש בגין ניסיון לשידול נגזר מהעונש על העבירה המקורית יש באלה לטעמי כדי להשליך על שיקול הדעת השיפוטי בגזירת הדין בגין ניסיון לשידול לרצח גישה זו מתיישבת לטעמי גם עם הוראת פסקה 4 לסעיף 33 ומן הכלל אל הפרט 18 העיקרון המנחה בענישה הוא עיקרון ההלימה המעוגן בסעיף 40ב לחוק העונשין לפיו ייקבע יחס הולם בין ""חומרת מעשה העבירה בנסיבותיו ומידת אשמו של הנאשם ובין סוג ומידת העונש המוטל עליו"" לשם יישום עקרון ההלימה על בית המשפט לקבוע ""מתחם עונש הולם למעשה העבירה שביצע הנאשם בהתאם לעיקרון המנחה ולשם כך יתחשב בערך החברתי שנפגע מביצוע העבירה במידת הפגיעה בו במדיניות הענישה הנהוגה ובנסיבות הקשורות בביצוע העבירה"" סעיף 40ג לחוק 19 עקרונות הענישה משלבים אפוא ערכים חברתיים כלליים לצד נסיבות אישיות קונקרטיות של הנאשם בין כאלה הקשורות בביצוע העבירה ובין כאלה שאינן קשורות בביצוע העבירה אכן הענישה היא לעולם ענישה אינדיווידואלית הנגזרת מהנסיבות והשיקולים הפרטניים שבכל מקרה לגופו ע""פ 291 81 פלוני נ מדינת ישראל פ""ד לה 4 438 442 1981 ע""פ 1323 13 חסאן נ מדינת ישראל פסקה 7 5 6 2013 ע""פ 7552 14 יוסף אגבאריה נ מדינת ישראל פסקה 11 23 6 2015 להלן ענין אגבאריה עם זאת הענישה גם יונקת מעקרונות כלליים ובהם הערך החברתי המוגן שנפגע מביצוע העבירה שיקולי הרתעת הרבים ועוד שהם הבסיס למתחם עבירה משותף מעין עונש מוצא למבצעי אותה עבירה 20 בענייננו מדובר במקרה חמור של עבירה של נסיון לשידול לרצח כמפורט לעיל מעשי השידול של המערער כללו שלושה אירועי שידול של שלושה אנשים שונים לרצוח את אשתו משלא צלח הניסיון הראשון ניסה שוב ומשלא צלח גם הניסיון השני ניסה שוב ובניסיון השלישי צירף המערער כמעט כבדרך אגב גם הזמנה לרצח של גיסו מזימתו של המערער אמנם לא צלחה אך הדבר לא נבע מהיסוס או חרטה מצדו בטרם ביצוע הרצח אלא בשל אי הצלחתו לגייס רוצח שכיר לביצוע המשימה בשני הניסיונות הראשונים ובעובדה שבפעם השלישית היה מדובר בשוטר מוסווה המערער אף הבטיח לשוטר המוסווה לגייס עבורו ""לקוחות נוספים"" כדי לשכנעו לבצע את הרצח וכן הקדיש מחשבה למועד המתאים לביצוע הרצח על מנת לייצר לעצמו אליבי שיסייע לו להתחמק מעונש רק ב""מזל"" נעצר הקטין במשטרה בענין אחר ודיווח אודות חיפושו של המערער אחר רוצח שכיר וכך מנע ממנו להגשים את התוצאה הקטלנית אליה חתר 21 מעשיו והתנהלותו כאמור של המערער מייצגים כמעט את כל המרכיבים של עבירת הניסיון לשידול לרצח בגינם ייחס המחוקק חומרה כה רבה לעבירה זו כמפורט לעיל חומרה שקיבלה ביטוייה בעונש של 20 שנות מאסר שנקבע לצידה המערער אמנם הורשע במסגרת הסדר טיעון רק בעבירה אחת של ניסיון לשידול לרצח אך העובדות בדבר שני ניסיונותיו הקודמים מפורטות בכתב האישום המתוקן בו הודה והן בגדר נסיבות נוספות אותן רשאי בית המשפט לשקול לשם קביעת מתחם העונש ההולם ולשם גזירת העונש המתאים לנאשם סעיף 40יב לחוק 22 בית משפט קמא עמד על חומרת מעשיו של המערער ועל האינטרס הציבורי המחייב שליחת מסר ברור של הגנה על קדושת חיי אדם וקדושת החיים כמו גם הרתעה מפני מעשים דומים בהתאם לכך קבע בית המשפט את מתחם העונש ההולם בעניינו של העותר על 9 5 שנות מאסר וגזר את עונשו כאמור ל 6 שנות מאסר בפועל לצד עונש מותנה 23 איני סבור שבית המשפט החמיר עם המערער יתר על המידה אדרבא בית המשפט נטה מידה של חסד עם המערער בשל נסיבותיו האישיות כאשר גזר את עונשו ברף הנמוך של המתחם על רקע הנסיבות המחמירות של ביצוע העבירה בענייננו ונוכח החומרה הרבה של עבירת הניסיון לשידול לרצח ולאור הערך החברתי החשוב מכל של קדושת החיים עליו מיועדת להגן העבירה בצדק קבע בית משפט קמא כי מתחייבת בענייננו ענישה מחמירה ומרתיעה לא למותר להזכיר כי מעבר לנסיבות המחמירות הנוגעות לביצוע העבירה גם עברו של המערער אינו נקי אף אם לא מכביד ותסקירי שירות המבחן בעניינו גם הם אינם חיוביים 24 שיקול ענישה רלבנטי נוסף נעוץ בעובדה שהעבירה של ניסיון לשידול לרצח מתאפיינת מטבעה בקשיי אכיפה ניכרים מדובר בעבירה המתבצעת בסתר בין שני צדדים שותפים לעבירה וניתן להעריך במידת וודאות גבוהה שהיא סובלת מתת דיווח בשל כך ונוכח התוצאה הקטלנית הפוטנציאלית של מעשי שידול כאלה קיים צורך מוגבר ב הרתעת הרבים לרבות באמצעות ענישה מחמירה 25 על שיקולים אלה יש להוסיף את העובדה שרוב המקרים הלא רבים של ניסיונות לשידול לרצח שהגיעו לבתי המשפט עסקו באירועי אלימות על רקע משפחתי כמו במקרה דנן ע""פ 5268 04 מינין נ מדינת ישראל 7 11 2005 להלן ענין מינין ע""פ 1856 10 ספיה נ מדינת ישראל 22 11 2010 להלן ענין ספיה תפ""ח ת""א 120 96 מדינת ישראל נ אפללו 2 7 1997 להלן ענין אפללו תפ""ח חי 30608 09 13 מדינת ישראל נ ראיין 21 5 2014 להלן ענין ראיין תפ""ח חי 3679312 10 מדינת ישראל נ סואעד 30 5 2011 להלן ענין סואעד אין צורך לעמוד כאן על תופעת האלימות במשפחה שלמרבה הצער מסתיימת לא פעם בתוצאות קטלניות בענייננו אך במקרה ניצלה אשתו של המערער מהצטרפות לשורת הקורבנות של אלימות כלפי נשים מצד בני זוגן או בני זוגן לשעבר בית משפט זה עמד לא פעם על הצורך בענישה קשה ומרתיעה כחלק מהמאבק הציבורי להדברת התופעה הקשה של אלימות במשפחה ""חובה עלינו לתת ביטוי להוקעתם של מעשי אלימות כה חמורים כלפי נשים מצד בני זוגן על ידי השתת עונשים הולמים שיבטאו את סלידתה של החברה מהמעשים האמורים ושירתיעו מפני הישנותם "" ע""פ 1568 14 דובגילנוק נ מדינת ישראל פסקה 13 31 3 2015 26 עיקר טענות בא כוח המערער בדיון לפנינו התמקד בכך שאליבא דידו מתחם הענישה והעונש שנגזר על המערער יש בהם משום החמרה לעומת מדיניות הענישה הנהוגה בעבירה זו 27 אין בידי לקבל טענה זו ראשית כידוע מדיניות הענישה הנהוגה היא רק רכיב אחד מבין מספר רכיבים לקביעת מתחם העונש ההולם סעיף 40ג א לחוק ע""פ 6048 13 חוסיין נ מדינת ישראל פסקה 4 14 8 2014 שנית כמצוין לעיל לא רבים המקרים של ניסיון לשידול לרצח שהגיעו לבתי המשפט בכלל ולבית משפט זה בפרט וכולם קדמו לתיקון 113 לחוק וממילא אין לומר כי התגבשה מדיניות ענישה ברורה או הלכה פסוקה באשר למתחם הענישה בתחום זה סקירה של הפסיקה המעטה בנדון מצביעה על שונות גדולה בעונשים פרי הנסיבות הפרטניות בכל מקרה כך במקרים של ניסיון לשידול לרצח על רקע משפחתי הנזכרים בפסקה 25 לעיל הוטלו העונשים הבאים 12 שנות מאסר כאשר ההרשעה הייתה גם בניסיון לרצח ענין מינין 6 שנות מאסר במקרה דומה מאוד בנסיבותיו לענייננו אף כי בחומרה פחותה ענין אפללו 3 שנות מאסר בשני מקרים עם נסיבות מקלות משמעותיות ענין ראיין וענין סואעד ו 30 חודשי מאסר במקרה של ניסיון לשידול לרצח על רקע כבוד המשפחה ענין ספיה במקרים אחרים של ניסיון לשידול לרצח שלא במסגרת המשפחה נפסקו גם כן עונשים במנעד רחב 8 שנות מאסר בגין הרשעה במספר עבירות שהחמורה שבהן ניסיון לשידול לרצח ע""פ 6253 04 דהרי נ מדינת ישראל 26 4 2007 34 חודשי מאסר בגין שידול לרצח על ידי אם שביקשה לנקום את מות בנה ת פ חי 3045 04 מדינת ישראל נ חדיד 25 9 2006 ו 18 חודשי מאסר בגין ניסיון לשידול לרצח על רקע טרגדיה אישית קשה ונסיבות נוספות לקולא ע""פ 6095 08 סלומון נ מדינת ישראל 29 12 2008 שלישית הענישה בכל מקרה קונקרטי היא פרי מכלול רחב של נסיבות ואין להסיק ""מדיניות ענישה"" מהשוואה שיטחית של מספר מוגבל של מקרים עם נסיבות שונות כמפורט לעיל השוואה כזו חוטאת למלאכת הענישה המורכבת "" כידוע מלאכת קציבת העונש איננה בגדר תרגיל מתמטי או מדע מדויק קביעת העונש הינה פרי איזון שעורכת הערכאה הדיונית בין כלל הנתונים והשיקולים הצריכים לעניין קשה עד מאוד ואף בלתי אפשרי לבודד ולכמת את המשקל שניתן במסגרת העונש שקבעה הערכאה הדיונית לכל נתון ונתון בנסיבותיו המיוחדות של המקרה וקשה להשוות בין גזרי דין שניתנו לנאשמים שונים ובנסיבות עובדתיות ואישיות שונות "" ע""פ 7350 12 פלוני נ מדינת ישראל פסקה 10 14 1 2013 28 וקודם לסיכום כפי שכבר ציינתי לעיל העובדה שהעונש שקבע המחוקק בגין העבירה של ניסיון לשידול לרצח זהה לעונש שנקבע בגין העבירה של ניסיון לרצח עשרים שנות מאסר עשויה להצדיק היקש בשינויים המחויבים מהענישה הנוהגת בעבירת הניסיון לרצח הפסיקה בעבירה של הניסיון לרצח רבה וענפה יותר מזו שבעבירת השידול לניסיון לרצח והיא מאופיינת בגישה מחמירה וברמת ענישה גבוהה עד כדי עונשי מאסר דו ספרתיים במקרים החמורים ראו למשל ע""פ 2910 09 קאסיה נ מדינת ישראל 21 11 2011 ע""פ 10052 09 פלוני נ מדינת ישראל 4 1 2011 ע""פ 5606 10 בוניפד נ מדינת ישראל 19 12 2012 ע""פ 5797 11 צסן נ מדינת ישראל 5 8 2012 כאמור ההיקש הוא ""בשינויים המחויבים"" שכן קיימים טעמים לנטייה להחמיר יותר בענישה בגין ניסיון לרצח לעומת בגין השי"
HUGGINGFACE-771c88392e4f,2026-05-26T07:21:27+03:00,manual_review_sentence_relief,sentence_relief_only,ות שצצו ועלו בערעור שלפנינו כפי שצוין הצדדים הסכימו כי תוצאת הערעור על הכרעת הדין להתקבל היה ובית משפט יגיע למסקנה שתעודת השקילה אינה קבילה וכך אכן קרה ולכן דין הממצאים העובדתיים והמשפטיים בדבר העמסת מטען יתר להתבטל יתר הממצאים יוותרו על כנם בהתאם אציע לחבריי לקבל את הערעור לזכות את המערער מעבירת ההריגה לפי סעיף 298 לחוק העונשין ובמקומה להרשיעו בעבירה של גרימת מוות ברשלנות תוך שימוש ברכב לפי סעיפים 304 לחוק העונשין וסעיף 64 לפקודה כמו כן יזוכה המערער מעבירת העמסת מטען יתר על פי סעיפים 85 א 5 ו 314 א 4 ד לתקנות יחד עם סעיף 68 לפקודה 6 נותר הערעור על גזר הדין לנוכח השוני בענישה בין עבירת גרם מוות ברשלנות לבין עבירת הריגה ראוי לתת לצדדים לטעון לעניין זה בפני הערכאה המבררת מוצע כי התיק יוחזר לערכאה קמא לשם שמיעת טיעוני הצדדים בדבר העונש הראוי ויינתן גזר דין חדש זכות הערעור על גזר הדין שיינתן שמורה לצדדים בית המשפט המחוזי מתבקש לתת עדיפות לשמיעת טיעוני העונש עיכוב ביצוע העונש יעמוד בתוקפו עד למועד גזר הדין ובכפוף לשיקול דעתו של בית המשפט המחוזי עונש הפסילה לא יעוכב ש ו פ ט השופט י דנציגר אני מסכים ש ו פ ט השופט ע פוגלמן מצטרף אני למסקנת חברי השופט נ הנדל שלפיה בנסיבות המקרה שלפנינו הראיה המציגה את משקל המשאית אינה קבילה וכי יש לזכות את המערער מעבירת ההריגה וחלף זאת להרשיעו בעבירה של גרימת מוות ברשלנות תוך שימוש ברכב ש ו
HUGGINGFACE-2ab0fccbde2a,2026-05-26T07:21:27+03:00,manual_review_sentence_relief,sentence_relief_only,"""ד 2014 אשר התקבלה בקריאה ראשונה ביום 30 7 2014 בסעיף 6 להצעת החוק מוצע סעיף 301א שנוסחו בהתאם לדעת הרוב בצוות כדלקמן ""הגורם בכוונה או באדישות למותו של אדם באחת מן הנסיבות המפורטות להלן דינו מאסר עולם ועונש זה בלבד 2 המעשה נעשה במטרה לאפשר ביצוע עבירה אחרת או להקל על ביצועה או במטרה להסתיר ביצועה של עבירה אחרת או לאפשר הימלטות מן הדין לאחר ביצוע העבירה האחרת"" 77 עד כה הדיון החקיקתי בנושא טרם הסתיים יצויין עוד כי ביום 22 6 2015 הגיש חבר הכנסת סלומינסקי הצעת חוק פרטית נוספת הצעת חוק העונשין תיקון עבירת רצח התשע""ה 2015 אשר מכוונת לכך שגרימת מוות במטרה להימלט מעונש לאחר ביצוע עבירה אחרת וכן גרימת מוות במהלך ביצוע עבירה אחרת ייקבעו כרצח מדרגה שניה שהעונש המירבי בגינו הוא מאסר עולם אך לא כעונש חובה בדברי ההסבר להצעה נאמר כי אשמתו של מי שממית בכוונה קטלנית אינה יכולה להשתוות לאשמתו של מי שממית ללא כוונה כזו ולכן אף שיש להחמיר בעונשו של מי שגורם למותו של אדם מתוך מטרה להימלט מעונש החמרה זו צריכה לבוא לידי ביטוי בענישה ולא בהגדרת העבירה ולכל הפחות לא במסגרת הגדרתה כרצח מדרגה ראשונה 78 אם כן הסוגיה שאנו נדרשים להכריע בה כעת נמצאת כיום בבחינה גם בידי המחוקק ונשמעו לגביה דעות שונות ברי כי לא נביע עמדה בנוגע לחקיקה המתגבשת וכאמור אין ספק כי רפורמה בעבירות ההמתה נדרשת אף נדרשת עם זאת עד שתתקבל רפורמה כזו ועד אשר תתווה הכנסת את מתכונתה הסופית ובשלב זה נמצאת בפנינו הצעת חוק בלבד מוטלת עלינו החובה לפרש את החוק הקיים ולהתאים פרשנות זו לעקרונות החוקתיים של שיטתנו היבטים חוקתיים 79 מלאכת הפרשנות של סעיף 300 א 4 לחוק העונשין צריכה להיעשות גם לאור העקרונות החוקתיים המקובלים בשיטתנו ובאופן יתר ספציפי לאור עקרון המידתיות הקבוע בפסקת ההגבלה שבסעיף 8 לחוק יסוד כבוד האדם וחרותו ראו אהרן ברק ""הקונסטיטוציונליזציה של מערכת המשפט בעקבות חוקי היסוד והשלכותיה על המשפט הפלילי המהותי והדיוני "" מחקרי משפט יג 5 1996 יהודית קרפ ""המשפט הפלילי יאנוס של זכויות האדם קונסטיטוציונליזציה לאור חוק יסוד כבוד האדם וחירותו"" הפרקליט מב 64 1995 אלעד רום טעות בחוק הפלילי 115 113 2015 אכן סעיף 300 א 4 חוסה כמובן תחת פסקת שמירת הדינים שבחוק היסוד ומכאן שלא ניתן לתקוף את חוקתיותו של הסעיף עם זאת יש לפרשו ברוח חוקי היסוד ולאורם ראו דנ""פ 2316 95 גנימאת נ מדינת ישראל פ""ד מט 4 589 1995 דנ""פ 7048 97 פלונים נ שר הביטחון פ""ד נד 1 721 742 2000 80 אין לכחד הטענה לפיה קביעת איסור פלילי מהווה כשלעצמה פגיעה בזכויות חוקתיות אינה תמיד פשוטה והובעו בעניינה דעות שונות ראו ע""פ 4424 98 סילגדו נ מדינת ישראל פ""ד נו 5 529 2002 להלן עניין סילגדו לדיון בהלכה שנקבעה בעניין סילגדו ולביקורת עליה ראו רות קנאי ""שמירה על מידתיות בענישה סוגיה חוקתית או פלילית"" משפטים לה 147 2005 מרים גור אריה ""השפעת המהפכה החוקתית על המשפט הפלילי המהותי בעקבות פסק הדין בפרשת סילגדו"" ספר ברק עיונים בעשייתו השיפוטית של אהרן ברק 325 איל זמיר ברק מדינה וסיליה פסברג עורכים 2009 שי לביא ""צדק מתקן בפלילים עיון מחודש ביחס שבין דיני עונשין ומשפט חוקתי"" מגמות בפלילים לאחר עשור לתיקון 39 לחוק העונשין 511 אלי לדרמן ואחרים עורכים 2010 Kent Roach The Primacy of Liberty and Proportionality Not Human Dignity When Subjecting Criminal Law to Constitutional Control 44 ISR L REV 91 2011 אסף הרדוף ""פסקת ההפללה טיעון חוקתי נגד ההפללה על גבולות המשפט הפלילי וגבולות פסקת ההגבלה"" משפטים מב 243 2012 אריאל בנדור והדר דנציג רוזנברג ""עברות פליליות וזכויות חוקתיות"" משפט וממשל טז צפוי להתפרסם 2015 אולם השאלה המוצבת בפנינו אינה האם העבירה הקבועה בסעיף 300 א 4 היא חוקתית אלא כיצד יש לפרשה בהתאם לעקרונות חוקתיים דומה שהמענה לשאלה זו אינו מחייב להידרש למחלוקות העומק שהתעוררו בספרות בעקבות פסק הדין בעניין סילגדו בשולי הדברים יוער כי עניין סילגדו נסב בעיקרו על חוקתיותו של סעיף 34א א 1 לחוק העונשין שעניינו הרשעת מבצעים בצוותא בעבירה נוספת שביצע שותפם לעבירה עם זאת סעיף 300 א 3 לחוק העונשין עמד ברקע הדברים שכן הנאשמים בעניין סילגדו הורשעו לפי סעיף זה שבינו לבין סעיף 300 א 4 יש כאמור דמיון רב 81 לצורך פרשנותה של הוראת החוק שבמרכז דיוננו ובהתחשב בכך שאין מחלוקת על כך שמדובר בהתנהגות פלילית די בכך שנאמר כי עקרון המידתיות מחייב כי תהא הלימה בין חומרת העבירה לבין האחריות המיוחסת לעושה תוך התחשבות לא רק בעונש המוטל בגינה אלא גם בתפיסה החברתית הנלווית להרשעה בעבירה ראו דנ""פ פלוני בפסקאות 6 5 לחוות דעתו של השופט ס ג ובראן ראו גם הדר דנציג רוזנברג ""הסדר הטלת האחריות לעבירה נגררת הרהורים על אשמה על מידתיות ועל נוסחת איזון אחרת ניתוח דאונטולוגי בעקבות ע""פ 4424 98 סילגדו נ מדינת ישראל"" ספר דיוויד וינר על משפט פלילי ואתיקה 683 2009 הדברים מקבלים משנה תוקף כאשר עסקינן בעבירת הרצח אשר ההרשעה בה מובילה לגינוי חברתי חריף ביותר ולהטלת כתם מוסרי בלתי ניתן למירוק על העבריין הרוצח הטלת כתם זה מוצדקת כמובן כאשר העבריין אכן רצח את קורבנו בהתאם להבנתו המקובלת של מושג זה בשיטה המשפטית שלנו אולם הרחבת יתר של האפשרות להרשיע בגין רצח כל עוד התפיסה הנוהגת בשיטתנו היא שרצח הוא בעיקרו של דבר כזה הנעשה ב""כוונה תחילה"" עלולה להביא לפגיעה בכבוד האדם של המורשעים שמעשיהם חמורים ביותר אך אינם עולים כדי העבירה הקשה ביותר בספר החוקים לא זו אף זו להרשעה ברצח נלווה עונש חובה של מאסר עולם בלבד באופן ששולל הפעלה של שיקול דעת שיפוטי בעניין למעט בנסיבות החריגות והנדירות המנויות בסעיף 300א לחוק העונשין מכאן יוצא כי הרחבה בלתי מידתית של עבירת הרצח עלולה להביא לפגיעה קשה ביותר בזכות לחירות של המורשעים בה הדברים מתייחסים כמובן לפרשנות החוק הקיים ואין בהם משום נקיטת עמדה בנוגע לרפורמה המוצעת בדיני ההמתה יודגש כי הצורך להתאים את פרשנות החוק לעקרונות החוקתיים שזכו לעיגון בחוקי היסוד לאחר חקיקתו היא חיונית במיוחד במקרה דנן נוכח היותו של סעיף 300 א 4 לחוק העונשין גלגול של סעיף חוק שנחקק עוד בשנת 1858 כתשעים שנה לפני קום המדינה ובאקלים משפטי שונה לחלוטין אני סבורה כי יישומם של עקרונות חוקתיים אלה על סעיף 300 א 4 לחוק העונשין משליך הן לעניין מהותה של ה""עבירה האחרת"" והן לעניין היסוד הנפשי הנדרש לצורך הרשעה בעבירה העולה מן המקובץ 82 עבירת הרצח היא העבירה החמורה ביותר בספר החוקים עוד בפרשת בראשית עמדה התורה על חומרת המעשה שאין לו כפרה המטיל אות קין פשוטו כמשמעו על מבצעו בראשית ג 15 10 כן עמדה התורה על העונש החמור מכל הצפוי לרוצח השופך את דם האדם שנברא בצלם בראשית ט 6 חומרתה המוסרית העונשית והחברתית של עבירת הרצח מחייבת כי לא נפרוץ את גבולותיה בעניין דנ""פ פלוני קבע הנשיא בדימ גרוניס כי ""פרשנותה הרחבה של עבירת ההריגה ותחולתה על מקרים הרחוקים מאוד אחד ממשנהו הביאו לכך שהיא חלה על נסיבות שהפגם המוסרי הכרוך בהן שונה בתכלית מצב זה עלול להביא לפגיעה באמירתה המוסרית של העבירה אכן ניתן לקיים את ההבחנה בין מעשים אסורים שונים באמצעות חומרת הענישה המוטלת בגין ביצוע העבירה אך הבחנה זו אינה מקבלת לעיתים ביטוי מלא בעיני הציבור עד ליום בו המחוקק יקבע מחדש את גבולותיה של עבירת ההריגה אם אכן כך ייעשה סבורני כי ראוי שאנו ננקוט משנה זהירות בבואנו לקבוע מהם המקרים אשר נופלים בגדרה של העבירה"" שם בפסקה 41 דברים נכוחים אלה יפים ואף ביתר שאת בהתייחס לעבירת הרצח החמורה מעבירת ההריגה ואשר בניגוד לאחרונה בית המשפט אינו יכול להביא לידי ביטוי בענישה את ההבדלים באשם המוסרי בין מורשעים שונים בעבירה זו 83 עיון בסעיף 300 א 4 לחוק העונשין מוביל למסקנה כי פרשנות מילולית ""פשוטה"" שלו לא תסכון פרשנות כזו עלולה להוביל להטלת אחריות בגין רצח אף בשל פגיעה באדם בעקבות ניסיון הימלטות פשוט מעבירת תנועה קלה פעולה כזו צריכה להיענש בחומרה עם זאת הרשעה ברצח בשל פעולה כזו נראית כחותרת נגד תפיסות היסוד של המשפט הפלילי וכן עקרונות המשפט החוקתי הנוהגים עמנו בחינת ההיסטוריה החקיקתית של הסעיף האופן שבו הוא פורש בפסיקה וכן עיון במצב המשפטי במדינות אחרות מלמדים שפרשנות מילולית פשוטה של הסעיף תוביל למצב שאינו עולה בקנה אחד עם הנוהג ברובן של שיטות המשפט הדמוקרטיות שהמשפט הפלילי בישראל חולק עמן תפיסות ערכיות משותפות זאת כאשר אף במדינות שבהשראתן נכנס סעיף 300 א 4 לשיטתנו צרפת ואנגליה העקרונות העומדים בבסיס פרשנותו הרחבה של סעיף זה נדחו זה מכבר ככל שהיו מקובלים בהן מלכתחילה 84 המדינה גורסת כי אין להגביל את פרשנות הסעיף בכל הנוגע ל""עבירה האחרת"" וכי דווקא כאשר נאשם גורם למותו של אחר במטרה למלט עצמו מעונש על עבירה קלה יש להחמיר עמו אף אם ניתן לסבור כי מבחינה מוסרית יש טעם מסוים בגישה זו לא אוכל לקבלה ולמעשה אין לה אף כל עיגון בפסיקתו של בית משפט זה הרשעה בעבירת רצח של אדם שנמלט מעבירה קלה וגרם שלא במתכוון למותו של אדם אחר תפגע בזכויות נאשמים באופן בלתי מידתי ותפרוץ את גדרי העבירה אל מרחבים שנראה שלא נועדו לה עד כדי החלתה חלילה באופן אבסורדי ממש על נאשמים בעבירות קלות ביותר כמתואר לעיל ויודגש כי המקרה שלפנינו איננו כמובן כזה 85 אני סבורה אפוא שיש מקום לפרשנות מצמצמת של סעיף 300 א 4 לחוק העונשין בשני המישורים הבאים היסוד הנפשי הנדרש וסוג עבירת המקור שיכולה לשמש בסיס להטלת אחריות בגין רצח כדלקמן א היסוד הנפשי יהיה בדרגה של אדישות לגרם התוצאה הקטלנית להבדיל מקלות דעת גרידא זאת בכדי למנוע מצב בו יורשע ברצח אדם אשר לא רק שלא כיוון למותו של קורבנו אלא אף שאף למנוע מוות זה יצוין כי המדינה הסכימה למעשה להגבלה פרשנית זו ב העבירה האחרת קרי עבירת ה""מקור"" צריכה להיות עבירת פשע הכרוכה באלימות או בסיכון אינהרנטי של חיי אדם 86 ישאל השואל האם אין בפרשנות המצרה המוצעת לסעיף 300 א 4 לחוק העונשין כדי להפוך אותו לאות מתה התשובה לשאלה זו היא שלילית כפי שצוין לעיל המקרים שבהם הורשעו נאשמים בעבירה זו היו בעיקרו של דבר כאלה שבהם ה""עבירה האחרת"" הייתה כזו שלה יסוד בולט ואינהרנטי של אלימות או סיכון חיים המדינה לא הצליחה להראות כי אפילו במקרה אחד הורשע אדם ברצח לפי הסעיף הנדון כאשר ה""עבירה האחרת"" לא הייתה עבירה אלימה או מסכנת חיים קל וחומר שהיא לא הצליחה להראות כי זו הפרשנות שהתקבלה בפסיקה הפרשנות שאותה אציע לחברי לקבל מבטיחה כי השימוש בסעיף זה לא יורחב לעבר מחוזות חדשים ובלתי ראויים וכי הוא ייעשה בהתאם לעקרונות החוקתיים הנהוגים בשיטתנו 87 במאמר מוסגר אציין כי לכאורה המסקנות שאליהן הגענו בהתייחס לסעיף 300 א 4 לחוק העונשין עשויות לחול גם על פרשנותו של סעיף 300 א 3 שמעורר שאלה פרשנית דומה לגבי מי שגרם למותו של אדם תוך כדי ביצוע עבירה או כדי להקל על ביצועה בשני המקרים המדובר בהוראות שמטילות אחריות בדרגה הגבוהה ביותר המוכרת במשפט הפלילי על מי שגרם למותו של אדם בהקשר עברייני של ביצוע עבירה או הימלטות ממנה ההכרעה בכל הנוגע לפרשנותו של סעיף 300 א 3 אינה נדרשת בענייננו ולכן נותירה בצריך עיון מן הכלל אל הפרט 88 המערער הואשם לפי סעיף 300 א 4 לחוק העונשין כאשר ה""עבירות האחרות"" שיוחסו לו והוא אף הורשע בהן הן גניבה והשחתת מתקן חשמל עבירות אלה אינן עבירות אלימות ואינן כרוכות בסיכון אינהרנטי של חיי אדם יתרה מכך בית המשפט המחוזי קבע כי לא הוכח מעל ספק סביר כי המערער אכן גרם למותו של המנוח במטרה למלט עצמו מעונש על העבירות האחרות האמורות קביעה שלא מצאתי מקום להתערב בה לכן צדק בית המשפט המחוזי כאשר נמנע מלהרשיע את המערער ברצח 89 בכל הנוגע לעונש שהוטל על המערער כידוע אין דרכה של ערכאת הערעור להתערב בעונש שנגזר בידי הערכאה הדיונית אלא כאשר זה חורג במידה קיצונית מרמת הענישה המקובלת בנסיבות דומות או ממדיניות הענישה הראויה ראו לדוגמא ע""פ 8146 09 אבשלום נ מדינת ישראל פסקה 37 8 9 2011 ע""פ 1924 11 פלוני נ מדינת ישראל פסקה 16 1 6 2015 איני סבורה כי המקרה דנן נכנס בגדר אותם מקרים המצדיקים את התערבותנו בגזר הדין 90 אכן העונש שהושת על המערער אינו קל אך מעשיו שהביאו למותו של המנוח הם חמורים ביותר המערער טוען כי עונשו חורג מהמקובל במקרים של דריסה למוות המדינה מצידה סבורה כי יש להחמיר משמעותית בעונשו של המערער יש להדגיש בהקשר זה כי אין מדובר בענייננו בתאונת דרכים ""תמימה"" אלא בפגיעה בשוטר בעת מילוי תפקידו לאחר שהמערער הבחין במנוח ולא עשה כל מאמץ להימנע מפגיעה בו יתרה מכך אף במקרים קשים במיוחד של הריגה בתאונות דרכים נגזרו לעיתים על נאשמים עונשים שאינם נופלים מהעונש שנגזר על המערער ראו והשוו ע""פ 8748 08 ברכה נ מדינת ישראל 10 10 2011 ע""פ 2247 10 ימיני נ מדינת ישראל 12 1 2011 מנגד יש לציין כי על אף שאכן מעשיו של המערער הם חמורים ביותר יש לשקול גם את גילו הצעיר בעת ביצוע העבירה כבן 18 ואת העובדה שזוהי העבירה הראשונה בה הוא מורשע בשולי הדברים אציין כי חרניק אמנם שהה ברכב בעת הפגיעה במנוח אך לא יוחסה לו כל אחריות בגין הפגיעה במנוח והוא הורשע על פי הודאתו בגין עבירות קלות לאין שיעור מאלה שבהן הורשע המערער לכן לטענת המערער המתייחסת לפער בענישה בינו לבין חרניק אין על מה לסמוך בהתחשב בכל זאת ההלכה המושרשת כי אין ערכאת הערעור נוטה למצות את העונש עם הנאשם איני רואה מקום להתערב בעונשו של המערער 91 לאחרונה נתן בית משפט זה פסק דין בערעורה של המדינה על קולת העונש שנגזר בעניין ארקאן שנסיבותיו דומות למדי לענייננו באותו מקרה גזר בית המשפט המחוזי על הנאשם שהורשע על פי הודאתו ובמסגרת הסדר טיעון בהריגה של איש ביטחון שניסה לעוצרו ובעבירות נוספות שמונה שנות מאסר בית משפט זה קבע כי מתחם הענישה באותו מקרה עומד על 15 8 שנות מאסר בפועל והחמיר בעונשו תוך שהעמיד אותו על 11 שנות מאסר בית משפט זה הוסיף וציין כי הוא מתחשב בנסיבותיו האישיות הקשות של הנאשם ובכלל זאת בפגיעה המינית שחווה כילד וכי העונש אותו קבע אינו ממצה עם הנאשם את הדין אם כן גם השוואה בין העונש שנגזר על המערער שנסיבותיו האישיות אינן קשות באופן קיצוני ושאינו זכאי להקלה בעונש השמורה למי שמודה במעשיו לבין העונש שנגזר בעניין ארקאן מביאה למסקנה כי בית המשפט המחוזי לא חרג באופן קיצוני ממדיניות הענישה הראויה לא לקולא ולא לחומרא 92 המערער גרם למותו של המנוח שוטר במשטרת ישראל תוצאה טרגית שאותה יכול היה למנוע בקלות לו עצר את הרכב או לכל הפחות האט את מהירות נסיעתו מעשיו של המערער קשים ביותר ואיש לא"
HUGGINGFACE-b31246b6a30b,2026-05-26T07:21:27+03:00,manual_review_sentence_relief,sentence_relief_only,"ת "" ולא במעשה תקיפה לבסוף טענה המשיבה כי אין מקום להתערב בקביעתו של בית משפט קמא לפיה על המערער לרצות את עונשו בגין שתי העבירות באופן מצטבר לטענת המשיבה "" מן הצדק "" כי דקירת המתלוננת "" לא תובלע "" בעונש מאסר העולם אשר הושת על המערער לאור האמור התבקשנו לדחות את ערעורו של המערער על שני חלקיו דיון והכרעה 29 לאחר שעיינתי בפסק דינו של בית משפט קמא בהודעת הערעור בעיקרי הטיעון של הצדדים ולאחר שהאזנתי בקשב רב לטיעוני הצדדים בדיון אשר נערך לפנינו הגעתי לכלל מסקנה כי יש לדחות את הערעור על שני חלקיו וכך אציע לחבריי לעשות 30 המחלוקת אשר עומדת במוקד הערעור נסובה בעיקרו של דבר סביב השאלה האם התקיים במערער היסוד נפשי הדרוש לשם הרשעה בעבירת הרצח בכוונה תחילה לפי סעיף 300 א 2 לחוק העונשין טרם שאכריע בדבר אעמוד תחילה במישור הנורמטיבי על יסודות עבירת הרצח ובפרט על היסוד הנפשי הדרוש לשם הרשעה בעבירת הרצח בכוונה תחילה ועל הדרכים להוכחתו יסודות עבירת הרצח בכוונה תחילה 31 סעיף 300 א 2 לחוק העונשין מורה כי יואשם ברצח אדם אשר "" גורם בכוונה תחילה למותו של אדם "" סעיף 301 א לחוק העונשין מגדיר את המונח "" כוונה תחילה "" בהאי לישנא "" לענין סעיף 300 יראו ממית אדם כמי שהמית בכוונה תחילה אם החליט להמיתו והמיתו בדם קר בלי שקדמה התגרות בתכוף למעשה בנסיבות שבהן יכול לחשוב ולהבין את תוצאות מעשיו ולאחר שהכין עצמו להמית אותו או שהכין מכשיר שבו המית אותו "" ההדגשות שלי א ש אם כן הדרישה בדבר "" כוונה תחילה "" טומנת בחובה שלושה יסודות מצטברים והם "" החלטה להמית "" "" הכנה "" ו "" היעדר קטנור "" ע""פ 2478 12 אגבריה נ מדינת ישראל 13 5 2015 להלן עניין אגבריה ע""פ 6468 13 צרפתי נ מדינת ישראל 3 5 2015 ע""פ 8107 10 עזר נ מדינת ישראל 9 9 2013 ע""פ 502 10 מחאמיד נ מדינת ישראל 22 10 2012 יסוד ההחלטה להמית 32 לצורך הוכחת קיומו של יסוד ההחלטה להמית אצל נאשם יש להראות כי התקיימה אצל הנאשם כוונה לגרום להמתת הקורבן בשני מישורים נפרדים המישור הראשון הוא המישור הרציונאלי ובגדרו נדרש להראות כי הנאשם צפה את האפשרות להתרחשותה של התוצאה הקטלנית המישור השני עוסק ביחסו האמוציונאלי של הנאשם לתוצאה ובמסגרתו יש לבחון את חפצו של אותו נאשם בהתקיימותה של התוצאה הקטלנית ע""פ 3834 10 והבה נ מדינת ישראל 6 3 2013 ע""פ 1902 10 אדרי נ מדינת ישראל 7 1 2013 ע""פ 759 97 אליאבייב נ מדינת ישראל פ""ד נה 3 468 2001 להלן עניין אליאבייב נקבע בפסיקה כי לאור הקושי הטבוע בהתחקות אחר נבכי נפשו של אדם רשאי בית משפט זה להתבסס על מה שקרוי "" חזקת הכוונה "" על פי חזקה זו אדם מתכוון על דרך הכלל לתוצאות הטבעיות הנובעות ממעשיו כאשר עסקינן בעבירת הרצח גלומה בחזקת הכוונה ההנחה לפיה מי שגרם למותו של אדם על ידי מעשה אשר על פי טיבו מכוון לגרום לתוצאה קטלנית גם נשא בליבו את הכוונה לגרום לתוצאה טבעית זו ע""פ 1119 11 אבו סרחאן נ מדינת ישראל 5 5 2015 להלן עניין אבו סרחאן ע""פ 686 80 סימן טוב נ מדינת ישראל פ""ד לו 2 253 262 1982 ע""פ 2316 98 סוויסה נ מדינת ישראל פ""ד נה 5 797 2001 יפים בהקשר לכך דבריו של השופט נ סולברג בע""פ 8667 10 ניג ם נ מדינת ישראל 27 12 2012 ""בהעדר יכולת להתחקות אחר נבכי נפשו של אדם ומשההחלטה להמית הריהי מחשבה סובייקטיבית של נאשם שלא תמיד ניתן להוכיחה בראיות ישירות נעזרים בתי המשפט ב חזקת הכוונה אשר מניחה כי אדם מתכוון לתוצאות הטבעיות הנובעות ממעשיו חזקה זו נובעת מן ההנחה שמי שגרם למותו של אדם על ידי מעשה אשר על פי טיבו מיועד לגרום לתוצאה קטלנית גם התכוון בתוככי נפשו להביא לתוצאה טבעית זו שהיא פועל יוצא ממעשהו באמצעות חזקת הכוונה ניתן להוכיח הן את צפיית האפשרות להשגת התוצאה הקטלנית ו הן את רצון הנאשם כי תוצאה זו תתממש לעתים די בהצטברותם של מאפיינים אובייקטיביים אחדים כגון הכלי ששימש לגרימת החבלה ומיקום החבלה בגוף המנוח כדי להסיק מסקנה באשר לכוונת הנאשם חזקה זו מבוססת על ניסיון החיים היא אינה חלוטה ודי בכך שהנאשם יעורר ספק סביר בראיות המקימות את החזקה על מנת להפריכה "" ההדגשות שלי א ש כעולה מפסיקתו של בית משפט זה קיימים מספר נתונים עובדתיים שיש לבחון על מנת לבסס או למצער לחזק בהיעדר הסבר אחר המניח את הדעת את ההנחה בדבר החלטתו של הנאשם להמית את קורבנו בין היתר יש ליתן את הדעת לאופן ביצוע ההמתה לאמצעי ששימש לשם ביצועה למיקום הפגיעה בקורבן ולמספר הפגיעות בו עניין אבו סרחאן בפסקה 61 עניין מחאמיד בפסקה 29 עניין אגבריה בפסקה 28 כך למשל פגיעה באיזור חיוני בגופו של הקורבן עשויה להוות אינדיקציה לקיומה של החלטה להמית אף כאשר מדובר בפגיעה אחת בלבד ע""פ 228 01 כלב נ מדינת ישראל פ""ד נז 5 365 377 2003 עוד נקבע לא אחת כי ההחלטה להמית יכולה להתגבש כתגובה ספונטנית ורגעית ולאו דווקא כפועל יוצא של מחשבה או תכנון מוקדמים כפי שנאמר בע""פ 512 89 דניאלס נ מדינת ישראל פ""ד מה 2 496 1991 ""החלטה כזו יש שהיא נרקמת ומתגבשת לאורך זמן נדבך על גבי נדבך עד שהכוונה מתממשת במעשה גרימת המוות ויש שהיא מתגבשת כהרף עין בשל התרחשות או הלך נפש שהתהוו סמוך למעשה עצמו"" ראו גם ע""פ 9238 11 עמאש נ מדינת ישראל 9 6 2015 להלן עניין עמאש ע""פ 4655 12 אדרי נ מדינת ישראל 29 9 2014 להלן עניין אדרי ע""פ 10091 09 שפירוב נ מדינת ישראל 25 6 2012 להלן עניין שפירוב ע""פ 8564 07 גונצ ר נ מדינת ישראל 25 5 2011 וראו עוד בהקשר לכך את לשונו של סעיף 301 ג לחוק העונשין לפיו "" כדי להוכיח כוונה תחילה אין צורך להראות שהנאשם היה שרוי בהלך נפש מסוים במשך זמן פלוני או תוך תקופה פלונית שלפני ביצוע העבירה או שהמכשיר שבו בוצעה הוכן בזמן פלוני שלפני המעשה "" יסוד ההכנה 33 יסוד ההכנה כך נקבע הוא יסוד פיסי טהור ובגדרו נבחנות ההכנות הפיסיות אותן ערך הנאשם לשם מימוש מעשה ההמתה לרבות הכנת האמצעים אשר עתידים לשמש אותו לצורך כך עניין אבו סרחאן בפסקה 62 אכן על דרך העיקרון יש להפריד בין שלב ההכנה לשלב ההחלטה להמית אך לעתים "" החלטה להמית ומעשה הכנה שלובים ואחוזים זה בזה ואלה יחדיו עשויים להתמזג עם מעשה ההמתה עצמו עד שאין פסק זמן נראה לעין בין זה לזה "" עניין אליאבייב בעמ 470 יסוד זה עשוי להתגבש בנאשם עוד בטרם מעשה ההמתה בצמוד למעשה ואף במובלע בתוך המעשה עצמו כחלק בלתי נפרד ממנו ע""פ 1310 12 שוורצמן נ מדינת ישראל 3 11 2014 ע""פ 7392 06 אבו סלאח נ מדינת ישראל 26 8 2010 להלן עניין אבו סלאח ע""פ 10082 04 אברמוב נ מדינת ישראל 25 10 2006 יסוד היעדר הקנטור 34 יסוד היעדר הקנטור עניינו בצורך להוכיח כי מיד ובסמוך לביצוע מעשה הקטילה לא קונטר הנאשם על ידי קורבנו וזאת הן על פי אמת מידה סובייקטיבית והן על פי אמת מידה אובייקטיבית אמת המידה הסובייקטיבית נוגעת לשאלה האם הנאשם הושפע בפועל מן הקנטור עד שהוא איבד את שליטתו העצמית וביצע את המעשה הקטלני מבלי להתכוון לתוצאותיה הקטלניות של התנהגותו ע""פ 4519 11 שיחרזייב נ מדינת ישראל 4 5 2015 ע""פ 5413 97 זורבליוב נ מדינת ישראל פ""ד נה 2 541 555 553 2001 ע""פ 3071 92 אזואלוס נ מדינת ישראל פ""ד נ 2 575 578 577 1996 המובן האובייקטיבי של יסוד היעדר הקנטור עוסק בשאלה האם "" האדם הסביר "" או "" האדם מן היישוב "" היה פועל כפי שפעל הנאשם תחת מכלול דומה של נסיבות במילים אחרות האם לנוכח אותה התגרות היה מאבד "" האדם הסביר "" את שליטתו העצמית וממית את קורבנו עניין אזואלוס ע""פ 339 84 רבינוביץ נ מדינת ישראל פ""ד לט 4 253 261 1985 ע""פ 418 77 ברדריאן נ מדינת ישראל פ""ד לב 3 3 1978 ע""פ 396 69 בנו נ מדינת ישראל פ""ד כד 1 561 580 579 1970 יפים לענייננו הדברים שנאמרו על ידי חברי השופט י דנציגר בע""פ 2823 10 דיין נ מדינת ישראל 7 2 2013 להלן עניין דיין ""השאלה שעליה יש להשיב על פי המבחן הסובייקטיבי היא האם נשלל מהנאשם כוח השליטה העצמית בעקבות פעולת ההתגרות של נפגע העבירה כך שבמצב נפשי זה ובטרם יעלה בידיו ""להתקרר"" להעריך את התוצאה האפשרית של מעשהו ולהחזיר לעצמו את כוח השליטה העצמית ברצונו פעל הנאשם את פעולתו הממיתה המבחן הסובייקטיבי הוא מבחן עובדתי המתייחס למצבו הנפשי של הנאשם המסוים והוא מעוגן בנסיבות האירוע הספציפי השאלה הנבחנת בגדרי מבחן זה היא האם מדובר באקט ספונטאני של הנאשם פרי איבוד שליטה עצמית עקב התגרות בו מצד נפגע העבירה בתכוף לפני מעשה ההמתה באופן השולל פעולה מתוך מצב של יישוב הדעת וקור רוח המבחן האובייקטיבי מעמיד את האדם הסביר בנעליו של הממית ושואל את השאלה ההיפותטית כיצד עלול היה האדם הסביר להגיב בנסיבות דומות אם האדם הסביר לא יכול היה להתגבר על סערת רוחו בנסיבות דומות ולכן לא יכול היה לשלוט בעצמו והיה פועל כשם שפעל הנאשם הספציפי כי אז גם לפי המבחן האובייקטיבי מתקיימת התגרות ולא מתגבשת ה כוונה תחילה במסגרת המבחן האובייקטיבי אין מייחסים משקל לנתונים אישיים או תת קבוצתיים זאת ועוד המבחן האובייקטיבי הוא מבחן נורמטיבי ערכי המשמש אמצעי ליישומם של שיקולי מדיניות שיפוטית"" ההדגשות במקור א ש להרחבה ראו דנ""פ 1042 04 ביטון נ מדינת ישראל פ""ד סא 3 646 2006 להלן עניין ביטון ומן הכלל אל הפרט 35 אקדים תוצאה להנמקה ואומר כי מהשתלשלות האירועים אשר הובילה למותו של המנוח עולה לטעמי מסקנה אחת ויחידה והיא כי התקיימו במערער כלל יסודותיה של עבירת הרצח בכוונה תחילה כפי שיפורט להלן 36 העובדות אשר אינן שנויות במחלוקת מלמדות כי לקראת צאתה של המתלוננת מדירת המערער עם סיום מלאכת איסוף החפצים שנותרו בדירתו השליך המערער מספר שקיות החוצה מן הדירה והיכה את המתלוננת בעוצמה בפניה עקב המכה הקשה נפלה המתלוננת ארצה על החפצים אשר היו מונחים על הרצפה או אז נטל המערער סכין אשר היתה מונחת על שידה סמוכה ודקר את המתלוננת שתי דקירות כתוצאה מכך החלה המתלוננת לצעוק מכאב ולמשמע זעקותיה נכנס המנוח לדירה כשבידו כפכף בשלב זה כאשר המערער והמנוח עודם מצויים בתוך הדירה החלו דחיפות בין השניים שלאחריהן פנה המנוח החוצה מן הדירה לכיוון הגשר המחבר בין גרם המדרגות לבין דלת הכניסה לדירה המערער אשר הצליח להשתחרר מניסיון אחיזתו על ידי השוטר יצא מן הדירה בכיוון תנועת המנוח בשלב מסויים כאשר המערער והמנוח היו בתנועה על הגשר לכיוון גרם המדרגות דקר המערער את המנוח בצד שמאל של חזהו באיזור הלב בהגיע השניים לגרם המדרגות הם המשיכו בתנועה מטה כאשר המערער עודנו מחזיק בסכין ומתקדם לכיוונו של המנוח בתחתית גרם המדרגות המשיך המערער לדקור את המנוח עד אשר השליך את הסכין מידו לבקשת השוטרים אין מחלוקת של ממש בין הצדדים לגבי סדר האירועים וההתרחשויות כמפורט לעיל אלא באשר לאופי האינטראקציה שהתפתחה בין המערער לבין המנוח במהלכם לגרסת המשיבה המנוח נכנס אל הדירה על מנת להגן על המתלוננת מפני המערער עם כניסתו לדירה כך לגישתה של המשיבה הצליח המנוח להרחיק בין השניים ואז המערער פנה לעברו והחל לתקוף אותו המנוח נס החוצה מן הדירה כאשר המערער דולק אחריו תוך שהוא משתחרר מאחיזת השוטר הדקירה הראשונה ארעה בנקודה מסויימת על הגשר וכוונה לחזהו של המנוח בצד שמאל באיזור הלב בהמשך ולכל אורך תנועת השניים עד לתחתית גרם המדרגות התקדם המערער לכיוונו תנועתו של המנוח כשהסכין בידו המנוח נע תחילה לאחור כשפניו לכיוון המערער אך בשלב מסויים הוא הסתובב וניסה למלט את עצמו כשגבו לכיוון המערער ופניו לכיוון המדרגות עם הגעתם לתחתית גרם המדרגות דקר המערער את המנוח פעם אחר פעם במקומות חיוניים בגוף ובכך גרם למותו בכוונה תחילה אל מול גרסתה זו של המשיבה טוען המערער מנגד כי כניסת המנוח לדירה לא נועדה על מנת להגן על המתלוננת כי אם במטרה לתקוף את המערער עצמו טענה זאת תומך המערער בעובדה שהמנוח נכנס לדירה כשבידו כפכף ופניו לעבר המערער בשלב זה ועל מנת להגן על עצמו החל המערער להכות את המנוח שלא באמצעות הסכין ובין השניים התפתח "" מאבק "" ו"" עימות "" עם צאתו של המנוח מן הדירה ובעיצומו של המאבק בין השניים בסמוך למפתן הדירה דקר המערער את המנוח דקירה ראשונה בחזה מצד שמאל דקירה שלא היתה קטלנית מכאן ואילך ולכל אורך תנועת השניים על הגשר ועד לתחתית גרם המדרגות המשיכו הצדדים להיאבק זה בזה בתחתית גרם המדרגות נמשך המאבק בין ה"" נצים "" כאשר בשלב מסויים "" ידו של המנוח היתה על העליונה "" והוא אחז בעצמו בסכין על רקע דברים אלו טוען המערער כי הדקירות במנוח אירעו כולן כתוצר לוואי של המאבק בין השניים ואף המערער עצמו היה נתון במהלך האירוע "" בסכנת חיים "" בחינת הדברים על יסוד התשתית הראייתית שהוצגה בבית משפט קמא מובילה למסקנה חד משמעית כי יש לדחות גרסתו זו של המערער זאת בראש ובראשונה מן הטעם שגרסה זו אינה מתיישבת עם הממצאים העובדתיים החד משמעיים אותם קבע בית משפט קמא נזכיר בהקשר זה מושכלות ראשונים לפיהם ערכאת הערעור אינה נוטה להתערב בממצאי עובדה ומהימנות אשר נקבעו על ידי הערכאה המבררת ההסבר לכך נעוץ "" בעדיפות המובהקת של הערכאה הדיונית כמי שמתרשמת באופן ישיר ובלתי אמצעי מהעדים המופיעים בפניה מהאופן בו הם מסרו את עדותם מהתנהגותם על דוכן העדים ומשפת גופם זאת בעוד שמסקנותיה של ערכאת הערעור מתבססות ככלל על החומר הכתוב המונח לפניה "" ע""פ 2177 13 פלוני נ מדינת ישראל 9 7 2015 ראו גם ע""פ 8754 13 סעדה נ מדינת ישראל 15 1 2015 ע""פ 4428 13 שטרית נ מדינת ישראל 30 4 2014 ע""פ 5303 12 פלוני נ מדינת ישראל 27 2 2014 מקביעותיו של בית משפט קמא עולה באופן מפורש כי האינטראקציה שהתפתחה בין המערער לבין המנוח במהלך האירוע היתה של רודף ונרדף ויש לדחות מכל וכל את הטענה כי מדובר בעימות שהתפתח בין שני ניצים כפי שקבע בית משפט קמא המנוח נכנס לדירה כשכפכף בידו "" למשמע זעקותיה "" של המתלוננת ו"" נראה כי המנוח לא צפה את תרחיש האימה אליו נכנס באותה עת כאשר המערער אוחז בסכין ומסתער עליו בחמת זעם "" עמ 47 להכרעת הדין לאחר מכן הוסיף וקבע בית משפט קמא כי ""התמונה העולה מרצף העדויות שבפנינו הינה שהמערער החל דוקר את המנוח על הגשר ורדף אחריו עד תחתית גרם המדרגות והמשיך לדוקרו עד שמצא זה האחרון את מותו"" ההדגשות שלי א ש עמ 50 להכרעת הדין זאת ועוד בית משפט קמא התייחס לתיאור ההתרחשות בתחתית גרם המדרגות במילים אלה ""תיאורי המאבק והמצב בו היו המנוח והמערער בתחתית המדרגות תואמים בין העדויות השונות אותות האמת העולים מהעדויות והתיישבותן האחת עם רעותה מחזקים את אמינותן נראה כי בתחתית המדרגות בעיצומו של המאבק היו אכן המערער והמנוח חבוקים כאשר ידו של המערער אוחזת בסכין והמנוח מנסה להסיט את היד האוחזת בסכין ממנו כמו כן עולה כי המנוח לא אחז בעצמו בסכין לאורך כל השתלשלות העניינים וכי לאורך כל הדרך היתה ידו של המערער על העליונה"" עמ 51 להכרעת הדין עוד ראוי להדגיש כי גרסתו זו של המערער אינה מתיישבת כלל ועיקר עם שלביו הקודמים של האירוע האלים ועם הגיונם של הדברים עם כניסתו של המנוח לדירה המערער החזיק סכין רחבה וחדה בידו בעוד שהמנוח אחז באותה עת בכפכף בלבד בנסיבות אלה ולנוכח פערי הכוחות הברורים בין השניים אין זה מתקבל על הדעת כי המנוח ינסה לתקוף את המערער לא כל שכן אין זה סביר כי הוא ימשיך לנסות לתקוף את המערער לאחר שהוא נדקר בליבו עולה בבירור מן הראיות שגם השכל הישר מתווסף להן כי משעה שהבחין המנוח בסכין אותה אחז המערער בידו ולאחר שהמתלוננת יצאה החוצה מן הדירה בחירתו של המנוח היתה לצאת במנוסה מן הדירה ולהימנע מכל עימות עם המערער גם אם אניח כי על מנת להגן על המתלוננת מפני המערער ניסה המנוח תחילה להדוף את המערער כדי שיניח למתלוננת אין ספק כי לאחר שהבחין בסכין שבידי המערער לא היתה עוד תוחלת בהמשך המאבק האלים עימו בנוסף אין נפקות של ממש לשאלה באיזו נקודה מדוייקת על הגשר דקר המערער את המנוח שכן כבר בשלב שבו יצא המנוח מן הדירה הוא היה במגמת מנוסה מפני המערער עוד אוסיף כי אין זה משנה אם המנוח הצליח בשלב זה או אחר לאחוז בידית הסכין שכן גם אם עשה כאמור היה זה מתוך תגובה טבעית וניסיון להרחיק את הסכין מגופו ולהימנע מדקירות נוספות לבסוף יש לחזור ולהזכיר כי תוצאת האירוע מדברת בעד עצמה כאשר המנוח נדקר שש פעמים כאשר שלוש מהדקירות בוצעו באיברים חיוניים בגופו ת 91 בעוד שלמערער נגרמו לכל היותר פצעים שטחיים בלבד ת 54 לסיכום עולה מן המכלול כי במהלך העימות ביניהם רדף המערער אחרי המנוח תוך שהוא מנסה ומצליח לדקור אותו שוב ושוב בעוד שהמנוח נס על חייו ומאבקו במערער נועד כול כולו כדי לנסות ולהציל את עצמו מידי מי שמבקש את נפשו 37 על רקע תשתית עובדתית זו מתחייבת המסקנה כי התגבשה במערער ההחלטה להמית את המנוח אפשר שהחלטה זו לא נרקמה במוחו של המערער מבעוד מועד עובר ליום הרצח אך גם אם מדובר בהחלטה שהתגבשה "" כהרף עין "" ובסמוך למעשים אין בכך כדי להועיל למערער כפי שהובהר בפסיקה עניין עמאש בפסקה 13 עניין אדרי בפסקה 29 עניין שפירוב בפסקה 22 המערער השתמש בסכין מטבח גדולה רחבה וחדה לכל אורך האירוע היה המנוח כפי שפורט לעיל במגמת מנוסה מפני המערער כאשר האחרון ממשיך לרדוף אחריו כשהסכין אחוזה בידו המערער דקר את המנוח שש דקירות כאשר שלוש מהן באיזורים חיוניים ורגישים בגוף נזכיר עוד כי לאחר הדקירה הראשונה אשר כוונה לליבו של המנוח המשיך המערער ודקר את המנוח חמש פעמים נוספות מכלול הראיות אשר פורט לעיל מוביל למסקנה ברורה וחד משמעית כי המערער התכוון להמית את המנוח מכל מקום ולנוכח השימוש בסכין גדולה וחדה ולאור ריבוי הדקירות וחומרתן המערער לא הצליח לסתור את "" חזקת הכוונה "" ולא עלה בידו ליצור ספק סביר בדבר כוונתו לגרום למותו של המנוח עניין אבו סרחאן בפסקה 61 יפים בהקשר לכך דבריו של הנשיא מ שמגר ""הנכונות להשתמש בסכין אינה נטולת הבנה של הסיכונים המתלווים לכך אלא היפוכו של דבר מתלווה לה הידיעה עד כמה הדבר מסוכן ואף יעיל מי שמניף סכין בעלת להב ארוך בכוונה לתוקעו בחזהו של הנתקף פועל בהכרח באופן מודע ובהבנת מהות המעשה היינו שהוא מקפח בכך פתיל חייו של מי שניצב מולו"" ע""פ 624 89 יחזקאל נ מדינת ישראל פ""מ מה 3 705 713 712 1991 38 עוד ראוי לציין כי אין ממש בטענתו של המערער לפיה יש להקיש מזיכויו מעבירת הניסיון לרצח המתלוננת לעניין הרשעתו בעבירת רצח המנוח המעשים שביצע המערער במתלוננת ובמנוח שונים זה מזה מבחינה כמותית ואיכותית כאחת המתלוננת נדקרה שתי דקירות בלבד האחת בחזה מצד ימין לא בצד הלב והשנייה לאורך כף היד ת 79 זאת בעוד שאת המנוח דקר המערער שש פעמים במקומות חיוניים בגופו כפי שפורט לעיל ת 91 לעובדות אלה יש השלכה על יסוד ההחלטה להמית אשר התגבשה אצל המערער ביחס לכל אחד משני קורבנותיו ולפיכך אין לגזור גזירה שווה בין הדברים עוד אציין כי זיכויו של המערער מניסיון הרצח של המתלוננת נעשה מחמת הספק בלבד 39 אשר ליסוד ההכנה נקבע לא אחת כי בעבירות רצח המבוצעות באמצעות סכין הרי שעצם אחיזת הסכין והפנייתה כלפי הקורבן כדי לנעוץ אותה בגופו עשויות לקיים את יסוד ההכנה עניין אבו סלאח בפסקה 41 ע""פ 2458 11 סולוביוב נ מדינת ישראל 7 1 2014 ע""פ 2507 11 אוסקר נ מדינת ישראל 30 9 2013 ע""פ 2170 06 מלול נ מדינת ישראל 8 7 2009 כפי שנאמר בע""פ 2534 93 מליסה נ מדינת ישראל פ""ד נא 2 597 610 1997 "" דומה כי גם בהפניית הסכין לעבר המנוחה היה כדי למלא את יסוד ההכנה ועל כל פנים נעיצת הסכין בגופה שוב ושוב מעידה על הכנה "" במקרה דנא אין חולק כי יסוד ההכנה התקיים במערער בעת שהוא פתח במרדף אחר המנוח שיצא החוצה מן הדירה הניף את הסכין לעברו ודקר אותו בגופו פעם אחר פעם בנסיבות אלה אינני נדרש לטענת המערער לפיה יסוד ההכנה לרצח המנוח לא התגבש אצלו שעה שנטל את הסכין בדירה לצורך דקירת המתלוננת 40 אעבור עתה ליסוד היעדר הקנטור רבות דובר ונכתב בפסיקתו של בית משפט זה על יסוד היעדר הקנטור על היבטיו הסובייקטיביים והאובייקטיביים ועל השאלה האם מדובר בתנאים מצטברים או חלופיים בסופו של דבר קבע מותב של שבעה שופטים בעניין ביטון כי יש לבחון את שני המבחנים הללו באופן מצטבר ראו גם עניין דיין בפסקה 15 41 המערער טוען כי על רקע העימותים המילוליים בינו לבין המתלוננת בתקופה שקדמה ליום הרצח וביתר שאת בעקבות הדברים שנאמרו על ידה במהלך איסוף הפריטים בדירתו הרי שהוא קונטר עובר למעשיו נראה כי אין כל ממש בטענה זו ככל שהיא נוגעת למישור הקנטור הסובייקטיבי זאת לאור עדויות השוטרים מהם עולה כי המערער התנהל בקור רוח ובשליטה עצמית למרות חילופי הקללות בינו לבין המתלוננת ועל כן אין בסיס לטענת הקנטור הסובייקטיבי כפי שגם קבע בית משפט קמא זאת ועוד המערער אינו משיג בערעורו על הקביעה כי אין מדובר בקנטור אובייקטיבי לאור הלכתו של בית משפט זה בעניין ביטון לפיה יסוד היעדר הקנטור נבחן הן במישור האובייקטיבי והן ברמה הסובייקטיבית במצטבר ברי כי טענת הקנטור של המערער אינה יכולה להתקבל די בשלילתו של רכיב הקנטור האובייקטיבי על מנת שיסוד היעדר הקנטור במערער יעמוד על כנו מה גם שכאמור נדחתה טענתו של המערער גם לעניין הקנטור הסובייקטיבי 42 סיכומם של דברים הנני תמים דעים עם בית משפט קמא כי במערער התקיימו כל יסודותיה של עבירת הרצח בכוונה תחילה היינו יסוד ההחלטה להמית יסוד ההכנה ויסוד היעדר הקנטור אשר על כן נראה כי אין כל מקום להתערב בהרשעתו של המערער בעבירה זו 43 עתה אעבור לטענתו של המערער בנוגע לעונש אשר הושת עליו לטענת המערער היה מקום לקבוע כי דקירת המתלוננת והמנוח הם בגדר "" אירוע אחד "" דבר המצדיק לשיטתו כי יושת עליו עונש אחד בלבד של מאסר עולם כפי שיובהר להלן הנני סבור כי יש לדחות טענה זו הכלל המנחה את בית המשפט להכרעה בשאלה האם מדובר באירוע אחד או שמא במספר אירועים נפרדים הוא מבחן "" הקשר ההדוק "" אותו הציעה חברתי השופטת ד ברק ארז בע""פ 4910 13 ג אבר נ מדינת ישראל 29 10 2014 ""לשיטתי נקודת המוצא לפרשנותו של המונח אירוע צריכה להיגזר מהבנת התכלית העומדת ביסוד דרישתו של תיקון 113 כי בית המשפט יקדים לגזירת הדין את תחימת גבולותיו של ה אירוע ביסוד הדברים עומדת ההכרה בערך הנודע לכך שבית המשפט יקבע מתחם ענישה אחד לפעולות שיש ביניהן קשר ענייני הדוק תוך התייחסות לכך שהתבצעו בדרך זו בעיקרו של דבר התשובה לשאלה מהם גדרי ה אירוע תיגזר מניסיון החיים כך שעבירות שיש ביניהן קשר הדוק ייחשבו לאירוע אחד המובן שיינתן למונח קשר הדוק יתפתח ממקרה למקרה ואין צורך לקבוע אותו באופן קשיח כבר כעת עם זאת ניתן לומר כי ברגיל קשר כזה בין עבירות יימצא כאשר תהיה ביניהן סמיכות זמנים או כאשר הן תהיינה חלק מאותה תוכנית עבריינית אף כאשר הן בוצעו לאורך תקופת זמן שאינה קצרה אך מבלי שפרמטרים אלה ימצו את מבחני העזר האפשריים לבחינת עוצמתו של הקשר בין העבירות כך לדוגמה ניתן להתייחס למקרה שבו אדם פורץ לבית גונב ממנו פריטים שונים ונמלט מן המקום כשהוא נוסע באופנוע במהירות מופרזת המשטרה דולקת בעקבותיו ומתנהל מרדף שבסופו הוא נתפס לאחר שגם ניסה לתקוף שוטר ברי כי בדוגמה זו עבר המבצע עבירות רבות ושונות וכי אף ניתן לפצלן למספר מעשים עם זאת כולן בוצעו בסמיכות זמנים רבה ויש ביניהן קשר הדוק כך שיש לראות בהן חלק מ אירוע אחד"" שם בפסקה 5 לחוות דעתה של השופטת ד ברק ארז על יסוד הדברים הללו אשר אני מצטרף אליהם בהסכמה ניתן לקבוע אכן כי מעשיו של המערער הינם בגדר "" אירוע אחד "" זאת לנוכח ביצועם של המעשים על פני זמן קצר ביותר וקיומו של קשר הדוק ביניהם ואולם נראה בבירור כי המערער ביצע שני "" מעשים "" במסגרת אותו אירוע שבגינם ניתן להטיל עונשים נפרדים על המערער סעיף 186 לחוק סדר הדין הפלילי נוסח משולב התשמ""ב 1982 קובע כי ""בית המשפט רשאי להרשיע נאשם בשל כל אחת מן העבירות שאשמתו בהן נתגלתה מן העובדות שהוכחו לפניו אך לא יענישהו יותר מפעם אחת בשל אותו מעשה"" בית משפט זה נדרש לא אחת לפרשנות המונח "" מעשה "" תוך שימוש במבחני עזר וביניהם המבחן הצורני עובדתי והמבחן המהותי מוסרי ראו בהקשר זה ע""פ 3206 11 ז אנו נ מדינת ישראל פסקה 10 10 6 2013 בסופו של יום נקבע כי כאשר מדובר בעבירות אלימות ובכלל זאת עבירת רצח ועבירת גרימת חבלה חמורה בשני קורבנות שונים יפורש המונח "" מעשה "" כך שהוא ייוחד לגבי כל קורבן בנפרד כפי שציין השופט כתוארו אז מ חשין ""דעתי היא זו שבעבירות של אלימות נגד אדם בוודאי כך בעבירות רצח הריגה או פגיעה חמורה באדם פירוש המושג אותו מעשה ייסוב לא אך את העושה אלא ואולי אף בראש ובראשונה את הנפגע אדם כל אדם עולם ומלואו הוא ועל דרך העיקרון מעשה גרימת מותו של אדם בניגוד לדין יש וראוי לראות בו מעשה לעצמו מעשה המטיל אחריות לעצמה של העושה אחריות הגוררת אחריה עונש לעצמו לכל נפגע זכותו זכות מן הטבע היא לחיים ולשלמות הגוף וזכות זו שמן הטבע חובתה של החברה לפרוש עליה וסביבה הגנה ראויה האדם הוא תכלית המשפט וחייו וכבודו של האדם מחייבים את המשפט"" ע""פ 9804 02 שר נ מדינת ישראל פסקה 23 21 4 2004 ועוד ראו בהקשר זה ""מסקנה זו היא הכרחית גם מנקודת מבט מוסרית המכירה בקדושת חייו של אדם כערך יסוד ערך חיי אדם וסלידתנו העמוקה ממעשים הפוגעים בו חייבים למצוא ביטוי מפורש ונפרד גם במסגרת גזירת העונש הן לעניין מספר העונשים שיש לגזור על הנאשם והן לעניין הצטברותם אף כי מעשה רצח של אדם בודד הוא כשלעצמו מעשה נפשע וחמור מאין כמותו גזירה של אותו עונש על מי שרצח אדם אחד ועל מי שרצח רבים עלולה להתפרש כהחלשה של משמעות ערך חיי האדם ואף עלולה לפגוע במידת ההרתעה שכן מה יעצור רוצח מלהרבות את קורבנותיו אם בגין הקורבנות הנוספים הוא לא יהיה צפוי לכל תוספת עונש"" ע""פ 1742 91 פופר נ מדינת ישראל פ""ד נא 5 289 1997 אשר לשאלת הצטברות העונשים הוסיף וקבע השופט חשין כי ""על דרך הכלל נאמר כי במקום שהמדובר הוא בעבירה המלווה בכוונה יוטלו על העושה עונשים מצטברים אלא אם נסיבותיו המיוחדות של המקרה תורינה אותנו על חפיפת העונשים כולם או חלקם"" שם בפסקה 26 יישום עקרונות אלה בענייננו מוביל למסקנה ברורה וחד משמעית כי בדין גזר בית משפט קמא על המערער עונשים נפרדים ומצטברים בגין עבירת הרצח ועבירת החבלה החמורה ולא הוצגו בפנינו טעמים מבוררים המצדיקים סטייה מן הכלל האמור לאור האמור יש לדחות את הערעור גם לעניין העונש סוף דבר 44 לו תישמע דעתי ערעורו של המערער יידחה על שני חלקיו כך שהכרעת דינו של משפט קמא כמו גם גזר דינו יוותרו על כנם ש ו פ ט השופט י דנציגר אני מסכים ש ו פ ט "
HUGGINGFACE-e5382789e99c,2026-05-26T07:21:27+03:00,manual_review_sentence_relief,sentence_relief_only,"ת פיצוי בגין נזק בלתי ממוני כדוגמת כאב וסבל ופגיעה בשם הטוב ""suffering harm to reputation and similar damage"" על המעריך להתחשב במיוחד בחומרת העבירה שבה הואשם והורשע מבקש הפיצוי בחומרת העונש שנגזר עליו ובהתנהלות המשטרה והתביעה כן נקבע באותו סעיף כי המעריך רשאי להפחית מהפיצוי כל סכום שנראה לו הולם אם מצא כי מבקש הפיצוי תרם תרומה כלשהי להרשעתו במישרין או בעקיפין או בשל הרשעות באישומים אחרים פרט לאמור לעיל קיימת באנגליה חקיקה המסדירה קבלת שיפוי בגין הוצאות ההגנה בהליכים פליליים בכלל ובמשפט חוזר בפרט המדובר בעיקר בסעיף 16 ל Prosecution of Offences Act 1985 UK להלן החוק מ 1985 ובהנחיות שמפרסם זקן השופטים מעת לעת ההנחיות המעודכנות הן מיום 23 7 2014 Lord Chief Justice Practice Direction Costs in Criminal Proceedings 2014 EWCA Crim 1570 סעיף 16 6 לחוק מ 1985 קובע כי בד בבד עם זיכויו של אדם במשפט פלילי לרבות בשלב הערעור רשאי בית המשפט לפי שיקול דעתו להורות על תשלום הוצאות ההגנה מקופת בית המשפט ודוק שיפוי בגין הוצאות הגנה הוא הפיצוי היחיד לו עשוי להיות זכאי לפי החוק האנגלי מי שהואשם בפלילים וזוכה בדין בערכאה הדיונית או בהליכי ערעור סעיף 16 11 לחוק מ 1985 עוסק באופן ספציפי בתשלום הוצאות לאדם שזוכה בשלב של משפט חוזר וקובע כי אלה יכללו גם את ההוצאות שניתן היה לפסוק בכל אחת מהערכאות הקודמות אילו היה אותו אדם מזוכה בהן 22 בשונה מאנגליה קנדה לא אימצה את סעיף 14 6 לאמנה בחקיקה חלף זאת שר המשפטים הקנדי קבע בשיתוף עם שרי המשפטים ופרקליטי המדינה של מחוזות קנדה רשימת הנחיות לפיצוי מורשע שזוכה The Federal Provincial Guidelines on Compensation for Wrongfully Convicted and Imprisoned Persons להלן ההנחיות הקנדיות על פי ההנחיות הקנדיות בקשה לפיצוי מוגשת לשר המשפטים המדינתי או הפדרלי והפיצוי נפסק על ידי ממשלת המחוז או המדינה פיצוי זה מוגדר מטבעו כ Ex Gratia ואולם ההנחיות הקנדיות מבטאות את העקרונות המרכזיים הקבועים בסעיף 14 6 לאמנה ומתוות בהתאם את הדרך להערכת שיעור הפיצויים ככלל בתי המשפט בקנדה אינם נוהגים לפסוק הוצאות לטובת נאשם שזוכה בשלב כלשהו של ההליכים נגדו אלא בנסיבות חריגות ויוצאות דופן או במקרים שבהם התנהלות התביעה היתה פסולה ראו למשל R v Brown 2009 ONCA 633 על פי ההנחיות הקנדיות מורשע שזוכה עשוי להיות זכאי לפיצוי בשלושה ראשי נזק עיקריים נזק לא ממוני כדוגמת שלילת החירות פגיעה בשם הטוב ופגיעה בחיי המשפחה או ביחסים אישיים אחרים הפיצוי בראש נזק זה מוגבל לסכום מרבי של עד 100 000 דולר קנדי נזק ממוני ובעיקר אובדן השתכרות לרבות עתידית ואובדן רכוש בפסיקת פיצוי בראש נזק זה יש להתחשב במידת אחריותו של הנאשם להרשעה ובניקיון כפיו בהגשת הבקשה לפיצוי ראש הנזק השלישי הוא החזר הוצאות שהוצאו באופן סביר לשם השגת ביטול ההרשעה יבואר כי מאחר שההנחיות הקנדיות אינן מחייבות כדבר חקיקה אלא משמשות ככלי עזר בלבד לאומדן הפיצוי ניכר בקנדה חוסר אחידות בפסיקת הפיצויים ראו למשל חוות דעת שהוגשה לפרקליט מדינת אונטריו ביום 28 3 2008 בעניינו של סטיבן טרוסקוט Steven Truscott והאסמכתאות והדוגמאות המצוינות שם מפורסם באתר פרקליטות מדינת אונטריו http www attorneygeneral jus gov on ca english about pubs truscott section5 asp 23 גם באוסטרליה לא אומץ סעיף 14 6 לאמנה בחקיקה פרט לטריטוריית הבירה האוסטרלית Australian Capital Territory ACT שם הוא אומץ במלואו כבאנגליה בשאר הטריטוריות מורשע שזוכה אמנם עשוי להיות זכאי לפיצוי המשולם מטעם המדינה בבחינת Ex Gratia אך לא פורסמו הנחיות רשמיות בנוגע לקביעת הזכאות ושיעור הפיצוי עם זאת בשנת 1990 ניתן בבית המשפט העליון באוסטרליה פסק דין מנחה שלפיו ככלל יש לשפות נאשם שזוכה מהאישומים נגדו בגין הוצאות שהוציא לטובת הגנתו Latoudis v Casey 1990 170 C L R 534 וכלל זה כוחו יפה גם לגבי מורשע שזוכה להרחבה ראו Luke Brasch Costs in Criminal Cases 2012 available at http www criminalcle net au attachments Costs_ Paper_final2 pdf ניו זילנד בחרה אף היא שלא לכלול בחקיקה הוראות לפיצוי מורשע שזוכה עם זאת בדומה לקנדה ובשונה מאוסטרליה נקבעו שם הנחיות פומביות ומפורטות להפעלת שיקול הדעת בקביעת הפיצויים The Cabinet Guidelines for Compensation and Ex Gratia Payments for persons Wrongly Convicted and Imprisoned in Criminal Cases המתווה דומה לפרוצדורות הבריטית והאוסטרלית שר המשפטים הסבור כי מורשע שזוכה עשוי להיות זכאי לפיצוי ממנה יועץ מיוחד Queen s Counsel שתפקידו לקבוע אם אמנם קמה זכותו של המבקש לפיצוי ובאיזה שיעור לאחר קבלת המלצתו של היועץ המיוחד ממליץ שר המשפטים לממשלה אם לזכות את המבקש בפיצויים ואם כן באיזה סכום והממשלה היא שאמונה על קבלת החלטה סופית בנושא על פי ההנחיות הנוהגות בניו זילנד הזכאות לפיצוי ושיעורו נקבעים על יסוד שורה של שיקולים רלוונטיים ובהם התנהלות המבקש לפני הרשעתו מידת תום הלב של המאשימה בניהול התביעה תקינות וסבירות ניהול החקירה חומרת העבירה הנטענת והעונש שנקבע הפגיעה שנגרמה כתוצאה מההרשעה וריצוי העונש עוד על פי ההנחיות ניתן לפסוק למורשע שזוכה פיצוי בשני ראשי נזק האחד הוא נזק לא ממוני כדוגמת אובדן החירות פגיעה בשם הטוב פגיעה בחיי המשפחה וביחסים אישיים ופגיעה נפשית ורגשית הסכום המרבי לפיצוי בראש נזק זה ממנו יש לסטות רק במקרים מיוחדים הוא 100 000 דולר ניו זילנדי לכל שנת מאסר ראש הנזק השני הוא ממוני וכולל בין היתר אובדן השתכרות לרבות עתידית ואובדן נכסים כתוצאה מהמעצר או המאסר עוד על פי ההנחיות תחת ראש הנזק הממוני יש לכלול גם הוצאות שהוצאו לשם ביטול ההרשעה הערכת הפיצוי בעניין זה נפרדת ושונה משיפוי בגין הוצאות משפט העשוי להינתן על ידי בית משפט במסגרת הליך פלילי מכוח החוק Costs in Criminal Cases Act 1967 S 5 שלפיו רשאי אך לא חייב בית המשפט להורות כי ישולם לנאשם שנמצא זכאי סכום שנראה לבית המשפט כצודק וסביר ביחס להוצאות הגנתו 24 התחנה האחרונה בסיורנו בעולם היא ארצות הברית שם מתרבים בשנים האחרונות מקרים של זיכוי מי שהורשע בפלילים בהחלטה סופית תופעה זו היא במידה רבה תוצאה של התפתחויות טכנולוגיות בד בבד עם פעילות עניפה של גופים פרטיים לזיכוים של מורשעים בעיקר על בסיס אי התאמה בדגימות DNA הארגון המוביל בתחום זה מכונה The Innocence Project להרחבה ראו www innocenceproject org free innocent improve the law compensation for the wrongly convicted בהתאם לכך ניכרת עלייה במספר המדינות שקבעו לאחרונה בחקיקה מנגנונים שונים לפיצוי מורשעים שזוכו עד כה 31 ממדינות ארצות הברית כמו גם החוק הפדרלי אימצו את הוראות סעיף 14 6 לאמנה במדינות מסוימות כגון קליפורניה טקסס ואלבמה מונו גופים מנהליים לטיפול בפסיקת הפיצויים בעוד שבמדינות אחרות הפיצוי נפסק על ידי בית המשפט בחלק ממדינות ארה""ב קיים מנגנון מפורט לקביעת הזכאות ושיעור הפיצויים בדומה למנגנונים שפורטו לעיל לרבות הנחיות בנוגע לקביעת שיעור הפיצויים על פי ראשי נזק מוגדרים לעומת זאת במדינות אחרות שיעור הפיצויים מסור לשיקול דעתן של הרשויות ונקבע כסכום גלובאלי בדומה לעקרון הפיצוי האוסטרלי מרבית המדינות בארצות הברית הגבילו בחקיקה את סכומי הפיצויים למשל באמצעות קביעת פיצוי מרבי לכל יום או שנת מאסר בדומה לתעריפים שנקבעו בישראל בתקנות הפיצויים ובחלקן הוגבל גם סכום הפיצוי הכולל כמו כן ראוי לציין כי מדינות רבות בארה""ב מעניקות למורשע שזוכה גם שירותי רווחה בריאות חינוך ושיקום להרחבה Making Up For Lost Time What The Wrongfully Convicted Endure And How To Provide Fair Compensation Benjamin N Cardozo School of Law Yeshiva University 2009 available at www innocenceproject org files imported innocence_project_compensation_report pdf אשר לחוק הפדרלי בארה""ב לבית המשפט לתביעות פדרליות Court of Federal Claims ניתנה סמכות לפסוק פיצויים לכל אדם שהורשע בעבירה על פי החוק הפדרלי ריצה עונש מאסר וזוכה 28 U S C 1495 הפיצוי מותנה בשורה של תנאים מקדמיים ובין היתר כי המבקש זוכה מכל אשמה וכי הוא לא תרם בשום דרך להעמדתו לדין The Unjust Conviction and Imprisonment Act 28 U S C 2513 2006 רק אם עמד בתנאים אלה רשאי המורשע שזוכה להגיש תביעה אזרחית פדרלית בשל הפגיעה בזכויותיו החוקתיות ואולם מנגנון הפיצוי הפדרלי זוכה לביקורת בלתי מבוטלת מצד מלומדים על רקע הנטל הכבד שהוא מטיל לפתחו של המבקש להרחבה Deborah Mostaghel Wrongly Incarcerated Randomly Compensated How to Fund Wrongful Conviction Compensation Statutes 44 Indiana L Rev 503 511 514 2011 כן ראו Jason Costa Alone in the world The United States Failure to Observe the International Human Right to Compensation for Wrongful Conviction 19 Emory Int l L Rev 1615 2005 שיפוי בגין הוצאות שהוציא אדם שזוכה מפלילים לשם הגנתו מוסדר במדינות ארצות הברית בחקיקה נפרדת כמו בעניין פיצוי מורשע שזוכה כך גם בנוגע לשיפוי נאשם שזוכה קיימים הסדרים שונים בחוקי המדינות ובחקיקה הפדרלית בחלק מהמדינות קיימת למשל הגבלה על גובה ההחזר אך ככלל הוא ניתן לכל נאשם שזוכה במדינות אחרות לעומת זאת ניתן החזר מורחב אך הזכאות להחזר מצומצמת לקטגוריות מסוימות בלבד של נאשמים כגון עובדי ציבור או כאלה שהואשמו בזדון להרחבה ראו Ira P Robbins The Price is Wrong Reimbursement of Expenses for Acquitted Criminal Defendants 2014 MICH ST L REV 1251 יובהר כי נאשם שזוכה מפלילים להבדיל ממורשע שזוכה אינו זכאי ככלל לפיצוי כלשהו בגין נזקיו פרט לשיפוי בגין הוצאות הגנתו 25 מעניין לציין כדוגמא רלוונטית לענייננו את המצב המשפטי במחוז קולומביה שבארה""ב שם קובע החוק Unjust Imprisonment Act D C Code 2 241 2 243 כי מורשע שזוכה רשאי להגיש תביעת פיצויים נגד המדינה וכי ""Upon a finding by the judge of unjust imprisonment the judge may award damages Punitive damages may not be awarded"" החוק התקף מאז 1981 אמנם מחריג פיצויים עונשיים אך אינו קובע תקרה או קריטריונים לפסיקת הפיצויים לאחרונה נדרש בית משפט במחוז קולומביה Superior Court of the District of Columbia Civil Division לפסוק בתביעת פיצויים שהגיש אדם ששהה במאסר במשך 22 שנים שבמהלכן סבל מהתעללות ואלימות חמורה וכן היה נתון בפיקוח מבחן Parole במשך 8 שנים נוספות וזאת בגין מעשי שוד מזוין ואונס שמהם זוכה בדיעבד בעקבות בדיקות DNA וכך קבע בית המשפט בפסק דינו מיום 27 2 2015 "" the Unjust Imprisonment Act does not distinguish between damages for loss of liberty and other types of compensatory damages Instead the Act accepts full responsibility on behalf of the District of Columbia for the tragic consequences of the most profound mistakes in our city s criminal justice system and it makes the District strictly liable for all injuries and damages sustained by qualifying claimants as a proximate result of those mistakes "" Odom v District of Columbia D C Super Ct 2015 בית המשפט מצא אפוא כי תכליתו של החוק להעניק פיצוי בגין ההשלכות הטרגיות והנזק הייחודי הנגרמים עקב כשל של המערכת בהרשעה ובמאסר ולכן מטיל אחריות מוחלטת על המדינה בגין כל הנזקים שנגרמו בשל אותו כשל למורשע שזוכה בנסיבות המקרה בית המשפט דחה אמנם את הבקשה לפיצוי בגין אובדן השתכרות לעבר ולעתיד ובגין הוצאות רפואיות לעבר ולעתיד ואולם בעשותו כן הכיר בית המשפט בכך שבמקרים המתאימים ניתן לפסוק פיצוי בראשי נזק אלה בסופו של דבר נקבע שיעור הפיצויים על דרך האומדנה תוך התחשבות בנסיבות ובנזקים הייחודיים למקרה בהתאם למספר ימי המאסר ועל פי חלוקה לשלוש תקופות משנה תקופת המאסר תקופת הפיקוח ותקופת ניהול ההליך בנושא הפיצויים בחישוב הכולל הועמד הפיצוי על סך של כ 9 15 מיליון דולר 26 באחרית פרק זה שבו עסקנו במשפט משווה ניכר כי לא רק במשפט הישראלי אלא במרבית מדינות המשפט המקובל ההסדר לפיצוי המגיע למורשע שזוכה שונה בתכליתו ובאופיו מההסדר לפיצוי שעשוי להיפסק לטובת מי שנמצא זכאי כבר בערכאה הדיונית או בערכאת הערעור בעוד שבמרבית המדינות נאשם שזוכה עשוי להיות זכאי בעיקר לשיפוי בגין הוצאות שהוציא לשם הגנתו וגם זאת בנתון לשיקול דעתו של בית המשפט מורשע שזוכה יהא זכאי בדרך כלל לפיצוי בגין מגוון הנזקים שנגרמו לו ובראשם אובדן החירות אובדן ההשתכרות והפגיעה בשם הטוב הפיצוי בגין ראשי נזק אלה אף אינו מוגבל לתקופת המאסר ועשוי לכלול למשל גם פגיעה חלקית או יחסית בחירות ובהשתכרות כדוגמת זו הנגרמת כתוצאה משחרור בתנאים מגבילים למיניהם השוו לדוגמה את הפיצוי שנפסק בבית המשפט במחוז קולומביה בגין התקופה בה שהה המורשע שזוכה תחת פיקוח Parole בדומה לכך גם לפי סעיף 31 ג לחוק בתי המשפט אין הפיצוי מוגבל לפגיעה שנגרמה למורשע שזוכה בימי המעצר או המאסר עצמם והלה יהיה זכאי לכאורה לפיצוי גם בגין נזקים שנגרמו לו למשל בהיותו נתון במעצר בית עוד בדומה להוראת סעיף 31 ג לחוק בתי המשפט ההסדרים הנפוצים במשפט המקובל מקנים שיקול דעת רחב בקביעת שיעור הפיצויים לגורם המכריע בעניין זה משעמדנו על עקרונות המשפט המשווה בסוגיות שבהן עסקינן נשוב לדיון במשפט הישראלי שיקולים ועקרונות בקביעת פיצויים לפי סעיף 31 ג לחוק בתי המשפט 27 מהם אם כן העקרונות שלפיהם על בית המשפט לקבוע את הפיצוי בעניינו של מורשע שזוכה במשפט חוזר מכוח סעיף 31 ג לחוק בתי המשפט ב עניין דבש עמד השופט מ חשין על כך שקיימים שלושה מודלים תיאורטיים אפשריים לפתרון סוגיית הזכאות לפיצוי ושיפוי אדם שזוכה מפלילים בגין הנזק וההוצאות שנגרמו לו ""מודל אחד ולפיו אין להטיל על המדינה חובה לפצות או לשפות נאשם שיצא זכאי בדינו מודל זה מעניק משקל לצורך בחיזוק ידיה של התביעה למניעת נטל על תקציב המדינה ולמניעת עומס על בתי המשפט מודל שני מודל נוגד מודל ראשון ולפיו עצם זיכויו של אדם בדין פלילי מקים עילה לפיצוי ולשיפוי מן המדינה מודל זה למותר לומר מעניק משקל לזכותו של היחיד למעמדו כלפי המדינה ולצורך בפיקוח על התביעה מודל שלישי הוא מודל ביניים מודל שביל הזהב מודל זה דוחה את מערכת הפתרונות הבינארית של הכול או לא כלום וכדרך הזהב מבקש הוא להכריע בשאלת זכותו של הנאשם הזכאי ומנגד בשאלת חבותה של המדינה על פי נסיבותיו של כל עניין ומקרה כך בהענקת משקל משתנה לאינטרסים שלעניין ותוך שקלולם של האינטרסים הכרוכים במקרה הספציפי העומד לפני בית המשפט להכרעה בו על פי מודל זה ניתן להעניק לנאשם שזוכה רק שיפוי בגין הוצאותיו כולן או מקצתן או גם שיפוי וגם פיצוי בגין מעצרו ומאסרו שיפוי ופיצוי מלאים או חלקיים "" עניין דבש בעמ 97 96 ככל שמדובר בסעיף 80 לחוק העונשין המחוקק בחר באופן מפורש במודל הביניים כפי שכבר הוברר נאשם שזוכה מהאישומים נגדו יהא זכאי לפיצוי אך ורק בגין ימים שבהם היה נתון במעצר או במאסר ולשיפוי בגין הוצאות שהוציא לשם הגנתו סכומים אלה אף מוגבלים לתקרות שנקבעו בתקנות הפיצויים יתר על כן הזכאות לסעדים מלכתחילה נתונה לשיקול דעתו של בית משפט ומותנית בהתקיימות אחת משתי העילות שבסעיף חוסר יסוד להאשמה או נסיבות אחרות המצדיקות פסיקת פיצוי סעיף 31 ג לחוק בתי המשפט לעומת זאת מורה כי ""בית המשפט רשאי לתת כל צו הנראה בעיניו כדי לפצות נידון שנשא ענשו או חלק ממנו ושהרשעתו בוטלה כתוצאה מן המשפט החוזר או לתת כל סעד אחר "" ההדגשות אינן במקור ע ב הסעיף על פי לשונו אינו תוחם את הפיצוי שישולם בגדרות כלשהן לא מבחינת העילות לפסיקת הפיצוי ולא מבחינת היקפו ושיעורו לכאורה בחר המחוקק במודל השני שלפיו עצם זיכויו של אדם במשפט חוזר מקים לו עילה לקבלת פיצוי מהמדינה 28 ב עניין ברנס הביע בית המשפט המחוזי דעתו כי אין הצדקה להיטיב עם אדם שזוכה במשפט חוזר או שהאשמות נגדו בוטלו על פני אדם אחר שהורשע בפלילים אך זוכה עוד בערכאה הדיונית או בערכאת הערעור ובוודאי שלא באופן ניכר ובלתי שוויוני כפי שעולה לכאורה מלשונם של סעיף 31 ג לחוק בתי המשפט וסעיף 80 לחוק העונשין ועוד נאמר כי ""קבלת הפרשנות כאילו תכלית החוק היא לפצות את הנאשם במשפט חוזר רק בשל כך שזוכה בלי לשים לב לנסיבות הזיכוי אינה משתלבת באופן הרמוני עם הוראת החוק המקבילה סעיף 80 לחוק העונשין ע ב העוסקת גם היא במטריה פלילית והקובעת כי רק אם לא היה יסוד להאשמה ייפסקו הוצאות ההגנה וכיום גם פיצוי על מאסר או מעצר "" ראו בהחלטה בב""ש 284 03 פסקה 28 ב על רקע הדברים הללו הוסיף בית המשפט וקבע ב עניין ברנס כי שומה על מי שעותר לפיצוי לפי סעיף 31 ג לחוק בתי המשפט להוכיח כי מתקיימת בעניינו אחת מעילות הפיצוי שבסעיף 80 לחוק העונשין ב עניין לזרובסקי סבר בית המשפט המחוזי אחרת לגישתו העובדה שהזיכוי או ביטול האישום נעשו רק בשלב של משפט חוזר מקימה כשלעצמה חזקה שלפיה אותו מורשע שזוכה סבל עינוי דין המצדיק פיצוי בהתאם לכך בית המשפט המחוזי הוסיף וקבע כי אין לדרוש מאותו מורשע שזוכה לעמוד בתנאים מקדימים לפסיקת פיצוי ""הליכי משפט חוזר הם הליכים חריגים המתקיימים דרך כלל לאחר שפסק הדין המרשיע היה לפסק חלוט ולאחר שהנאשם שהורשע נשא את עונשו ברוב המקרים עד שמתקבלת החלטה בדבר משפט חוזר מיצה ההליך הפלילי את עצמו לרבות בדרך של ערעור לכל דרגותיו אם לאחר כל זה מתקבלת החלטה על קיום משפט חוזר והמשפט מוליך לזיכוי הנאשם או לביטול כתב האישום נגדו חזקה היא שהנאשם עבר עינויי דין וסאת ייסורים קשה ביותר חזקת ייסורים ועינויי דין זו מובנית בתוך הוראת סעיף 31 ג לחוק בשים לב לכך אין לומר שמתקיים חוסר מתאם בין סעיף 80 לחוק העונשין לבין סעיף 31 ג לחוק בתי המשפט "" עניין לזרובסקי 29 אכן יש טעם רב להבחנה בהיבט של פסיקת פיצויים בין מורשע שזוכה במשפט חוזר לבין מי שהואשם במעשה פלילי אך נמצא זכאי בדין בערכאה הדיונית או בערכאת הערעור אמנם אפשרי שהן הראשון והן השני נדרשו עד לזיכויים לרצות ימי מעצר ואף מאסר על לא עוול בכפם ומבחינה זו שניהם גם יחד סבלו מפגיעה ממשית בחירות ואולם אותו אדם שהורשע בפלילים בפסק דין סופי העביר את ימיו מאחורי סורג ובריח כאשר לפגיעה בחירותו מתווספים הסבל והמצוקה הנפשיים הכרוכים בידיעה שההליך נגדו הסתיים בתוצאה שגויה התקווה כי בסופו של יום הצדק ייצא לאור כמעט שנגוזה עבורו לאחר שמיצה את הליכי הערעור כל שנותר לו הוא לעתור למשפט חוזר בקשה שלא בנקל תתקבל שכן יש בהליך מסוג זה משום חתירה תחת עקרון סופיות הדיון ואפילו אם תתקבל הליכי המשפט עלולים להתמשך זמן רב כאשר ייתכן שכל אותה עת מרצה המורשע עונש לא לו ויותר מכך נושא עימו את אות קין של מי שהורשע בפלילים ב פרשת מע""צ זוכו ארבעת הנאשמים במשפט חוזר כעשרים שנה לאחר שנעצרו לראשונה את מיטב שנותיהם העבירו בריצוי עונשי מאסר 2 עד 5 שנים וכשהם נושאים עימם את הבושה והקלון של מי שביצעו עבירות פליליות חמורות בעת מעצרם היו הארבעה נערים צעירים שסיפור חייהם טרם נכתב ועתידם פתוח מעצרם והרשעתם הסיטו אותם לחלוטין מן המסלול שהיה צפוי להם גם ברנס היה בחור צעיר בראשית שנות ה 30 לחייו כאשר נעצר והורשע ברצח הוא נידון למאסר עולם ופעם אחר פעם עתר לקיום משפט חוזר בעניינו גם לאחר שעונשו כבר נקצב והוא שוחרר ממאסר רק בפעם הרביעית התקבלה בקשתו ובמשפט חוזר הוא זוכה מהאישום החמור נגדו כמעט שלושה עשורים לאחר שנעצר לראשונה את חייו הבוגרים הקדיש ברנס אשר הלך לעולמו בגיל 67 למאבק על חפותו ואולם בסופו של דבר בפתח המשפט החוזר ולאחר שסיים ברנס לרצות את עונשו זה מכבר הודיעה המאשימה כי אין עוד עניין לציבור בניהול המשפט החוזר ועל כן היא מבקשת לבטל את האישום נגדו במצב דברים זה הורה בית המשפט על זיכויו של ברנס ואולם משלא נוהל המשפט נקבע כי הזיכוי הוא ""אילם"" זיכוי כזה שמטבע הדברים לא היה בו כדי לטהר את שמו של ברנס כפי שציפה וקיווה גם ב פרשת מע""צ ויתרה המאשימה על ניהול משפט חוזר נגד הארבעה וזיכויים נותר בגדר ""זיכוי אילם"" לזרובסקי לעומת זאת לא זוכה ""זיכוי אילם"" אלא זיכוי מחמת הספק במסגרת ערעור על הכרעת הדין במשפט החוזר לאחר שהערכאה הראשונה במשפט החוזר שבה והרשיעה אותו בביצוע עבירות מין בנער קטין עיקר הספק נבע מכך שאדם אחר שהואשם כמוהו בביצוע אותן עבירות באותו מתלונן ועל סמך אותה עדות מפיו של המתלונן נמצא זכאי מכל אשמה במסגרת ההחלטה בבקשתו של לזרובסקי לפיצוי לפי סעיף 31 ג לחוק בתי המשפט ציין בית המשפט המחוזי ""הזיכוי בא לעולם לאחר שנות ייסורים ועינוי דין המבקש נשא עונש מאסר ארוך עולמו חרב עליו הוא ניזוק פיזית ונפשית דרכו היטלטלה בין ערכאות שונות גם לאחר שהחל לחדור אור אל קצה המנהרה החשוכה שבה הילכה דרכו החלטת בית המשפט העליון בדבר קיום משפט חוזר שב בית המשפט המחוזי והרשיעו בדין כל זה בשעה שנאשם אחר נמצא זכאי על יסוד עדות דומה של אותו מתלונן "" עניין לזרובסקי מקרים אלה ממחישים יותר מכ"
HUGGINGFACE-d3180b79f353,2026-05-26T07:21:27+03:00,manual_review_no_defendant_relief,none," קמא הנכבד ובצדק מדובר במחדל שאיננו קריטי בין היתר לאור העובדה כי גם לו היתה נשללת מעורבותו של הישאם הרי שהדבר לא היה סותם את הגולל על אמרתו של מ א ביחס למערערים 52 על יסוד כל האמור לעיל אין מקום להתערב לשיטתי בהכרעת הדין של בית המשפט המחוזי אציע איפוא לחבריי לדחות את הערעור ש ו פ ט השופט ס ג ובראן אני מסכים ש ו פ ט השופט צ זילברטל אני מסכים ש ו פ ט הוחלט כאמור בפסק דינו של השופט ח מלצר ניתן היום י""ט באלול התשע""ה 3 9 2015 ש ו פ ט ש ו פ ט ש ו פ ט _________________________ העותק כפוף לשינויי עריכה וניסוח 11081400_K10 doc דנ מה מרכז מידע טל 077 2703333 אתר אינטרנט www court gov il"
HUGGINGFACE-3740f695a927,2026-05-26T07:21:27+03:00,manual_review_sentence_relief,sentence_relief_only,"אמנם כתב פסק דין מפורט ומנומק אך ביחס לרכיבים עובדתיים מסוימים נפלה כאמור שגגה בתיאור העובדתי עולה מקריאת גזר הדין כי נתונים אלה השפיעו על התוצאה הסופית יש להדגיש כי הגם ולא מדובר בזוטי דברים אין הם עומדים בליבת העניין ולכן התערבותנו בעונש תהא מצומצמת סוף דבר אנו מקבלים את הערעור באופן שייגזר על המערער עונש מאסר בפועל של 12 שנים וחצי יתר מרכיבי גזר הדין עומדים בתוקפם ניתן היום ב בחשון התשע""ו 15 10 2015 ש ו פ ט ש ו פ ט ש ו פ ט _________________________ העותק כפוף לשינויי עריכה וניסוח 14084460_Z01 doc מא מרכז מידע טל 077 2703333 אתר אינטרנט www court gov il"
HUGGINGFACE-7913d60fd82b,2026-05-26T07:21:27+03:00,manual_review_no_defendant_relief,none,"מטרה לוודא שלא מדובר בפעולות סרק שכל מטרתן היא לסכל את טענת ההתיישנות 63 מן המקובץ עולה כי לא נפל כל פגם בהחלטתו של בית המשפט המחוזי לדחות את טענת ההתיישנות כפי שהראיתי בשים לב לתכליות טענת ההתיישנות דחיית הטענה היא תוצאה מתחייבת ואף ראויה בנסיבות המקרה דנן 3 הערעור על גזר הדין 64 לאחר שהגעתי לכלל מסקנה כי יש לדחות את הערעור על הכרעת הדין ואת טענת ההתיישנות הגיעה העת להידרש לערעור המופנה כלפי גזר הדין כזכור על המערער הושתו עונשים של 15 שנות מאסר בפועל שמניינן מיום מעצרו שנתיים מאסר על תנאי והתנאי הוא שלא יעבור כל עבירת אלימות מסוג פשע תוך שלוש שנים מיום שחרורו ממאסר ופיצוי כולל לבני משפחת המנוח בסך של 250 000 ש""ח לטענת המערער לא היה מקום להחמיר עמו מקום שמדובר בדקירה אחת תוך כדי תנועה ובהיעדר כוונה לדקור את המנוח דווקא בחזהו כמו כן טוען המערער כי היה על בית המשפט המחוזי לתת משקל של ממש לגילו הצעיר למצבו הרפואי ולעברו הפלילי הנקי לבסוף נטען כי היה על בית המשפט לגזור את דינו של המערער בהתאם לענישה הנוהגת בשנים הסמוכות לביצוע העבירה וכי הפיצויים שהוטלו על המערער חורגים מסכום הפיצוי המקסימלי שהיה קבוע בחוק העונשין באותן שנים 65 על פי ההלכה לא יתערב בית משפט זה בחומרת העונש אלא אם ארעה טעות בולטת בגזר הדין או שבית המשפט המחוזי חרג באופן מובהק מרף הענישה המקובל בנסיבות דומות ראו למשל ע""פ 6056 13 שיבלי נ מדינת ישראל פסקה 32 21 9 2015 והאסמכתאות שם ע""פ 8815 14 פלוני נ מדינת ישראל פסקה 17 19 4 2015 והאסמכתאות שם התרשמתי כי המקרה דנן אינו בא בגדרם של אותם מקרים המצדיקים התערבות בחומרת העונש ואנמק ניכר כי בית המשפט נתן את דעתו לכלל השיקולים הרלוונטים הן אלו הקשורים לביצוע העבירה והן אלו שקשורים למערער בית המשפט עמד על כך שמדובר במקרה שבו המערער הגיע לזירה כשהוא מצויד בסכין באמצעותה תקף את המנוח הגם שלא היתה התגרות או אירוע מיוחד אחר בין השניים למעלה מכך חרף קביעתו כי מאפייניה של העבירה ""ממקמים את מעשיו של המערער בצד הגבוה של החומרה בעבירה ההריגה"" קבע בית המשפט מתחם ענישה רחב מאוד שתקרתו עומדת על 18 שנים שהם כידוע שנתיים פחות מהעונש המקסימאלי הקבוע בחוק ורצפתו עומדת על 11 שנים מתחם זה הולם את מעשיו של המערער ואין יסוד לטענה כי מדובר במתחם מחמיר יתר על המידה בית המשפט לקח בחשבון את עברו הפלילי הנקי של המערער עובר לדקירת המנוח ולצד זאת נתן משקל לעובדה שבזמן שהותו ברוסיה לאחר שנמלט מהארץ ריצה עונש מאסר בגין עבירת שוד בה הורשע בית המשפט אף נתן דעתו לגילו הצעיר של המערער ולמצבו המשפחתי והרפואי מחד גיסא ולעובדה שנמלט מאימת הדין למשך תקופה ממושכת מאידך גיסא בהתחשב בשיקולים האלו עונש מאסר הממוקם קרוב מאוד לאמצע מתחם הענישה אינו בגדר טעות וודאי שלא ""טעות בולטת"" בגזר הדין 66 נוסף על כך לא שוכנעתי כי העונש שהוטל על המערער חורג ממדיניות הענישה המקובלת בנסיבות דומות מהפסיקה שהונחה לפני בית המשפט המחוזי לא ניתן ללמוד כי העונש שנגזר על המערער הינו חריג לחומרה אף בהשוואה לענישה שהיתה נהוגה משלהי שנות ה 90 של המאה הקודמת ועד לראשית שנות האלפיים אמת ניתן להצביע על מקרים שבהם השית בית המשפט עונשי מאסר קלים מזה שהושת על המערער כך לדוגמא בע""פ 5112 00 מחג נה נ מדינת ישראל 12 7 2001 השית בית המשפט המחוזי על נאשם שמונה שנות מאסר בפועל בגין הריגה באמצעות את חפירה במהלך תגרה בין שתי משפחות ובית המשפט העליון לא התערב בעונש כך היה גם במקרה אחר בו הושתו על נאשם בבית המשפט המחוזי 10 שנות מאסר בגין הריגה באמצעות מספר דקירות סכין במהלך קטטה שהתפתחה מחוץ למועדון לילה ע""פ 3122 02 אל צאנע נ מדינת ישראל 14 10 2002 יחד עם זאת ניתן להצביע גם על שורה של מקרים שנסיבותיהם מזכירות את נסיבות המקרה דנן ובהם הענישה היתה דווקא מחמירה מזו שהוטלה על המערער לשם המחשה בע""פ 1456 01 חדד נ מדינת ישראל 22 10 2001 נגזרו על נאשם בבית המשפט המחוזי 20 שנות מאסר בגין דקירת אדם שהעיר לו בעת שהחנה את רכבו מחוץ למקום שבו נערכה מסיבה בע""פ 3216 01 שכאר נ מדינת ישראל 18 2 2002 גזר בית המשפט המחוזי 18 שנות מאסר על נאשם שהיה אז צעיר בן 18 וזאת בשל כך שדקר למוות צעיר אחר עמו היה מסוכסך בשני המקרים אישר בית המשפט העליון את העונשים שהשיתה הערכאה הדיונית ראו גם ת""פ מח חיפה 164 00 מדינת ישראל נ דיקרב 3 1 2002 ו ת""פ מח ת""א 1104 00 מדינת ישראל נ אברמוב 11 1 2001 בשניהם נדונו הנאשמים ל 15 שנות מאסר בפועל בגין הריגה מובן כי בכל מקרה קיימים מאפיינים ונסיבות ייחודיים הנובעים מאופיים הספציפי של המעשה ושל העושה יחד עם זאת ממכלול המקרים אותם ציינתי לעיל עולה כי אין בסיס לטענת המערער כי העונש שהוטל עליו חורג ממדיניות הענישה בתקופה הרלוונטית 67 לפני סיום אתייחס לטענת המערער לפיה היה ראוי להשית עליו פיצויים בהתאם למגבלה שהיתה קבועה בחוק בעת ביצוע העבירה כזכור בית המשפט המחוזי השית על המערער פיצוי כולל בסכום של 250 000 ש""ח סכום שהינו קרוב לתקרה המקסימאלית שאותה מאפשר סעיף 77 לחוק העונשין בנוסחו דהיום אולם עיון מעמיק בסעיפיו הרלוונטיים של חוק העונשין מובילים למסקנה כי חיוב המערער בסכום זה הינו אינו עולה בקנה אחד עם הוראות החוק הסעיף הראשון שרלוונטי לשאלת הפיצוי הינו כמובן סעיף 77 לחוק ומפאת חשיבותו אביא אותו כאן במלואו "" א הורשע אדם רשאי בית המשפט לחייבו בשל כל אחת מן העבירות שהורשע בהן לשלם לאדם שניזוק על ידי העבירה סכום שלא יעלה על 258 000 שקלים חדשים לפיצוי הנזק או הסבל שנגרם לו ב קביעת הפיצויים לפי סעיף זה תהא לפי ערך הנזק או הסבל שנגרמו ביום ביצוע העבירה או ביום מתן ההחלטה על הפיצויים הכל לפי הגדול יותר ג לענין גביה דין פיצויים לפי סעיף זה כדין קנס סכום ששולם או נגבה על חשבון קנס שיש בצדו חובת פיצויים ייזקף תחילה על חשבון הפיצויים"" דומה כי הסעיף מדבר בעד עצמו פשיטא כי סעיף 77 א לחוק העונשין קובע תקרת מקסימום לפיצוי האדם שניזוק על ידי העבירה שגובהה נכון לכתיבת שורות אלה עומד על סך של 258 000 ש""ח סעיף 77 ב לחוק מורה לבית המשפט כיצד להפעיל את שיקול דעתו במסגרת תקרת המקסימום המופיעה בסעיף 77 א לחוק בתוך כך קובע סעיף 77 ב לחוק כי על בית המשפט לקבוע את הפיצויים לפי הגבוה מבין שני אלו ערך הנזק או הסבל ביום ביצוע העבירה או ערך הנזק או הסבל ביום מתן ההחלטה עד כאן מדובר בנוסחה פשוטה ליישום השאלה היא מה קורה כאשר הסכום הקבוע בסעיף 77 היה שונה במועד ביצוע העבירה כדי לענות על השאלה עלינו להידרש להוראותיו של סעיף 35 לחוק העונשין שכותרתו ""הענשים עונשי מקסימום"" סעיף זה מורה כדלקמן "" א בית המשפט שהרשיע אדם בשל עבירה רשאי להטיל עליו כל עונש אשר אינו עולה על העונש שנקבע בדין לאותה עבירה ב היה העונש קנס או פיצוי לפי סעיף 77 יהיה בית המשפט רשאי לקבעו בשיעור שאינו עולה על שיעורו המעודכן ביום החלטת בית המשפט ואם הוגש ערעור קנס או פיצוי אשר אינו עולה על שיעורו המעודכן ביום ההחלטה בערעור לענין זה ""שיעור מעודכן"" שיעור הקנס שהיה קבוע בחוק לעבירה ביום ביצועה כפי ששונה בצו מכוח סעיף 64 ובפיצוי לפי סעיף 77 שיעור הפיצוי שהיה קבוע בחוק ביום ביצוע העבירה כפי ששונה בצו כאמור ג שונה שיעור הקנס או הפיצוי שלא כאמור בסעיף קטן ב יהיה בית המשפט רשאי להטיל קנס או פיצוי בשיעור שאינו עולה על שיעורו ביום ביצוע העבירה בצירוף הפרשי הצמדה למדד לפי שינויים במדד שפורסמו עד יום החלטת בית המשפט בסעיף זה ""מדד"" מדד המחירים לצרכן שמפרסמת הלשכה המרכזית לסטטיסטיקה"" עינינו הרואות כי סעיף זה עוסק במישרין בשאלת המועד שעל פיו יש להעריך את הפיצוי נקודת המוצא עליה מורה הסעיף לצורך קביעת גובה הפיצוי היא ""שיעור הקנס שהיה קבוע בחוק לעבירה ביום ביצועה"" דהיינו תקרת המקסימום בה נקב סעיף 77 לחוק העונשין ביום ביצוע העבירה לאחר איתור אותה נקודת מוצא ישנן שתי חלופות לקביעת התקרה המתאימה החלופה הראשונה המופיעה בסעיף 35 ג לחוק רלוונטית בתרחיש שבו לאחר מועד ביצוע העבירה תיקן המחוקק הראשי את חוק העונשין ועדכן את תקרת הפיצוי המופיעה בסעיף 77 לחוק במקרה כזה תקרת הפיצוי תשקף את הסכום שהופיע בסעיף 77 לחוק נכון למועד ביצוע העבירה בתוספת הצמדה למדד עד ליום ההחלטה החלופה השנייה המופיעה בסיפא של סעיף 35 ב לחוק רלוונטית כאשר הסכום המופיע בסעיף 77 לא עודכן על ידי המחוקק אלא רק על ידי שר המשפטים וזאת מכוח סעיף 64 לחוק המסמיך את השר ""לשנות בצו את שיעורי הקנסות הקבועים בכל חוק על פי השינויים שחלו במדד מן המדד שפורסם בחודש שבו הם נקבעו לאחרונה"" המשמעות היא כי גם בחלופה הזו התוצאה הסופית היא שתקרת הפיצוי שחלה תשקף בקירוב את הסכום שהופיע בסעיף 77 לחוק נכון למועד ביצוע העבירה לאחר עדכון המגלם הצמדה למדד פרשנות זו של סעיף 35 לחוק עולה בקנה אחת עם כוונת המחוקק כפי שזו נלמדת מדברי ההסבר שנלוו לחקיקתו של הסעיף ""מקובל בדיני העונשין שניתן להטיל על נאשם את העונש שהיה בתוקף ביום ביצוע העבידה כאשר חולף זמן בין יום ביצוע העבירה לבין יום גזר הדין התוצאה בתנאי אינפלציה היא שהקנס המרבי מאבד ממשמעותו מוצע לאפשר לבית המשפט להטיל על עבריין את הקנס בשיעורו המעודכן ביום מתן ההחלטה העדכון יהיה זה שעליו מצווה שר המשפטים מעת לעת בהתאם להוראות סעיף 64 להוק העונשין עדכון זה משקף רק שינוי בשל עלייה במדד אם הקנס שונה על ידי המחוקק הראשי לאחר ביצוע העבירה בית המשפט לא יהיה רשאי להטיל את הקנס בשיעורו החדש מאחר שרואים תיקון הקנס בידי המחוקק הראשי כתיקון מהותי ולא כעדכון גרידא במקרה זה יהיה רשאי בית המשפט להטיל את הקנס בשיעורו ביום ביצוע העבירה בצירוף הפרשי הצמדה למדד לפי השינויים במדד שחלו מן התאריך האמור ועד מתן ההחלטה של בית המשפט"" דברי ההסבר להצעת חוק העונשין תיקון מס 27 התשמ""ז 1987 ה""ח 1814 21 1 1987 סיכומו של דבר בית המשפט כפוף לתקרת הפיצוי שהיתה בתוקף במועד ביצוע העבירה לאחר שעברה עדכון המשקף הצמדה למדד דהיינו עדכון שיכול להתבצע מכוח חישוב של בית המשפט על פי החלופה הראשונה או מכוח צו שהוציא שר המשפטים בהתאם לסעיף 64 לחוק על פי החלופה השניה כך או כך בית המשפט אינו רשאי לחרוג מתקרות אלה גם אם תקרת המקסימום שקבועה בסעיף 77 לחוק העונשין ביום מתן ההחלטה גבוהה מהן 68 כיצד יש ליישם את העיקרון הזה בענייננו מכיוון שהמחוקק הראשי עדכן את הסכום הקבוע בסעיף 77 לחוק העונשין במסגרת הצעת חוק העונשין תיקון מס׳ 78 התשס״ד 2003 31 12 2003 כלומר לאחר מועד ביצוע העבירה דנן החלופה הראשונה היא המתאימה לענייננו בשלב ראשון עלינו לאתר אפוא את תקרת הפיצוי שהיתה קבועה בסעיף 77 לחוק ביום 25 7 1998 הוא יום ביצוע העבירה ניתן לגלות בנקל כי באותה עת עמדה תקרת הפיצוי בסעיף 77 לחוק על סך של 84 400 וזאת מכוח צו העונשין שינוי שיעורי קנסות התשנ""ו 1996 כעת עלינו להצמיד סכום זה למדד המחירים לצרכן עד ליום מתן פסק דין זה שימוש במחשבון הלשכה המרכזית לסטטיסטיקה מגלה כי הסכום המעודכן לאחר הצמדה הינו 119 736 ש""ח על כן אציע לחברי כי נפחית את סכום הפיצוי שהושת על המערער עד לסכום זה תוך שמירה על יחס החלוקה שהותווה בגזר הדין כך שסך של 71 841 ש""ח מתוך הסכום הכולל ישולמו לבתו של המנוח והיתרה תשולם שווה בשווה לכל אחד מהוריו לבסוף לא למותר לציין כי בקובעי כן לא נעלם מעיני צערה ואובדנה הכבדים של משפחת המנוח דבריה של אם המנוח בדיון שנערך לפנינו נגעו ללבנו ויחד עם זאת נוכח הוראות המחוקק אין מנוס מהפחתת סכום הפיצויים שנפסק על ידי בית המשפט המחוזי סוף דבר 69 לאור כל האמור אם תישמע דעתי נדחה את הערעור על שני ראשיו אך נקבלו בהתייחס לרכיב הפיצויים בגזר הדין כמפורט בפסקה 68 לעיל ש ו פ ט השופט ס ג ובראן אני מסכים ש ו פ ט השופט מ מזוז אני מסכים ש ו פ ט הוחלט כאמור בפסק דינו של השופט י דנציגר ניתן היום ג בכסלו התשע""ו 15 11 2015 תוקן ביום ה בטבת התשע""ו 17 12 2015 ש ו פ ט ש ו פ ט ש ו פ ט _________________________"
HUGGINGFACE-fa42fcfab294,2026-05-26T07:21:27+03:00,manual_review_sentence_relief,sentence_relief_only,"החיים בנסיבות לנוכח חלקו הבלעדי של המערער בעבירה שעה שיצא לבדו ותקף את המנוח התכנון המוקדם שכן חלפה שנה מאז העימות עם המנוח אכזריות מעשיו ועובדת היותו בן 25 בעת האירוע כן צוין כי חלוף הזמן אינו מהווה נסיבה לקולא בעבירה של קטילת חיים בפרט משהמערער ""נהנה"" מעצם ההפחתה באישום בגינה לבסוף עתרה המשיבה לקביעת מתחם ענישה שינוע בין 16 ל 20 שנות מאסר 7 מנגד עמד המערער על הקשיים הראייתיים בתיק המנותקים משאלת הזמן שחלף ושבגינם לא ניתן היה לבסס הרשעה בעבירת הרצח מלכתחילה כן עמד המערער על הנסיבות הבאות המצדיקות הקלה בעונשו על העימות שקדם לאירוע ובמהלכו נדקר על ידי המנוח על ספונטניות האירוע המתבטאת בשימוש באביזר זמין ולא בכלי נשק ועל כך שמדובר היה במכה אחת בראש נטען שאין לזקוף לחובתו את הותרת המנוח במקום האירוע שכן לא היה חשש כי המנוח יופקר לנפשו ואת העובדה שלא הסגיר עצמו משך שבע שנים בשל חשש אנושי הודגש כי במהלך שנים אלה שיקם המערער את עצמו כפי שהעידו העדים מטעמו כן נטען כי יש להתחשב בלקיחת האחריות מצידו בחרטה שביטא בין היתר על ידי הפקדת מלוא סכום הפיצוי למרות הקושי לגייסו ובנסיבותיו האישיות ומאמציו להשתקם בנוסף המערער ביקש סליחה מהורי המנוח בציינו כי כיום בהיותו אב הוא מבין את גודל סבלם המערער הפנה לפסיקה ועל בסיסה עתר לקביעת מתחם ענישה שינוע בין שש לתשע שנות מאסר בפועל 8 בית המשפט המחוזי קבע מתחם ענישה נפרד לכל עבירה וגזר עונש כולל בהתאם להסדר לצורך קביעת מתחם הענישה בעבירת ההריגה עמד בית המשפט על חומרת העבירה שכתוצאה ממנה נגדעו חיי המנוח ועל מידת הפגיעה הגבוהה בערך החברתי של קדושת החיים בית המשפט הוסיף כי המקרה שלפנינו מצוי ברף הגבוה של חומרת המעשים המובילים לקטילת חיי אדם בהקשר זה התייחס בית המשפט לכך שהמערער הפתיע את המנוח בעודו עומד לתומו ברחוב ותקף אותו בפעולה ייזומה ומכוונת בלי שקדמה לפעולתו אמירה מוקדמת או התגרות מצד המנוח לכך שהמערער הצטייד במפתח ברגים מברזל להלן לום שפגיעתו קשה והכה באמצעותו בראש המנוח שהוא איבר רגיש וחיוני מאוד לעוצמת הפגיעה הקשה שהובילה להתמוטטות המנוח ולכך שהמערער המשיך להכותו ואף הותיר אותו במקום האירוע במצבו בנסיבות אלה קבע בית המשפט כי השימוש בלום אינו מהווה נסיבה מקלה כן נקבע כי לנוכח רצונו של המערער לפגוע במנוח בגין העימות הקודם ביניהם אין בספונטניות האירוע כדי להצדיק הקלה בעונשו זאת בפרט בשל כך שהמערער בחר שלא לשתף את שירות המבחן בנסיבות העימות כן התייחס בית המשפט לחלקו הבלעדי של המערער בעבירה ולנזק שנגרם בגינה למשפחת המנוח כמפורט בתסקיר בית המשפט הוסיף כי העונשים המושתים בגין עבירת ההריגה משתנים ממקרה למקרה בהתחשב בנסיבותיו לבסוף נדרש בית המשפט למקרים שאליהם הפנה המערער וציין כי הם משקפים נסיבות מקלות מאלה שבתיק ולכן לא ראה לאמצם לקביעת המתחם במקרה שלפנינו כן עמד בית המשפט על פסקי דין שאותם הגישה המשיבה לאחר כל אלה קבע בית המשפט כי מתחם העונש הראוי בנסיבות העניין נע בין 16 ל 20 שנות מאסר בפועל וציין כי אין סיבה לחריגה ממתחם זה בבואו לגזור את עונשו של המערער בתוך המתחם שנקבע התחשב בית המשפט המחוזי בפגיעה הקשה בבני משפחתו של המערער בנטילת האחריות של המערער על מעשיו ומאמציו לחזור למוטב ובכלל זה מאמציו לתיקון תוצאות העבירה התנהגותו החיובית ותרומתו לחברה בחלוף הזמן בו נמנע המערער מכל פעילות שולית הגם שצוין כי בנסיבות המקרה קשה לתת לכך משמעות מקלה בעברו הפלילי של המערער עובר לביצוע העבירה ובשיקול ההרתעה מביצוע עבירה אשר סופה בקטילת חייו של אדם אשר לעבירת שיבוש הליכי משפט בית המשפט המחוזי עמד על כך שהמערער פעל ישירות ובעקיפין לשיבוש החקירה ובכך תרם לנזק הראייתי שנוצר ולסבלה הכבד של משפחת המנוח נקבע כי מתחם העונש הראוי נע בין שישה ל 15 חודשי מאסר בפועל ובתוך כך הציב בית המשפט את עונשו של המערער על 12 חודשי מאסר בפועל על רקע כל האמור לעיל גזר בית המשפט על המערער עונש כולל של 19 שנות מאסר בפועל בגין שתי העבירות יחדיו הכולל הפעלת מאסר על תנאי בן שנה בחופף לעונש שנה מאסר על תנאי לבל יעבור בתוך שלוש שנים מיום שחרורו ממאסר עבירת אלימות מסוג פשע ותשלום פיצוי בסך של 200 000 ש""ח להורי המנוח תסקיר משלים 9 בתסקיר העדכני דווח כי המערער משולב באגף מתקדם בכלא ""אשל"" החל מיום 7 5 2015 מגורמי הטיפול במתקן כליאה הקודם בו שהה המערער נמסר כי לאורך כל תקופת מאסרו שם תיפקד המערער בצורה תקינה כן צוין כי המערער היה פעיל משמעותית בכיתת החינוך ובפעילויות השונות באגף היה בקשר אינטנסיבי עם העובדת הסוציאלית והשתתף בתוכניות טיפול שונות ומגוונות מגורמי הטיפול בכלא ""אשל"" נמסר כי נראה שהמערער נתרם מתפקודו כחונך וכי הוא בקשר אינטנסיבי עם העובדת הסוציאלית אך לא משולב בקבוצה טיפולית בנוסף בדיון שנערך לפנינו הדגישה גב ברכה וייס מטעם שירות המבחן כי מדובר במערער שמבין את הפגיעה שגרם לוקח אחריות על מעשיו ומבקש להשתלב במסגרת טיפולית עם סיום הליך הערעור שלפנינו טענות הצדדים בערעור 10 המערער טוען באמצעות באי כוחו עורכי הדין אלי כהן וירום הלוי כי בית המשפט המחוזי טעה שעה שהחמיר בעונשו הן בקביעת המתחם והן בגזירת העונש משל לא התקיימו כלל נסיבות לקולא בעניינו נטען כי במקרים דומים עמד המתחם בין שש לתשע שנות מאסר כן נטען כי שגה בית המשפט משלא איבחן את הפסיקה שהגישה המשיבה מן המקרה שלפנינו שכן במקרים אלו דובר בהריגה בנשק חם או קר ומשלא נתן משקל ראוי לפסיקה שהוגשה על ידי המערער לעמדת המערער נסיבות המקרה ובכללן העובדה שמדובר במכה אחת בראש והעובדה שהאירוע היה ספונטני ולא מתוכנן היו צריכות להוביל להפחתה בעונשו כמו כן המערער סבור כי ראוי היה ליתן משקל לעימות הקודם שבמהלכו נדקר המערער על ידי המנוח ונפצע קשות כנסיבה לקולא 11 עוד נטען כי בית המשפט המחוזי שגה כשביכר את הסבל שנגרם למשפחתו של המנוח על פני נסיבותיו האישיות של המערער בגזירת עונשו במסגרת זו נטען כי בית המשפט לא נתן משקל ראוי לחלוף הזמן תשע שנים ממועד ביצוע העבירה ולשיקום המהותי שעבר המערער לרבות התנתקות מחיי העבריינות השתלבות בעבודה יציבה תרומה לקהילה באמצעות שיקום ילדים ונערים והקמת משפחה יציבה כן נטען כי לא ניתן משקל ראוי לעדויות האופי שניתנו ובפרט לעדותו של מר עמיחי שסיפר על השינוי המהותי שאותו עבר המערער ולעדותה של אשת המערער שמהן ניתן ללמוד על טיבו של המערער כאדם אנושי לחרטתו הכנה של המערער להודאתו להמלצת שירות המבחן לענישה מאזנת ולעובדה שהמעשה בוצע על ידי חפץ שאינו מוגדר כנשק המערער הוסיף כי בית המשפט טעה בהעדיפו את שיקולי הגמול וההרתעה על פני שיקול השיקום בנוסף במהלך הדיון לפנינו נטען כי הגם שכאב משפחת המנוח מובן יש ליתן משקל להיבטים ולנימוקים המשפטיים שהובאו והם שצריכים לגבור כן הוגשה לנו פסיקה אשר בה הושתו עונשים מקלים יותר על מבצעי העבירה במקרים דומים 12 מנגד טוענת המשיבה באמצעות באת כוחה עורכת הדין קרן רוט כי יש לדחות את הערעור על נימוקיו תוך שימת לב לנזק שנגרם ולמידת האשם של המערער בנסיבות המקרה נטען כי מידת אשמו של המערער הינה גבוהה שכן המנוח היה אך בן 17 בעת ההיא ואילו המערער היה בן 25 ובהיותו המבוגר האחראי מבין השניים היה מצופה ממנו למנוע את הסלמת הסכסוך ביניהם הודגש כי האירוע התרחש בלי שקדמה לו התגרות מצד המנוח כן נטען כי מידת אשמו של המערער בנסיבות שקולה לכל הפחות למידת אשמו של אדם הדוקר בסכין במהלך קטטה עוד טוענת המשיבה כי עונשו של המערער מקיים יחס הולם לחומרת העבירה היא מטעימה כי המערער היה ער למצבו הקשה של המנוח בעת שהותיר אותו שרוע על הקרקע ודם זב מראשו ובכל זאת לא העניק לו כל עזרה וכי הוא שיבש את מהלכי החקירה עוד מדגישה המשיבה את הידרדרות מצבה של משפחת המנוח והנזק שנגרם לה כתוצאה מן האירוע ולעניין זה אף הוגשו לעיוננו מסמכים שונים אשר לחלוף הזמן מציינת המשיבה כי המערער הוא שתרם לכך בשעה שתיאם גרסאות עם חבריו והעלים את הרכב בו נסעו ומכל מקום נטען כי בית המשפט נתן ביטוי הולם בגזר דינו להתנהלותו החיובית של המערער מאז ביצוע העבירה על כן מבקשת המשיבה להותיר את גזר הדין על כנו דיון והכרעה 13 לאחר עיון בהודעת הערעור על נספחיה ולאחר ששמעתי את טענות הצדדים בדיון שנערך לפנינו באתי לכלל מסקנה כי יש לקבל את הערעור ולהקל בעונשו של המערער במידת מה והכל כפי שיפורט להלן 14 המערער הורשע על פי הודאתו בהריגת המנוח על חומרתה היתרה של עבירת ההריגה לפי סעיף 298 לחוק אין צורך להכביר במילים המחוקק ביטא חומרה זו עת בחר להעמיד את העונש המרבי לצידה על 20 שנות מאסר חומרה זו נדרשים אף בתי המשפט לבטא בעת קביעת העונש הראוי לעבירה יחד עם זאת הענישה בהתייחס לעבירת ההריגה אינה אחידה והיא משתנה בהתאם לנסיבות ביצוע העבירה ונסיבותיו האישיות של המבצע במקרה הפרטני שאליהן נדרשים בתי המשפט במסגרת קביעת העונש הראוי לפי תיקון מס 113 לחוק המערער טוען כי בית המשפט המחוזי החמיר בקביעת עונשו וכעת נדרשים אנו לאמוד את מידת החומרה של המקרה שלפנינו ולברר אם ניתן משקל ראוי לנסיבות ביצוע העבירה ולנסיבות האישיות של המערער בקביעת עונשו 15 במקרה שלפנינו המערער גרם למות המנוח על ידי הכאתו בראשו פעם אחת באמצעות לום ברזל בלי שקדמה לכך כל התגרות מצד המנוח ונגזרו עליו 19 שנות מאסר בפועל מתוכם שנה בגין הפעלת מאסר מותנה בחופף כידוע הלכה פסוקה היא כי אין זו דרכה של ערכאת הערעור להתערב בעונש שאותו קבעה הערכאה הדיונית אלא אם מדובר במקרים שבהם נפלה טעות מהותית בגזר הדין או שעה שמדובר בסטייה קיצונית מרמת הענישה המקובלת בנסיבות דומות ראו ע""פ 1242 97 גריברג נ מדינת ישראל פסקה 7 3 2 1998 ע""פ 3091 08 טרייגר נ מדינת ישראל פסקה 11 29 1 2009 מעיון בגזר הדין ניכר כי בית המשפט המחוזי נדרש לכלל השיקולים הרלבנטיים לצורך קביעת מתחם העונש הראוי בהתאם לתיקון מס 113 לחוק בית המשפט הביא במניין שיקוליו בבואו לקבוע את המתחם את חומרת העבירה רמת הפגיעה בערכים המוגנים חלקו הבלעדי של המערער במעשים הנזק שנגרם מביצוע העבירה ואכזריות המעשים וקבע על בסיסם כי מתחם העונש הראוי צריך שינוע בין 16 ל 20 שנות מאסר אקדים ואומר כי לא מצאתי להתערב במתחם שנקבע אך ראיתי לנכון להקל בעונשו של המערער לנוכח הנסיבות שאינן קשורות לביצוע העבירה אכן אף אני סבור כי חומרתו של המקרה שלפנינו היא גבוהה בהתחשב במידת אשמו של המערער בנסיבות המקרה ובכלל זה חלקו הבלעדי בביצוע העבירה העדר התגרות מצד המנוח הפגיעה בראש המנוח תוך שימוש בכלי ברזל לום הימלטותו לאחר המעשה ללא הגשת עזרה למנוח בפרט בהתחשב בכך שהוא ציין לפני חבריו כי המנוח ""מתפרפר"" עובדה שיש בה להראות לטעמי ללא ספק כי המערער היה מודע למצב הקשה בו הותיר את המנוח התנהלותו לאחר העבירה וכן בהתחשב בגדיעת חייו של המנוח שהיה אך בן 17 ובצורך בהרתעת הרבים מביצוע מעשים דומים הגם שקיימים פסקי דין שבהם נקבעו מתחמי ענישה מתונים יותר במקרים דומים לא ראיתי לנכון להתערב במתחם שנקבע שכן לא מדובר בסטייה קיצונית או בטעות מהותית בקביעת המתחם המצדיקה התעלמות של ערכאת הערעור מכלל ""אי ההתערבות"" יתר על כן לא ניתן להתעלם מהעבירה הנוספת שבביצועה הורשע המערער על פי הודאתו ומהנזק שנגרם כתוצאה משיבוש ההליכים על ידו בהמשך משך שבע שנים 16 אשר לעונש שנקבע בגדרי המתחם מעיון בגזר הדין עולה כי בית המשפט המחוזי נדרש לכלל הנסיבות הרלבנטיות לעניין זה בהרחבה אך מצא כי איזון כולל שלהן מוביל לעונש שהושת על המערער בסופו של יום המערער טוען לפנינו כי בית המשפט המחוזי לא נתן לנסיבות לקולא את מלוא המשקל הראוי באיזון שערך ודומה כי הצדק עימו נראה כי בנסיבות המקרה היה על בית המשפט ליתן משקל גדול יותר לאותן נסיבות לקולא לרבות הודאתו של המערער במיוחס לו נטילת האחריות והחרטה הכנה שהביע המערער אשר באו לידי ביטוי במאמציו לתיקון תוצאות העבירה בדרך של תשלום הפיצוי המוסכם עוד בטרם תחילת ההליך והתנהגותו החיובית משך שנים עובר להעמדתו לדין בית המשפט ציין כי מיום ביצוע העבירה המערער נמנע מכל פעילות שולית ואף הקדיש את מרצו וזמנו לקיום חיים נורמטיביים וסיוע לבני נוער עד ליום העמדתו לדין כמו כן על פי התסקירים שהוגשו המערער מתפקד בצורה תקינה בין כותלי הכלא נוטל חלק בפעילויות החינוך מביע מוטיבציה לשיקום ומצוי בקשר רציף עם הגורמים הטיפוליים בכלא סבורני שבאלה יש כדי להצדיק מיקום עונשו של המערער שלא ברף העליון של המתחם 17 בנוסף לאלה יש לזכור כי שירות המבחן המליץ על קביעת ענישה מאזנת שיהיה בה לשמר אצל המערער מוטיבציה להמשך טיפול אמנם ככלל המלצת שירות המבחן אינה כובלת את שיקול דעתו של בית המשפט אך יש בה להוות המלצה של גורם מקצועי לנסיבותיו האישיות של המערער ראו 3472 11 פלוני נ מדינת ישראל פסקה 14 3 9 2012 סבורני כי המלצת שירות המבחן לענישה מאזנת מקבלת משנה תוקף בנסיבות העניין משהמערער הוכיח כי הוא מעוניין בשיקום ואף פעל באופן הממחיש זאת עד למעצרו על חשיבות השיקום במניין שיקולי הענישה למדים אנו מתיקון 113 לחוק המאפשר לבית המשפט אף לחרוג ממתחם העונש שנקבע אם מצא שמבצע העבירה שלפניו השתקם ראו סעיף 40ד לחוק אוסיף כי שיקומו של המערער הוא מבין התכליות שלשמה נועדה מערכת הענישה לצד תכליות הגמול וההרתעה וראוי ליתן לכך משקל בקביעת העונש על מנת לאפשר למערער לשוב ולנהל חיים נורמטיביים עם סיום מאסרו ע""פ 3503 12 אירמייב נ מדינת ישראל פסקה 13 29 7 2013 והאסמכתאות שם עוד יש לזכור כי על אף עברו הפלילי מדובר במאסרו הראשון של המערער 18 במכלול נסיבות אלה יש להשקפתי כדי להצדיק את התערבותנו בעונש שהושת על המערער ולהוביל להצבתו במרכז המתחם בפרט מששירות המבחן סבור כי ענישה מחמירה עשויה לפגוע בהליך השיקומי של המערער לפיכך אציע לחבריי להעמיד את עונשו של המערער על 17 שנות מאסר בפועל בגין שתי העבירות יחדיו תוך הפעלת עונש המאסר על תנאי בחופף ולהותיר את שאר רכיבי העונש על כנם ש ו פ ט השופט צ זילברטל אני מסכים ש ו פ ט השופטת ע ברון אני מצרפת את דעתי לחוות דעתו של חברי השופט י דנציגר ולתוצאה שאליה הגיע בבוא בית המשפט לגזור את עונשו של נאשם יש מקום ליתן משקל גם לנסיבותיו האישיות שאינן קשורות בביצוע העבירה ועומדות לו לקולא על אלה פירט חברי ובראשן שיקולי שיקום בענייננו ניכר במערער שהוא מביע חרטה עמוקה על מעשהו הנפשע עוד במסגרת הסדר הטיעון ביקש סליחה באופן אישי מהורי המנוח וטרם שנשמעו הטיעונים לעונש הפקיד פיצוי כספי בסכום משמעותי למשפחת המנוח כדי לבטא נטילת אחריות והבעת נכונות לכפר על הפגיעה האיומה במשך כעשור שחלף מאז אותו יום נורא ניכר שהמערער התמיד במאמצים לשקם את חייו הדבר בא לידי ביטוי בין היתר בפעילות אקטיבית מצידו בסיוע לבני נוער טרם שנעצר ובפעילותו כחונך בתוך כתלי בית הסוהר למרבה הצער את חייו של המנוח לא ניתן להשיב והאובדן הוא קשה מנשוא אך מובן שאין בחלוף הזמן אף לא בפיצוי ששולם כדי לרפא את הכאב והצער המלווים את ההורים ואת המשפחה מידי יום ביומו חשוב לומר כי התערבותנו בעונש אין בה כדי להמעיט כהוא זה לא מן המעשה ולא מתוצאתו ש ו פ ט ת הוחלט כאמור בפסק דינו של השופט י דנציגר ניתן היום י בכסלו התשע""ו 22 11 2015 ש ו פ ט ש ו פ ט ש ו פ ט ת _________________________ העותק כפוף לשינויי עריכה וניסוח 14071790_W02 doc חכ מרכז מידע טל 077 2703333 אתר אינטרנט www court gov il"
HUGGINGFACE-bd24b4acc9eb,2026-05-26T07:21:27+03:00,manual_review_sentence_relief,sentence_relief_only,"ר מוסגר אציין כי בית משפט קמא לא אזכר בפסק דינו סעיפים אלה הגם שמגזר הדין עולה כי לקח בחשבון את מצבו הנפשי של המערער המחוקק הכיר אפוא במצב בו הנאשם נמצא אחראי למעשיו אך יכולתו להבין או להימנע מהמעשה נפגמה במידת מה או שהוא קרוב לסייג לאחריות פלילית ויש בכך כדי להפחית את מידת האשם המוסרי של הנאשם ""מכאן שכדי להביא בחשבון את מצבו הנפשי של נאשם לצורך הקלה מסוימת בעונשו אין צורך ברור כפי שזה קיים בטרם הכרעה בשאלת תחולתו של סייג אי השפיות לקבוע אם הנאשם חולה בהכרח במחלת נפש בניסוח אחר של הדברים לצורך גיבוש הנתונים בשלב גזר הדין די בכך שיקבע כי הנאשם סובל מהפרעה נפשית משמעותית וזאת מבלי לקבוע ממצא חד משמעי באשר לקיומה של מחלת נפש של ממש כך או כך דומה שקשה לחלוק על העובדה שלמעשה היא מוסכמת על הצדדים שגם אם המערער איננו חולה במחלת הסכיזופרניה הפרנואידית הרי שהוא סבל וסובל מהפרעה נפשית קשה הקרובה לכך והיה גם מאושפז פעמים אחדות ולא נפרט יותר מטעמים של צנעת הפרט וסודיות רפואית "" ע""פ 4312 11 פלוני נ מדינת ישראל פס 13 10 06 2013 עוד להתחשבות במצב נפשי בגזירת העונש ראו לדוגמה ע""פ 2667 14 פלוני נ מדינת ישראל פס 6 24 11 2014 לא נעלם מעיני כי במצב הדברים הרגיל ייתכן שהמערער היה מורשע בעבירה של ניסיון לרצח שבמסגרת הסדר הטיעון הומרה ככל הנראה לעבירה לפי סעיף 329 לחוק העונשין אך בהמרת העבירה אין כדי לשלול התחשבות במצבו הנפשי של המערער ""שלא כמו בית המשפט המחוזי סבורני כי באופן עקרוני אין מניעה להתחשב במצבו הנפשי של נאשם במסגרת גזירת הדין גם מקום בו אותו מצב נפשי עמד ביסוד הרשעתו של הנאשם בעבירה חמורה פחות מזו שהואשם בה מלכתחילה"" ע""פ 6162 10 דוד כבאז נ מדינת ישראל 11 6 2013 6 כאמור אין חולק כי המערער סובל ממחלת נפש קשה מסוג הפרעה דו קוטבית וזמן מה לפני האירוע הפסיק ליטול תרופות בחוות דעתה של הפסיכיאטרית ד""ר יהלום מטעם ההגנה מצוטט מסמך מאשפוזו הראשון של המערער בשנת 2007 בהיותו במצב מאני שם נכתב כי ""מספר על מחשבות טורדניות לפגוע באשתו ובילדים ופוחד ממחשבות אלה אולם כשמספר עליהן מחייך"" אכן ביום 21 8 2012 כשבועיים לפני האירוע נבדק המערער על ידי הפסיכיאטר המטפל אשר שלל סימנים דיכאוניים ומאניים עם זאת ביום 26 6 2012 כחודשיים וחצי לפני האירוע מצא הפסיכיאטר המטפל כי המערער שרוי במצב היפומאני לכך יש להוסיף את עדויות בני המשפחה כי המערער הפגין סימני מאניה בתקופה שקדמה לאירוע כפי שבא לידי ביטוי בין היתר במשיכת כספים בסכומים הולכים וגדלים מחשבון הבנק לאורך החודשים לפני האירוע מושא כתב האישום המערער עצמו טען כי עובר לאירוע המתואר בכתב האישום הוא חש מלא אנרגיות ובמקביל היה במצב רוח דכאוני והפסיק ליטול את תרופותיו הפסיכיאטריות בנוסף היו לו מחשבות אובדניות והוא שקל ""לעשות תאונת דרכים"" ד""ר יהלום מצאה כי המערער אמנם לא היה במצב פסיכוטי אך קיימת אפשרות סבירה שהמערער היה בתחילת התלקחותה של אפיזודה אפקטיבית גם אם אין מקבלים את מסקנתה של ד""ר יהלום שלא נחקרה על חוות דעתה אני סבור כי יש במצבו הנפשי של המערער ובהתנהגותו המאנית כפי שבאה לידי ביטוי בתקופה הסמוכה למעשה כדי להפחית את אשמו המוסרי הגם שלא יכולה להיות מחלוקת על חומרת המעשה לכך יש להוסיף כי המערער הנחה את אשתו לפתוח את החלונות בבית ומייד חזר לביתו הודה כי הוא זה שחתך את צינור הגז הודה מייד בחקירתו במשטרה והביע צער וחרטה על המעשה מתסקירי שירות המבחן עולה כי התנהגות אלימה כלפי בני משפחתו אינה אופיינית למערער שביני לביני התגרש מאשתו אך ילדיו מבקרים אותו בבית הכלא והוא שומר עמם על קשר בעידודה של גרושתו מהתסקיר המשלים של שירות המבחן שהוגש לקראת הדיון בפנינו עולה כי המערער עובר טיפול פסיכולוגי פרטני והביע רצון להשתלב בטיפול קבוצתי הגם שטרם הומלץ לאשר לו יציאה לחופשות על רקע הערכת מסוכנותו 7 בהתחשב באמור לעיל תוך מתן דגש למצבו הנפשי של המערער שזה לו המאסר הראשון אנו מפחיתים שנתיים מעונש המאסר בפועל שהושת על המערער כך שתקופת המאסר בפועל תעמוד על שמונה שנים עונש המאסר על תנאי שהושת על המערער יוותר ללא שינוי בשולי הדברים ועובר לשחרורו של המערער בבוא היום נמליץ להפנות את תשומת לב הפסיכיאטר המחוזי אם יש לבחון הצורך בטיפול תרופתי כפוי במסלול האזרחי של חוק טיפול בחולי נפש התשנ""א 1991 ניתן היום כ""ג בטבת התשע""ו 4 1 2016 ש ו פ ט ש ו פ ט ש ו פ ט ת _________________________ העותק כפוף "
HUGGINGFACE-caf6d9e8746f,2026-05-26T07:21:27+03:00,manual_review_sentence_relief,sentence_relief_only,"ות העניין לבסוף נטען על ידי המערער כי עומד לו סייג ההגנה העצמית לפי סעיף 34י לחוק העונשין זאת מן הטעם שהמערער נקלע לקטטה אלימה במהלכה ספג מכה עוצמתית בפניו ואף הותקף בסכין ומכאן שהיה נתון בסכנה מוחשית לחייו לחלופין נטען כי יש להתערב ברכיב הפיצויים שבגזר הדין ולהפחית את סכום הפיצויים שנקבע וזאת לנוכח היותו של המערער אדם צעיר שידו אינה משגת לשלם סכום משמעותי כגון דא תגובת המשיבה 14 המשיבה סומכת את ידיה על פסק דינו של בית משפט קמא לשיטת המשיבה אין הצדקה בנסיבות דנן להתערב בממצאי העובדה והמהימנות שנעשו על ידי בית משפט קמא לגופו של עניין טענה המשיבה כי אין לקבל את תיאור השתלשלות האירועים שלו טוען המערער המשיבה סבורה כי התגבשה במערער כוונה לפגוע במנוח לנוכח הפגיעה שחשה לבנת במועדון תמיכה לכך מצאה המשיבה בדבריו של המערער עצמו כי בכוונתו "" לטפל "" במנוח טרם שתכנן להחזיר את לבנת ומעיין לבתיהן עוד טענה המשיבה כי למערער לא היתה כל סיבה הגיונית לעצור את הרכב בסמוך למסעדה בדרכו למפגש עם המנוח ובכך יש כדי לחזק את המסקנה כי המערער ביקש להצטייד בסכין שאותה נטל מן המסעדה מכל מקום הוסיפה המשיבה וטענה כי גם אם קיים ספק אם המערער נטל סכין מן המסעדה הרי שאין מחלוקת כי המערער יצא מרכב הטויוטה לעבר המנוח כשסכין בידו אשר לאירוע הרצח נטען על ידי המשיבה כי יש לאמץ את עדותו של אברהם לפיה הסכין היחידה אותה ראה בזירה היתה זו שבה השתמש המערער הסברו של אברהם לשינוי גרסתו כך נטען הוא הסבר המניח את הדעת לכך יש להוסיף לעמדתה של המשיבה את עדויותיהם של יתר הנוכחים באירוע אשר לא הבחינו בסכין נוספת בזירה פרט לזו שבה אחז המערער והוא זה שקבע את מהלך האירועים במקום כמו גם את עדויותיהם של השוטרים שהגיעו לזירת האירוע אשר מסרו כי לא הבחינו במאן דהוא אשר נוטל פריט כלשהו בסמוך למקום שבו שכב המנוח המשיבה ציינה בנוסף כי אף המערער עצמו לא העיד כי ראה את המנוח מחזיק סכין בידו במהלך האירוע שכן כל טענתו היתה שהוא אינו זוכר דבר טענה שנדחתה כבלתי מהימנה בהתייחס לעדותו של המערער טענה המשיבה כי עדות זו סותרת את קביעותיו העובדתיות של בית משפט קמא בהן אין הצדקה להתערב המשיבה הדגישה בהקשר זה כי המערער הינו אדם מתוחכם ומניפולטיבי אשר היה ער לחומרת המעשים שיוחסו לו ולא בכדי הוא נמנע מלהתייחס לאירוע הרצח עצמו אשר לטענתו של המערער לפיה הוא היה נתון במצב של בלאק אאוט במהלך האירוע נטען על ידי המשיבה כי המערער "" זוכר רק את החלקים שנוחים לו "" עוד דחתה המשיבה את טענתו של המערער לפיה הוא לא הוזהר עובר למסירת הודעתו הראשונה בפני חוקרי המשטרה נטען בהקשר זה כי למערער הובהרו כלל זכויותיו ומכל מקום המערער לא מסר במסגרת הודעה זו אמירות מפלילות כלשהן המשיבה הוסיפה וטענה כי אין לקבל את טענותיו של המערער בנוגע למחדלים שנפלו כביכול בחקירתו עוד נטען כי גם אם היו מחדלים לא היה בהם כדי לפגוע ביכולתו של המערער להתגונן מפני המיוחס לו זאת ביתר שאת לנוכח התשתית הראייתית הברורה והמשכנעת שהונחה בפני בית משפט קמא אשר להרשעה בעבירת הרצח נטען על ידי המשיבה כי התקיימו במערער כלל יסודותיה של עבירה זו המערער כך נטען גמר אומר בליבו להמית את המנוח כבר בעת ששוחח עם לבנת הוא הצטייד מראש בסכין קטלנית והוא זה שיזם את המפגש עם המנוח כדי להתעמת עמו מבלי שקדם לכך קנטור כלשהו עוד יש לדחות לשיטת המשיבה את טענתו של המערער בדבר קיומו של סייג ההגנה העצמית נטען בהקשר זה כי נקבע עובדתית שלא היה ברשותו של המנוח סכין דבר השומט את הקרקע מתחת לטענה כי חייו של המערער היו נתונים בסכנה עוד נטען כי לא היה למערער כל צורך לדקור את המנוח ומכל מקום לא היתה כל פרופורציה בין המכה שלכאורה ספג המערער לבין ריבוי הדקירות הקטלניות במנוח לבסוף סבורה המשיבה כי אין מקום להיעתר גם לערעורו של המערער בנוגע לשיעור הפיצויים שנפסקו לחובתו באשר מדובר בסכום כספי שאינו גבוה ביתר שאת אמורים הדברים כך נטען לנוכח הפגיעה הקשה שנגרמה למשפחת המנוח בעקבות מותו הטראגי והמיותר של יקירם דיון והכרעה 15 לאחר שעיינתי בפסק דינו של בית משפט קמא בהודעת הערעור בעיקרי הטיעון של הצדדים והאזנתי בקשב רב לטיעוני הצדדים בדיון שנערך לפנינו הגעתי למסקנה כי דין הערעור על שני חלקיו להידחות וכך אציע לחבריי לעשות 16 הערעור על הכרעת הדין שלפנינו נסוב בעיקרו של דבר על שלוש טענות מרכזיות הטענה הראשונה נוגעת לתשתית העובדתית שנקבעה על ידי בית משפט קמא תוך תקיפת ממצאי עובדה ומהימנות שנקבעו על ידי בית המשפט לכך יש לצרף את הטענה לפיה נפלו מחדלים במהלך חקירתו של המערער הטענה השנייה עניינה בכך שלא הוכחו יסודות עבירת הרצח בעניינו של המערער הטענה השלישית נוגעת לשאלת קיומו של סייג ההגנה העצמית במערער אדון אפוא בטענותיו אלו של המערער כסדרן התשתית העובדתית שהובילה להרשעתו של המערער בעבירת הרצח 17 טרם שאבחן טענה זו אפתח באזכור קצר של הכלל לפיו ערכאת הערעור אינה נוטה להתערב בממצאי עובדה ומהימנות אשר נקבעו על ידי הערכאה המבררת הטעם לכך נעוץ בעדיפות הברורה המוקנית לערכאה הדיונית כמי שמתרשמת במישרין ובאופן בלתי אמצעי מן העדים שהופיעו בפניה מהתנהלותם מעל לדוכן העדים ומשפת גופם זאת בעוד שבפני ערכאת הערעור עומדים ככלל חומר ומסמכים כתובים המבקשים לשקף את אשר קלטו שופטי בית משפט קמא בחושיהם ע""פ 437 13 אלחיאני נ מדינת ישראל פסקה 40 24 8 2015 ע""פ 2177 13 פלוני נ מדינת ישראל פסקה 42 9 7 2015 ע""פ 4428 13 שטרית נ מדינת ישראל פסקה 30 30 4 2014 לכלל האמור נוספו במרוצת השנים מספר חריגים אשר בהתקיימם עשוייה ערכאת הערעור להתערב בממצאי עובדה ומהימנות הראשון כאשר ממצאי הערכאה המבררת התבססו על ראיות בכתב השני כאשר ממצאי הערכאה הדיוניות הושתתו על שיקולים שבהגיון השלישי כאשר בהערכת מהימנות העדויות נפלו טעויות מהותיות החריג הרביעי מתקיים כאשר הוצגו בפני הערכאה הדיונית עובדות ממשיות לפיהן לא ניתן היה לקבוע את הממצאים שקבעה ע""פ 2478 12 אגבריה נ מדינת ישראל פסקה 16 13 5 2015 להלן עניין אגבריה ע""פ 5633 12 ניימן נ מדינת ישראל פסקה 28 10 7 2013 ע""פ 8680 11 פלוני נ מדינת ישראל פסקה 10 5 6 2013 אקדים תוצאה להנמקה ואומר כי לא מצאתי כל עילה להתערב בנסיבות דנן בממצאי העובדה והמהימנות שנקבעו על ידי בית משפט קמא לטעמי ממצאיו של בית משפט קמא מעוגנים היטב בחומר הראיות ומתיישבים כהלכה עם הגיונם של הדברים ועם השכל הישר טרם שאפרט את השתלשלות האירועים אשר הובילה למותו חסר הפשר וההיגיון של המנוח מן הראוי להידרש לשאלות העובדתיות המרכזיות אשר שנויות במחלוקת במסגרת ערעור זה יודגש כי אין כל מחלוקת בין הצדדים בנוגע לעובדה שהמערער הוא זה שדקר למוות את המנוח וכי הוא עשה כן באמצעות סכין המטבח שאותרה בדיעבד בסמוך לכביש 25 הצדדים חלוקים בנוגע לקיומה של סכין נוספת במהלך האירוע שהיתה או לא היתה ברשותו של המנוח בשאלה האם המערער נטל מן המסעדה את הסכין ששימשה אותו לרצח המנוח ובאשר להשתלשלות העניינים במהלך הנסיעה לצומת נתיבות א האם היתה ברשותו של המנוח סכין במהלך העימות האלים 18 השגתו של המערער על קביעתו של בית משפט קמא לפיה המנוח לא אחז בסכין כלשהי במהלך האירוע נשענת על מספר אדנים האדן הראשון והעיקרי מבוסס על גרסתו הראשונה של אברהם בחקירתו במשטרה גרסה זו כך טוען המערער מלמדת על דבר קיומה של סכין נוספת בזירה נטען בהקשר זה כי מדובר בגרסה האותנטית ביותר שמסר אברהם כבר בתחילת החקירה שנפתחה בעקבות הרצח עוד טוען המערער כי אברהם שינה את גרסתו זו לנוכח רצונו למזער את אחריותו לאירוע לנוכח ההאשמות שיוחסו לו בחקירה ובהליך הפלילי שהתנהל נגדו האדן השני עליו נשען המערער בטענותיו אלו נעוץ בסימני החבלה שהופיעו על פניו המדובר כך נטען בחבלות חמורות אשר עשויות להיגרם על ידי פגיעה של להב סכין המערער הוסיף וטען בהקשר לכך כי היה על גורמי החקירה לבצע לו בדיקת חיים שעל יסודה ניתן היה לקבוע האם מקורן של חבלות אלו בדקירות סכין אם לאו דין טענותיו אלו של המערער להידחות כפי שיפורט להלן אין כל ספק לטעמי כי המערער היה האדם היחיד שאחז בסכין במהלך אירוע דקירת המנוח בנוסף הנני סבור כי לא נפל כל פגם בהימנעותם של החוקרים מלערוך למערער בדיקת חיים בנוגע לסימני החבלה שהיו על פניו ומכל מקום לא היה בכך כדי לפגוע בהגנתו 19 העד המרכזי לאירוע הרצח היה כאמור אברהם אשר שהה כל אותה עת ברכב והשקיף על הנעשה מחוצה לו עדותו הראשונה של אברהם נמסרה בעת שנחקר במשטרה ביום 3 12 2010 בשעה 10 42 שעות בודדות לאחר אירוע הרצח אברהם מסר כי עם יציאתם מן הרכב של המערער ואביהו הוא הבחין בדחיפות הדדיות בין המערער ואביהו לבין המנוח כאשר הדר ניסתה להפריד בין הנצים בשלב מסויים כך לדבריו של אברהם הוא הבחין כי ""הבחור שהיה עם הבחורה שלף סכין אני לא ראיתי מאיפה הוא שלף אבל פתאום היתה לו סכין קטן כזה ביד אני לא זוכר באיזה יד וגם הבחור דקר את יעד המערער א ש לכיוון הצוואר יעד גם הוציא סכין ודקר אותו בבטן"" נ 2 א עמ 2 ש 35 33 בחלוף מספר שעות השתתף אברהם בהליך חקירתי של הובלה והצבעה במסגרתו הוא חזר על טענתו לפיה גם המנוח אחז בסכין במהלך האירוע ""ראיתי את יעד שולף סכין ומתחילות דחיפות והבן אדם ההוא גם מוציא סכין כזה ופוצע את יעד ויעד משיב בדקירות סכין "" ת 25ג עמ 33 32 יצויין כי מדובר בהודעותיו הראשונות של אברהם בפני חוקרי המשטרה אברהם נעצר כזכור בבוקרו של אותו יום בחשד לרצח המנוח ולכל הפחות הוחשד בקשירת קשר לביצוע הרצח בשלב הזה אין זה בלתי מתקבל על הדעת כי אברהם ביקש לצמצם ככל הניתן את אחריותו שלו כמו גם את אחריותו של שותפו הלכאורי לדבר העבירה הוא המערער ואכן בחלוף שלושה ימים ביום 6 12 2010 מסר אברהם גרסה שונה בכל הנוגע לקיומה של סכין נוספת בזירת הרצח ""שאלה אמרת בעדות שראית שגם למנוח היתה סכין אני אומר לך שאף אחד חוץ ממך לא ראה סכין כזו ובשטח לא נמצאה סכין נוספת אך אתה מסביר את זה תשובה אני ראיתי להב קטן מתרומם שאלה איפה היה הלהב הזה תשובה בין יעד לניסים המנוח א ש שאלה אתה ראית את ניסים מחזיק בסכין או שראית להב בין ניסים ליעד תשובה לפי הדחיפות כשדחפו אחד את השני ראיתי להב עולה שאלה אז למה בעדות הקודמת היית כל כך בטוח שהלהב הזו זו סכין שהחזיק ניסים תשובה כי זה בא מהכיוון שלו "" נ 2ג עמ 3 ש 78 70 בחקירה נוספת מיום 14 12 2010 מסר אברהם כי אינו יודע להסביר מהו המקור לחבלות שהיו על פניו של המערער ומדוע המערער נכנס לרכב הטויוטה לאחר האירוע כשהוא מדמם בפניו כך או אחרת אברהם לא טען לקיומה של סכין כלשהי ברשות המנוח גם במסגרת חקירה זו נ 2 ד בסופו של יום מסר אברהם את גרסתו המאוחרת מעל דוכן העדים בבית משפט קמא גרסה שעליה חזר גם בבית משפט השלום בבאר שבע בעת שנשפט בגין חלקו באירועי ליל הרצח לאברהם יוחסו בגדרי כתב האישום שהוגש נגדו עבירות של גרם מוות ברשלנות סיוע לאחר מעשה ושיבוש מהלכי משפט על פי גרסתו זו של אברהם לא ידוע לו כיצד נגרמו חבלותיו של המערער והוא אינו יכול לומר כי המנוח גרם לכך באמצעות סכין וזאת מאחר שהוא אברהם לא ראה את המנוח מחזיק בסכין במהלך האירוע חשוב מכך לענייננו הוא ההסבר שמסר אברהם לשינוי גרסתו ""שאלה אתה אומר שיעד היה עם פציעות על הפנים אתה ראית איך נגרמו הפציעות תשובה לא שאלה מה חשבת תשובה חשבתי שהוא נפצע מסכין שהיתה אצל המנוח אני אמרתי בעדות הראשונה שראיתי סכין ביד של המנוח אבל בעדות הראשונה שלי הייתי מפוחד ומבוהל ובגלל שהאשימו אותי בחשד לרצח זה מה שאמרתי אבל בעדויות הבאות שלי הייתי יותר מפוקס אז אמרתי שזו היתה להב שעלתה ביניהם "" עמ 128 לפרוטוקול בהמשך משעומת על ידי באת כוחו של המערער לגבי שינוי גרסתו העיד אברהם ""שאלה זאת הגרסה הראשונה שלך חזרת עליה שוב ושוב וגם חזרת עליה בשחזור זאת האמת מה שמסרת בחקירה נכון תשובה זאת האמת שאמרתי בעדות הראשונה זה מה שאמרתי מה שהיה זה שראיתי אותו עולה לרכב עם דם על הפנים והסקתי שגם למנוח היה סכין ביד ראיתי להב עולה ויורדת ולפי הדם הסקתי שגם למנוח היה סכין ביד שאלה אז למה לא אמרת את זה בחקירה לחוקרים אתה מספר מיוזמתך אז מה הבעיה להגיד בחקירה שראית להב מתרומם ובגלל שהיה דם על הפנים הסקתי שהמנוח החזיק סכין מה הבעיה להגיד את זה תשובה באותו רגע הייתי נתון ללחץ הייתי במעצר פעם ראשונה שלי לא הייתי מפוקס הייתי המום ובהלם שאלה צריך להגיד את האמת תשובה נכון שאלה זאת לא האמת מה שאמרת תשובה בעדות השניה אני תיקנתי "" עמ 142 לפרוטוקול ההדגשות שלי א ש הנה כי כן מגרסתו המאוחרת של אברהם אשר זכתה לאמונו של בית משפט קמא עולה בברור כי אברהם לא הבחין בקיומה של סכין נוספת בזירת הרצח ולכל היותר הוא הסיק את דבר קיומה של סכין זו לנוכח הדימום והחבלות בפניו של המערער כמו גם תנועת להב הסכין במהלך האירוע בית משפט קמא קיבל כאמור את גרסתו זו של אברהם בקובעו כי מדובר בגרסה מהימנה אשר מתיישבת כהלכה עם יתר הראיות שהוצגו בפניו הנני תמים דעים עם בית משפט קמא בעניין זה יצויין כי אברהם לא הביע ביטחון מוחלט לגבי עובדת קיומה של סכין נוספת עוד בחקירתו הראשונה כך כשנשאל אברהם באותה חקירה האם יתכן כי פציעתו של המערער לא נגרמה כתוצאה מפגיעת סכין השיב כי אמנם קיימת אפשרות כזו ""שאלה אתה ראית איך נגרם ליעד הפציעות בפנים תשובה עקב הדקירות של הבחור השני שאלה יכול להיות שהבחור השני רק עשה תנועות של כאילו דקירה והפציעות של יעד נגרמו לו ממכה שקיבל תשובה זה גם יכול להיות"" ת 2 א עמ 5 ש 135 132 עוד יש לומר כי הסברו של אברהם לשינוי גרסתו בהחלט מתקבל על הדעת ראשית לכל אברהם לא טען בגרסתו המאוחרת כי שיקר בגרסתו הראשונה אלא שהוא הבהיר את כוונתו או כפי שטען "" אני תיקנתי "" את הדברים עמ 142 לפרוטוקול כאמור אף לדבריו של אברהם עצמו הוא הסיק את דבר קיומה של סכין נוספת לנוכח הדימום והחבלות על פניו של המערער כמו גם מתנועת הלהב בין הנצים לכך יש להוסיף את הלחץ שבו היה נתון אברהם במהלך חקירתו זו אברהם ניצב בפעם הראשונה בחייו בפני חוקרי משטרה בעיצומה של חקירת פרשת רצח בה הוא בגדר חשוד לא ייפלא אפוא כי אברהם ישאף בנקודת זמן זו להציג גרסה התומכת ככל הניתן בחפותו על יסוד האמור סבורני כי צדק בית משפט קמא בקביעתו כי יש לקבל את גרסתו המאוחרת של אברהם כגרסה אותנטית ומהימנה ולקבוע עובדתית כי לא היתה סכין נוספת בזירה פרט לזו שבה השתמש המערער 20 מעבר לאמור הרי שלמעט דבריו של אברהם בחקירתו הראשונה היתה תמימות דעים בין כלל העדים לאירוע הרצח או לאירועים שהתרחשו לאחריו באשר לעובדה כי לא היתה סכין נוספת בזירת הרצח מרביתם של עדים אלו מסרו כי לא ראו את המנוח מחזיק בסכין כלשהי במהלך האירוע כך לבנת העידה אמנם כי היא לא ראתה סכין כלל בזירת הרצח כלומר בידיו של המערער או של המנוח אך הדגישה כי "" אצל ניסים המנוח א ש אני בטוחה שלא היה "" עמ 63 לפרוטוקול נדב בן דודו של המנוח שלל לחלוטין קיומה של אפשרות כגון דא באומרו "" ביד של ניסים לא היה כלום "" עמ 22 לפרוטוקול וכי "" לא היה לו שום סכין מעולם לא החזיק סכין הילד הזה "" עמ 25 לפרוטוקול לכך יש להוסיף את עדותם של שלושת השוטרים שהגיעו לזירת הרצח על פי עדותו של השוטר עופר בר עם הם הגיעו למקום הרצח "" לא יותר מחצי דקה "" מהרגע שהבחינו במנוח כשהוא מתמוטט על הארץ עמ 26 לפרוטוקול יהודה סויסה שוטר נוסף שהגיע לזירת הרצח מסר כי עם הגעתו הוא "" סגר "" את הזירה פיקח עליה עד להגעת גורמי מז""פ ובשלב הזה הוא החל לבצע סריקות בזירה ת 17 עמ 1 שם לא התגלה דבר המסקנה המתבקשת על יסוד מכלול הראיות שהיו בפני בית משפט קמא הינה כי המנוח לא החזיק בסכין במהלך האירוע וכי הסכין היחידה בזירה היא זו שהיתה ברשותו של המערער 21 כאן המקום להידרש לטענתו של המערער לפיה היה על חוקריו לבצע בו בדיקת חיים כדי שניתן לאשש או לשלול את האפשרות כי סימני החבלה שעל פניו נגרמו על ידי להב של סכין אין חולק אמנם כי המערער נפצע במהלך האירוע האלים בצומת נתיבות ונגרמו לו שני פצעי חבלה בפניו האחד באורך של כסנטימטר בלחי ימין והשני הינו פצע אלכסוני באורך של כסנטימטר במרכז האף ומסביבו נפיחות ת 28 עמ 1 ואולם מתצלום פניו של המערער אשר נערך עם מעצרו בתחנת משטרת נתיבות ניתן להתרשם כי פצעים אלו היו קטנים בהיקפם ושטחיים למדי ת 28 עמ 3 בנסיבות אלה אינני סבור כי נפל פגם בהחלטת גורמי החקירה שלא להפנות את המערער לבדיקת חיים כדי לבדוק את האפשרות כי היתה סכין נוספת בזירה ואולם גם אם נניח כי מדובר במחדל חקירה אינני רואה בהימנעותם של החוקרים מעריכתה של בדיקה זו כמחדל חקירה היורד לשורשו של עניין אזכיר בהקשר לכך את ההלכה הידועה לפיה אין בעובדת קיומם של מחדלי חקירה כשלעצמם כדי להביא לזיכויו של הנאשם על מנת להגיע לתוצאה מרחיקת לכת זו על בית המשפט להתרשם כי מחדל החקירה הנטען גרם לפגיעה ממשית ביכולתו של הנאשם להתמודד כראוי עם חומר הראיות העומד נגדו וכי הגנתו קופחה או כי נפגעה זכותו להליך הוגן ע""פ 7066 13 אלמליח נ מדינת ישראל פסקה 81 22 12 2015 ע""פ 4401 13 אנורי נ מדינת ישראל פסקה 22 9 12 2015 ע""פ 919 14 פלוני נ מדינת ישראל פסקה 70 3 9 2015 במקרה דנא נחה דעתי כי לא נגרמה למערער פגיעה כלשהי ביכולתו להתגונן ובשים לב למכלול הראיות שעמדו נגדו בעניין זה גם לא נפגעה זכותו להליך הוגן ב האם המערער נטל סכין מן המסעדה 22 עובדה נוספת אשר שנויה במחלוקת בין הצדדים נוגעת לתכלית עצירת רכב הטויוטה בסמוך למסעדה מספר דקות לפני אירוע הרצח בצומת נתיבות לטענתו של המערער לא הוכח כי באותה הזדמנות הוא נטל סכין מטבח מן המסעדה יאמר כבר עתה כי לגישתי אין למחלוקת זו נפקות כלשהי לגבי התוצאה במקרה דנן שכן גם אם אניח לטובת המערער כי הוא לא נטל סכין מן המסעדה וכי הוא הצטייד בסכין אך ורק בעת יציאתו מרכב הטויוטה עדיין יש לראות את המערער כמי שנכנס לזירת הרצח כשהוא מצוייד בסכין מטבח גדולה עם זאת נראה בעליל מחומר הראיות שהוצג בפני בית משפט קמא כי המערער אכן נטל את הסכין ששימשה לדקירתו של המנוח בעת העצירה במסעדה בסרטון וידאו שהופק ממצלמת האבטחה של המסעדה נראה המערער כשהוא הולך לכיוון רכב הטויוטה לאחר שיצא מהמסעדה כשידו הימנית זזה בתנועה מהירה ואילו ידו השמאלית אינה נעה דבר שעשוי להצביע על כי המערער נושא בידו פריט כלשהו ת 46 לכך יש להוסיף כי המערער לא נתן כל הסבר המניח את הדעת לתכלית עצירתו במקום המערער טען כי חיפש את בן דודו עמוס ג נאח כדי לברר האם ניתן לשהות אצלו באותו לילה לקראת יום העבודה שלמחרת עמ 216 לפרוטוקול לטעמי מדובר בהסבר תמוה למדי לנוכח השעה שבה ביקש המערער לאתר את עמוס כביכול קרי 03 57 לאור העובדה שברשותו של המערער היה מכשיר טלפון סלולרי באמצעותו יכול היה להתקשר בנקל לעמוס או לאדם אחר הנמצא במסעדה במקום לעצור במסעדה באישון לילה ובהתחשב בכך שהמערער היה נתון בעיצומה של סערת רגשות עקב חילופי הדברים הקללות והאיומים שהושמעו בינו לבין המנוח והדר חיזוק נוסף למסקנה כי העצירה במסעדה לא נועדה לפגישה עם עמוס יש לראות בדבריו של המערער לפיהם אין זה דבר חריג מבחינתו להעביר את הלילה אצל בן דודו עמוס ולכן ספק אם הוא היה צריך כל עיקר לתאם זאת עמו מראש עמ 228 לפרוטוקול מכל מקום המערער לא זימן לעדות את עמוס וגם בכך יש כדי להחליש את הסברו זה של המערער ג האירועים במהלך הנסיעה לצומת נתיבות 23 גדר המחלוקת בעניין זה נעוץ בשאלה מי יזם את המפגש בצומת נתיבות המערער טען כי יוזמי המפגש היו המנוח והדר וזאת ניתן ללמוד לשיטתו מכך שהשניים ביצעו מספר התקשרויות למספר הטלפון של לבנת עובר למפגש בצומת נתיבות מכאן עולה לטענת המערער כי הוא לא ניסה ליצור כל קשר עם המנוח לא חיפש אחריו ולא ביקש לפגוע בו עוד נטען כי עצירת הרכב בסמוך למסעדה נעשתה לפני שנודע למערער על מיקומם של המנוח והדר המערער הוסיף וטען כי בשעה 03 55 ביצעה הדר שיחה ללבנת בה היא מסרה כי היא והמנוח ממתינים למערער בצומת נתיבות ורק ברגע זה כיוון המערער את הרכב אל הצומת אין בידי לקבל טענותיו אלו של המערער מעדויותיהם של יושבי רכב הטויוטה עולה בברור כי המערער היה עצבני ונסער למשמע שיחתה של לבנת עם המנוח ועם הדר ולכן בשלב מסויים "" חטף "" מידיה של לבנת את הטלפון והחל לשוחח בעצמו עם השניים ראו עדותה של מעיין עמ 88 לפרוטוקול ועדותו של אברהם עמ 126 לפרוטוקול מעיין מסרה כי בשלב מסויים במהלך הנסיעה אמר המערער "" אני אטפל בו אני אראה לו מה זה "" עמ 88 לפרוטוקול עוד עולה מהעדויות כי המערער הוא זה שביקש לדעת היכן נמצאים השניים שם כמו כן ניתן ללמוד על השתלשלות האירועים במהלך הנסיעה מעדותו של אברהם אשר סיפר כי לכל אורך הנסיעה הוא פעל בהתאם ל"" הוראותיו "" של המערער תחילה שמע אברהם את המערער אומר להדר "" איפה את "" ולאחר שהשיבה לשאלה זו הוא אמר "" תחכי שמה "" כך במקור א ש נ 2 ב עמ 2 בבית המשפט העיד אברהם כי המערער ביקש ממנו לעצור בסמוך למסעדה שם ירד המערער מן הרכב ביחד עם אביהו משחזר המערער "" אחרי דקה "" הוא קרא לעבר אברהם "" תיסע תיסע מהר "" והכווין אותו לעבר צומת נתיבות עמ 126 לפרוטוקול מכאן עולה כי כבר באותו רגע לאחר ששב המערער לרכב הטויוטה הוא ידע להכווין את אברהם אל עבר המקום שבו היו המנוח והדר עדות זו שומטת את הקרקע מתחת לטענתו של המערער לפיה הוא למד על מקום הימצאם של השניים לאחר ששב מן המסעדה חיזוק נוסף לעובדה שהמערער היה נסער ועצבני ניתן למצוא בסרטון מצלמת האבטחה בצומת שממול למסעדה שם נראה המערער שהוא יוצא מרכב הטויוטה בריצה לעבר המסעדה ת 8 על יסוד האמור אין לקבל את גרסתו של המערער לפיה הוא "" הוזמן "" למפגש האלים בצומת נתיבות על ידי המנוח והדר ונראה בעליל כי הוא היה "" יוזם "" המפגש הראיות מובילות אפוא למסקנה חד משמעית כי המערער הגיע למסעדה ונטל משם סכין וזאת כהיערכות לקראת העימות הצפוי עם המנוח והדר בצומת נתיבות ד סיכום השתלשלות האירועים עובר לרצח המנוח 24 לאחר שבחנתי את נקודות המחלוקת המרכזיות במקרה דנן ניתן לקבוע על יסוד מכלול הראיות כי השתלשלות האירועים עובר לרצח המנוח היתה כדלקמן משהגיע המערער למועדון ביחד עם אביהו הוא פגש את לבנת אשר היתה באותה עת נסערת לאחר שהבחינה במנוח כשהוא מבלה עם חברתו החדשה המערער קרא ללבנת ולמעיין אשר היתה עמה והציע להן כי יחזיר אותן לבתיהן המערער ביקש מאברהם שינהג ברכב והתיישב בסמוך למושב הנהג במהלך הנסיעה שוחחה לבנת עם הדר ובין השתיים התפתחו חילופי דברים וקללות בשלב מסויים נטל המערער את מכשיר הטלפון וביקש להבין היכן נמצאים המנוח והדר ובתוך כך הורה להם להמתין להגעתו במקביל כיוון המערער את אברהם לעבר המסעדה שם הורה לו לעצור את הרכב ירד ממנו ביחד עם אביהו ונכנס לתוך המסעדה בחלוף שניות בודדות חזר המערער לרכב כשסכין בידו והורה לאברהם לנסוע במהרה לכיוון צומת נתיבות משהגיעו לצומת ולאחר שלבנת זיהתה את המנוח עבור המערער ירדו המערער ואביהו מן הרכב והחלו להתעמת עם המנוח במהלך אותו עימות דקר המערער את המנוח באמצעות סכין ארבע דקירות וגרם למותו יודגש כי המנוח לא החזיק בסכין כלשהי במהלך העימות זה המקום לציין כי גרסתו של המערער לפיה הוא נכנס למצב של בלאק אאוט ועקב כך אינו זוכר מה התרחש בזירת האירוע ומה התרחש לאחר מכן נדחתה כבלתי מהימנה על ידי בית משפט קמא בית משפט קמא קבע בהקשר זה כי "" אין זאת אלא שהמערער מנסה בכל דרך לא להציב עצמו בעימות ישיר עם המנוח אולם הוא עושה זאת בדרך לא ממש מוצלחת "" כאמור דעתי בעניין זה כדעתו של בית משפט קמא המערער לא הוכיח את טענת הבלאק אאוט בראיה כלשהי ונראה כי מדובר בטענה מופרכת בנסיבות העניין המערער ידע לתאר כדבעי את יתר ההתרחשויות בליל הרצח ככל שסבר כי דברים אלה מסייעים לו בהגנתו לעומת זאת המערער נמנע מלהעיד בנוגע לכל אותן נקודות שלגביהן אין בפיו הסבר מניח את הדעת דבר המחזק את גישתו של בית משפט קמא כי המערער הוא מניפולטיבי ובלתי מהימן ראו בהקשר זה ע""פ 1159 13 מיכלוב נ מדינת ישראל פסקה 24 6 1 2016 לאחר שעמדנו על התשתית העובדתית הרלוונטית לענייננו שומה עלינו לבחון את השאלה האם בהשתלשלות האירועים שפורטה לעיל יש כדי ללמד כי הוכחו במקרה דנן יסודות עבירת הרצח בכוונה תחילה עבירת הרצח בכוונה תחילה התשתית הנורמטיבית 25 על פי סעיף 300 א 2 לחוק העונשין יורשע ברצח אדם אשר "" גורם בכוונה תחילה למותו של אדם "" סעיף 301 א לחוק העונשין מגדיר את המונח "" כוונה תחילה "" באופן הבא "" לענין סעיף 300 יראו ממית אדם כמי שהמית בכוונה תחילה אם החליט להמיתו והמיתו בדם קר בלי שקדמה התגרות בתכוף למעשה בנסיבות שבהן יכול לחשוב ולהבין את תוצאות מעשיו ולאחר שהכין עצמו להמית אותו או שהכין מכשיר שבו המית אותו "" ההדגשות שלי א ש אם כן הדרישה ל"" כוונה תחילה "" כוללת שלושה יסודות מצטברים והם "" החלטה להמית "" "" הכנה "" ו "" היעדר קנטור "" ולהלן אעמוד בקצרה על יסודות אלה א יסוד ההחלטה להמית 26 לצורך הוכחת יסוד ההחלטה להמית יש להראות כי לנאשם היתה כוונה לגרום להמתת הקורבן בשני מישורים נפרדים המישור הראשון הוא המישור הרציונאלי ועל פי יש להראות כי הנאשם צפה את האפשרות להתרחשותה של התוצאה הקטלנית המישור השני עניינו ביחסו האמוציונאלי של הנאשם לתוצאה ובמסגרתו יש לבחון את חפצו של אותו נאשם בהתקיימותה של התוצאה הקטלנית ע""פ 3834 10 והבה נ מדינת ישראל פסקה 132 6 3 2013 ע""פ 1902 10 אדרי נ מדינת ישראל פסקה 10 7 1 2013 ע""פ 759 97 אליאבייב נ מדינת ישראל פ""ד נה 3 459 467 466 2001 להלן עניין אליאבייב נקבע בפסיקה כי לאור הקושי הטמון בהתחקות אחר נבכי נפשו של אדם ניתן להיעזר ב"" חזקת הכוונה "" על פיה אדם מתכוון על דרך הכלל לתוצאות הטבעיות הנובעות ממעשיו כאשר בעבירת הרצח עסקינן גלומה בחזקת הכוונה ההנחה לפיה מי שגרם למותו של אדם על ידי מעשה אשר על פי טיבו מכוון לגרום לתוצאה קטלנית גם נשא בליבו את הכוונה לגרום לתוצאה טבעית זו ע""פ 1119 11 אבו סרחאן נ מדינת ישראל פסקה 61 5 5 2015 להלן עניין אבו סרחאן ע""פ 686 80 סימן טוב נ מדינת ישראל פ""ד לו 2 253 262 260 1982 ע""פ 2316 98 סוויסה נ מדינת ישראל פ""ד נה 5 797 814 2001 יפים בהקשר לכך דבריו של השופט נ סולברג בע""פ 8667 10 ניג ם נ מדינת ישראל פסקה 22 27 12 2012 ""בהעדר יכולת להתחקות אחר נבכי נפשו של אדם ומשההחלטה להמית הריהי מחשבה סובייקטיבית של נאשם שלא תמיד ניתן להוכיחה בראיות ישירות נעזרים בתי המשפט ב חזקת הכוונה אשר מניחה כי אדם מתכוון לתוצאות הטבעיות הנובעות ממעשיו חזקה זו נובעת מן ההנחה שמי שגרם למותו של אדם על ידי מעשה אשר על פי טיבו מיועד לגרום לתוצאה קטלנית גם התכוון בתוככי נפשו להביא לתוצאה טבעית זו שהיא פועל יוצא ממעשהו באמצעות חזקת הכוונה ניתן להוכיח הן את צפיית האפשרות להשגת התוצאה הקטלנית ו הן את רצון הנאשם כי תוצאה זו תתממש לעתים די בהצטברותם של מאפיינים אובייקטיביים אחדים כגון הכלי ששימש לגרימת החבלה ומיקום החבלה בגוף המנוח כדי להסיק מסקנה באשר לכוונת הנאשם חזקה זו מבוססת על ניסיון החיים היא אינה חלוטה ודי בכך שהנאשם יעורר ספק סביר בראיות המקימות את החזקה על מנת להפריכה "" ההדגשות שלי א ש ברבות השנים גובשו בפסיקתו של בית משפט זה מבחני עזר שיש בהם כדי לבסס או לחזק בהיעדר הסבר אחר המניח את הדעת את ההנחה בדבר כוונתו של הנאשם להמית את קורבנו בין היתר מדובר באופן ביצוע ההמתה באמצעי ששימש לשם ביצועה במיקום הפגיעה בקורבן ובמספר הפגיעות בו עניין אבו סרחאן בפסקה 61 עניין אגבריה בפסקה 28 כך למשל פגיעה באיזור חיוני בגופו של הקורבן עשויה להוות אינדיקציה לקיומה של החלטה להמית אף כאשר מדובר בפגיעה אחת בלבד ע""פ 228 01 כלב נ מדינת ישראל פ""ד נז 5 365 377 2003 עוד נפסק לא אחת כי ההחלטה להמית יכולה להתגבש גם כתגובה ספונטנית ורגעית ולאו דווקא לאחר מחשבה או תכנון מוקדמים כפי שנאמר בע""פ 512 89 דניאלס נ מדינת ישראל פ""ד מה 2 496 1991 ""החלטה כזו יש שהיא נרקמת ומתגבשת לאורך זמן נדבך על גבי נדבך עד שהכוונה מתממשת במעשה גרימת המוות ויש שהיא מתגבשת כהרף עין בשל התרחשות או הלך נפש שהתהוו סמוך למעשה עצמו"" ראו גם ע""פ 9238 11 עמאש נ מדינת ישראל פסקה 13 9 6 2015 להלן עניין עמאש ע""פ 4655 12 אדרי נ מדינת ישראל פסקה 29 29 9 2014 להלן עניין אדרי ע""פ 10091 09 שפירוב נ מדינת ישראל פסקה 22 25 6 2012 להלן עניין שפירוב ע""פ 8564 07 גונצ ר נ מדינת ישראל פסקה 24 25 5 2011 ב יסוד ההכנה 27 יסוד ההכנה הוא יסוד פיסי טהור ובגדרו נבחנות ההכנות המעשיות אותן עשה הנאשם לצורך מימוש ההחלטה להמית את קורבנו לרבות הכנת האמצעים אשר עתידים לשמש אותו לצורך כך עניין אבו סרחאן בפסקה 62 אכן על דרך הכלל יש להפריד בין שלב ההכנה לשלב ההחלטה להמית אך לעתים "" החלטה להמית ומעשה הכנה שלובים ואחוזים זה בזה ואלה יחדיו עשויים להתמזג עם מעשה ההמתה עצמו עד שאין פסק זמן נראה לעין בין זה לזה "" עניין אליאבייב בעמ 470 בהתאם לכך נקבע כי יסוד ההכנה עשוי להתגבש בנאשם עוד טרם מעשה ההמתה בצמוד למעשה ואף במובלע בתוך המעשה עצמו וכחלק בלתי נפרד ממנו ע""פ 1310 12 שוורצמן נ מדינת ישראל פסקה 41 3 11 2014 ע""פ 7392 06 אבו סלאח נ מדינת ישראל פסקה 53 26 8 2010 להלן עניין אבו סלאח ע""פ 10082 04 אברמוב נ מדינת ישראל פסקה 32 25 10 2006 ג יסוד היעדר הקנטור 28 במסגרת יסוד היעדר הקנטור יש להוכיח כי מיד ובסמוך לביצוע מעשה הקטילה לא קונטר הנאשם על ידי קורבנו בחינתו של יסוד זה נעשית הן על פי אמת מידה סובייקטיבית והן על פי אמת מידה אובייקטיבית אמת המידה הסובייקטיבית נוגעת לשאלה האם הנאשם הושפע בפועל מן הקנטור עד שהוא איבד את שליטתו העצמית וביצע את המעשה הקטלני מבלי להתכוון לתוצאותיה הקטלניות של התנהגותו ע""פ 4519 11 שיחרזייב נ מדינת ישראל פסקה 21 4 5 2015 ע""פ 5413 97 זורבליוב נ מדינת ישראל פ""ד נה 2 541 555 553 2001 ע""פ 3071 92 אזואלוס נ מדינת ישראל פ""ד נ 2 575 578 577 1996 המובן האובייקטיבי של יסוד היעדר הקנטור עניינו בשאלה האם "" האדם הסביר "" או "" האדם מן היישוב "" היה פועל כפי שפעל הנאשם תחת מכלול דומה של נסיבות במילים אחרות אמת המידה האובייקטיבית בוחנת האם לנוכח אותה התגרות היה מאבד "" האדם הסביר "" את שליטתו העצמית וממית את קורבנו ע""פ 339 84 רבינוביץ נ מדינת ישראל פ""ד לט 4 253 261 1985 ע""פ 396 69 בנו נ מדינת ישראל פ""ד כד 1 561 580 579 1970 יפים לענייננו הדברים שנאמרו בע""פ 2823 10 דיין נ מדינת ישראל פסקה 16 7 2 2013 להלן עניין דיין ""השאלה שעליה יש להשיב על פי המבחן הסובייקטיבי היא האם נשלל מהנאשם כוח השליטה העצמית בעקבות פעולת ההתגרות של נפגע העבירה כך שבמצב נפשי זה ובטרם יעלה בידיו ""להתקרר"" להעריך את התוצאה האפשרית של מעשהו ולהחזיר לעצמו את כוח השליטה העצמית ברצונו פעל הנאשם את פעולתו הממיתה המבחן הסובייקטיבי הוא מבחן עובדתי המתייחס למצבו הנפשי של הנאשם המסוים והוא מעוגן בנסיבות האירוע הספציפי השאלה הנבחנת בגדרי מבחן זה היא האם מדובר באקט ספונטאני של הנאשם פרי איבוד שליטה עצמית עקב התגרות בו מצד נפגע העבירה בתכוף לפני מעשה ההמתה באופן השולל פעולה מתוך מצב של יישוב הדעת וקור רוח המבחן האובייקטיבי מעמיד את האדם הסביר בנעליו של הממית ושואל את השאלה ההיפותטית כיצד עלול היה האדם הסביר להגיב בנסיבות דומות אם האדם הסביר לא יכול היה להתגבר על סערת רוחו בנסיבות דומות ולכן לא יכול היה לשלוט בעצמו והיה פועל כשם שפעל הנאשם הספציפי כי אז גם לפי המבחן האובייקטיבי מתקיימת התגרות ולא מתגבשת ה כוונה תחילה במסגרת המבחן האובייקטיבי אין מייחסים משקל לנתונים אישיים או תת קבוצתיים זאת ועוד המבחן האובייקטיבי הוא מבחן נורמטיבי ערכי המשמש אמצעי ליישומם של שיקולי מדיניות שיפוטית"" ההדגשות במקור א ש להרחבה ראו דנ""פ 1042 04 ביטון נ מדינת ישראל פ""ד סא 3 646 2006 להלן עניין ביטון ומן הכלל אל הפרט 29 אקדים ואומר כי על יסוד התשתית העובדתית שפורטה לעיל מתחייבת המסקנה כי התגבשו במערער כלל יסודותיה של עבירת הרצח בכוונה תחילה של המנוח על יסוד ההחלטה להמית ניתן ללמוד בראש ובראשונה מהתנהלותו של המערער אשר כיוון את הרכב למסעדה על מנת ליטול משם סכין ובהמשך הורה לאברהם להגיע במהירות לצומת נתיבות לכך יש להוסיף כי המערער בחר בסכין מטבח גדולה שאורכה כ 13 ס""מ רוחבה 2 עד 3 ס""מ ועובייה כ 1 8 ס""מ ת 30 המדובר לכל הדעות בסכין מסוכנת ביותר שהשימוש בה שלא למטרות שלשמן היא נועדה עלול לגרום לפגיעות חמורות וקטלניות בגופו של הנדקר גם מספר הדקירות שביצע המערער במנוח ומיקומן של דקירות אלו מחזקים את המסקנה בדבר החלטתו של המערער להמית את המנוח המערער דקר את המנוח ארבע דקירות עמוקות באיזורים חיוניים ביותר בגופו כאשר שתיים מהן כוונו לאיזור החזה ושתי דקירות נוספות בוצעו לאיזור הבטן ת 29 המדובר בדקירות עוצמתיות ביותר אשר חדרו לעומק גופו של המנוח כ 7 עד 8 ס""מ עצם השימוש בסכין גדולה רחבה וחדה כמו גם ריבוי הדקירות שביצע המערער וחומרתן של דקירות אלה מבססים את "" חזקת הכוונה "" זאת שעה שהמערער לא סיפק הסבר אחר המניח את הדעת למעשיו ולא השכיל להקים ספק סביר בדבר כוונתו לגרום למותו של המנוח עניין אבו סרחאן בפסקה 61 ראו בהקשר לכך את דברי הנשיא מ שמגר ""הנכונות להשתמש בסכין אינה נטולת הבנה של הסיכונים המתלווים לכך אלא היפוכו של דבר מתלווה לה הידיעה עד כמה הדבר מסוכן ואף יעיל מי שמניף סכין בעלת להב ארוך בכוונה לתוקעו בחזהו של הנתקף פועל בהכרח באופן מודע ובהבנת מהות המעשה היינו שהוא מקפח בכך פתיל חייו של מי שניצב מולו"" ע""פ 624 89 יחזקאל נ מדינת ישראל פ""מ מה 3 705 713 712 1991 לסיכום ניתן לקבוע כי יסוד ההחלטה להמית הוכח כדבעי אשר ליסוד ההכנה אין כל ספק כי גם יסוד זה התקיים במערער עובר להמתת המנוח בענייננו המערער הצטייד מבעוד מועד בכלי נשק קר סכין גדולה וקטלנית לאחר זאת כיוון המערער את אברהם לצומת נתיבות עובדה המעידה על פעולות הכנה שעשה המערער לקראת ביצוע הרצח לכך יש להוסיף כי בהגיעו לצומת ירד המערער מן הרכב התעמת עם המנוח הסתער עליו ובשלב מסויים הניף את הסכין לעברו ודקר אותו באיברים חיוניים בגופו פעם אחר פעם עוד יש להזכיר כי בעבירת רצח המבוצעת באמצעות סכין די בעצם אחיזת הסכין והפנייתה כלפי הקורבן במטרה לנעוץ אותה בגופו כדי לקיים את יסוד ההכנה עניין אבו סלאח בפסקה 41 ע""פ 2458 11 סולוביוב נ מדינת ישראל פסקה כ""ט 7 1 2014 ע""פ 2507 11 אוסקר נ מדינת ישראל פסקה ל 30 9 2013 ע""פ 2534 93 מליסה נ מדינת ישראל פ""ד נא 2 597 610 1997 משאלה הם פני הדברים דומה כי הוכח קיומו של יסוד ההכנה מעל ומעבר לנדרש לבסוף יש להידרש ליסוד היעדר הקנטור כפי שנקבע בפסיקתו של בית משפט זה יש לבחון את התקיימותו של יסוד זה מבחינה סובייקטיבית ואובייקטיבית באופן מצטבר ראו עניין ביטון עניין דיין בפסקה 15 סבורני כי בנידון דידן התשתית העובדתית מלמדת על היעדר קנטור סובייקטיבי ואובייקטיבי גם יחד המערער החל לחפש את המנוח כבר בשלב היציאה מן המועדון באותה נקודת זמן לא היתה בין המערער לבין המנוח היכרות מוקדמת ולא ניתן לטעון ברצינות כי הרצון לפגוע במנוח בער בדמו של המערער עד כי הוא איבד את שליטתו עצמית גם בהמשך המערער לא פעל "" בדם חם "" ובאובדן שליטה על מעשיו אדרבא לאחר שנודע למערער על מיקומם של המנוח והדר הוא פעל באופן קר רוח ומחושב כאשר ביקש לעצור את הרכב בסמוך למסעדה על מנת להצטייד בסכין לקראת העימות עם המנוח גם בזירת האירוע לא היתה מצדו של המנוח כל התגרות במערער אשר הצדיקה מבחינתו את נטילת חייו של המנוח יצויין כי אין לראות במכת האגרוף שהונחתה על פי הטענה בפניו של המערער כאותו קנטור סובייקטיבי אשר גרם לו לנעוץ את סכינו פעם אחר פעם במנוח אשר לדרישת הקנטור האובייקטיבי אין כל ספק כי האדם הסביר לא היה נוהג באופן שבו פעל המערער במהלך העימות עם המנוח וזאת גם אם ניתן לפרש את התנהלותו של המנוח כגורמת לפגיעה בכבודה של בת דודתו יש להזכיר בהקשר זה כי על פי פסיקתו של בית משפט זה גידופים התגרות מילולית או תגרה אינם עולים כדי קנטור אובייקטיבי עניין אדרי פסקה 44 ע""פ 8332 05 איסקוב נ מדינת ישראל פסקה 25 26 7 2007 ע""פ 1191 02 פלוני נ מדינת ישראל פסקאות 9 8 30 3 2003 אשר על כן גם יסוד היעדר הקנטור הוכח במקרה דנן סייג ההגנה העצמית 30 המערער טען כי עומד לזכותו סייג ההגנה העצמית הקבוע בסעיף 34י לחוק העונשין לפיו ""לא יישא אדם באחריות פלילית למעשה שהיה דרוש באופן מיידי כדי להדוף תקיפה שלא כדין שנשקפה ממנה סכנה מוחשית של פגיעה בחייו בחירותו בגופו או ברכושו שלו או של זולתו ואולם אין אדם פועל תוך הגנה עצמית מקום שהביא בהתנהגותו הפסולה לתקיפה תוך שהוא צופה מראש את אפשרות התפתחות הדברים"" לטענתו של המערער יש ללמוד על דבר קיומו של סייג זה מכך שהמערער ספג מכה עוצמתית בפניו אשר העמידה אותו בסיטואציה מלחיצה ומפחידה ביותר מטעם זה סבור המערער כי תגובתו היתה בנסיבות העניין תגובה מידתית ופרופורציונאלית של אדם הנתון בפני חשש של סכנה מוחשית לחייו יצויין כי טענה זו התבססה ביסודה על ההנחה שהופרכה בראיות כי המנוח תקף את המערער באמצעות סכין למרות שבית משפט קמא קבע כי לא היתה כל סכין ברשותו של המנוח טוען המערער כי די במכה שהונחתה על פניו כדי להקים לזכותו את סייג ההגנה העצמית סבורני כי בנסיבות העניין אין כל ממש בטענת ההגנה העצמית שהעלה המערער ודינה להידחות אפתח באזכור תנאיו של סייג זה כפי שנקבעו ב בע""פ 4191 05 אלטגאוז נ מדינת ישראל 25 10 2006 ""שישה הם התנאים שבהתקיימם עומדת לנאשם ההגנה העצמית כפי שהוגדרו בחוק ופורשו בפסיקה ובספרות הראשון הוא תנאי התקיפה שלא כדין השני הוא תנאי הסכנה תנאי מוקדם למעשה ההתגוננות הוא קיומה של סכנה מוחשית של פגיעה בחייו בחירותו בגופו או ברכושו שלו או של זולתו על הסכנה להיות מוחשית ולא סכנה שהסתברות התממשותה ערטילאית גרידא התנאי השלישי הוא תנאי המיידיות לפי לשון החוק נדרש כי מעשה ההתגוננות היה דרוש באופן מיידי על מנת להדוף את התקיפה תנאי זה בוחן את עיתוי המעשה על שני היבטיו על ההגנה להתבצע רק מרגע שהמעשה דרוש באופן מידי על מנת להדוף את התקיפה ועליה להיפסק מרגע שלא נדרש עוד מעשה התגוננות על מנת להדוף את התקיפה התנאי הרביעי הינו שהאדם לא נכנס למצב בהתנהגות פסולה התנאי החמישי הוא תנאי הנחיצות תנאי הנחיצות כולל בתוכו הן את הנחיצות האיכותית בפני העושה לא עמדו אלטרנטיבות אחרות והן את הנחיצות הכמותית העושה לא יכול היה לנקוט בכוח מועט יותר התנאי השישי הוא תנאי הפרופורציה נדרש יחס ראוי בין הנזק הצפוי מפעולת המגן לנזק הצפוי מן התקיפה"" שם בפסקה 13 עוד ראוי להזכיר את סעיף 34ה לחוק העונשין ש כותרתו "" נטל ההוכחה "" ולפיו "" מלבד אם נאמר בחיקוק אחרת חזקה על מעשה שנעשה בתנאים שאין בהם סייג לאחריות פלילית "" לצד סעיף זה קובע סעיף 34כב ב לחוק העונשין כי "" התעורר ספק סביר שמא קיים סייג לאחריות פלילית והספק לא הוסר יחול הסייג "" אם כן מלשונם של סעיפים אלו עולה כי הנטל המשני להוכחת קיומם של התנאים המקימים את סייג ההגנה העצמית רובץ על שכמו של הנאשם אך זאת עד כדי הותרת ספק סביר בדבר קיומו של הסייג כאמור אין בידי לקבל את טענת ההגנה העצמית של המערער טענה זו לא זו בלבד שלא הוכחה בענייננו אלא שהיא אף סותרת את התשתית העובדתית שנקבעה על ידי בית משפט קמא המערער ירד מרכב הטויוטה כשהוא מצוייד בסכין גדולה מתוך כוונה לבוא חשבון עם המנוח ובאותה עת נאלץ המנוח להתגונן מפניו של המערער בידיים ריקות לכך יש להוסיף כי לצדו של המערער היה גם אביהו אשר הסתער על המנוח ותקף אותו במצב דברים זה יחסי הכוחות בין המערער לבין המנוח היו ברורים וקשה לראות במערער כמי שחש כי חייו נתונים בסכנה ממשית ואם לא די בכך המערער הוא שהגיע למקום בכוונה התקפית וככל שנוצר סיכון כלשהו כלפיו ואינני קובע זאת הרי שהוא הכניס עצמו לאותו סיכון במו ידיו עוד יש להדגיש כי גם אם הוכה המערער בפניו אין בכך כדי להצדיק את עוצמתן וכמותן של הדקירות שננעצו במנוח דבר המהווה בנסיבות העניין תגובה בלתי מידתית בעליל כדי להדוף מתקפה שהיתה כביכול מצידו של המנוח מבלי להרחיב יתר על המידה בעניין זה נראה כי אף לא אחד מהתנאים הנדרשים לקיומו של סייג ההגנה העצמית מתקיים בענייננו רכיב הפיצויים 31 המערער משיג כאמור גם על גובה סכום הפיצויים שנדרש לשלם למשפחתו של המנוח סכום העומד על 200 000 יובהר כי בהתאם לסעיף 77 א לחוק העונשין ניתן לחייב נאשם בתשלום פיצויים לניזוק בגין הנזק או הסבל שנגרם לו כאשר מדובר בסעד אזרחי במהותו ולא ברכיב עונשי נוסף ע""פ 7033 04 יאיר נ מדינת ישראל 11 9 2006 נקבע בהקשר לכך כי לעניין הערעור על רכיב זה רואים את החיוב בפיצויים כפסק דין שניתן בתובענה אזרחית של הזכאי נגד החייב סעיף 78 לחוק העונשין בענייננו לא מצאתי כל טעם ועילה להתערב ברכיב הפיצויים שהושת על המערער סכום הפיצויים שנקבע בנסיבות העניין הינו סכום מידתי ומאוזן לנוכח הא"
HUGGINGFACE-c0f5ef125985,2026-05-26T07:21:27+03:00,manual_review_sentence_relief,sentence_relief_only,"ד בית המשפט בהרחבה על משמעויות חוות הדעת השונות ועל ההנחיות לבחירת והצבת מעקות בטיחות קבועים בדרכים בין עירוניות מהדורה שנייה 2005 ת 81 העוסקות בשיקולים בהצבת מעקות בטיחות הכוללים את ההכרח למצוא איזון בין מטרות מעקות בטיחות ""למנוע מכלי הרכב לצאת מתחום הדרך"" ו""להפחית עד לרמה המינימלית את הפגיעה בנוסעי הרכב הסוטה"" שם בעמ 1 בשים לב לרכבים השונים שצפויים לנוע בדרך ולסבירותם של תרחישים שונים גם מקביעות אלו לא ראיתי לסטות 39 מכל מקום בצדק נקבע כי כשל במעקה אף לו היה נמצא כזה אינו מנתק את הקשר הסיבתי בין התאונה לבין מעשי המערער שאלמלא הם לא הייתה מתרחשת התוצאה ראו בעניין זה ע""פ 467 09 זילברמן נ מדינת ישראל פסקאות 18 16 2 2 2010 להלן עניין זילברמן עיינו עוד לשאלת קיומו של ""גורם זר מתערב"" שביכולתו לנתק קשר סיבתי משפטי בתאונת דרכים ע""פ 6026 11 טמטאווי נ מדינת ישראל פסקה 39 24 8 2015 ע""פ 140 10 חלילה נ מדינת ישראל פסקאות 77 75 10 3 2011 ע""פ 8827 01 שטרייזנט נ מדינת ישראל פ""ד נז 5 506 520 518 2003 להלן עניין שטרייזנט ע""פ 84 85 ליכטנשטיין נ מדינת ישראל פ""ד מ 3 141 157 155 1986 רשלנות בחקירה והסתרת עובדות 40 עתה לטענת ה""טיוח"" שהשמיע המערער בתמצית המערער גורס כי הרשויות לא טיפלו ואינן מטפלות בליקויים שבכביש עד לתום ההליך שלפנינו כי המעקה שבצד הכביש הוחלף בליל התאונה כדי ""להעלים עובדות ולטשטשן"" וכי החקירה נוהלה באופן רשלני ובמסגרתה הועדף עניינו של ואזנה בשל קרבתו לאנשי משטרה 41 תחילה לטענה הראשונה הנוגעת ל טיפול בליקויים בכביש אכן עיון בפרוטוקול הדיון שהתקיים בבית המשפט המחוזי מלמד כי רשויות החקירה סברו כי ייתכן שפגמים שונים בכביש כגון חסר בשילוט או סדקים בכביש מצדיקים טיפול ואפשר שנמנעו מהשלמת הטיפול מחמת היותו של הליך זה תלוי ועומד המערער מפנה בערעורו לדבריו של מדניקוב אשר העיד כי דיווח בטלפון למנהל מרחב דרום בחברה הלאומית לדרכים על ממצאיו מסיור בזירת התאונה לעניין ליקויים בכביש פרוטוקול הדיון עמ 158 157 מדניקוב הסביר כי העדיף לפנות למנהל המרחב בטלפון ולא במכתב שיגרום ל""רעש וצלצולים"" שכן ""אפשר לסגור את זה בשיחה טלפונית עם אנשי מע""צ שהם יכולים בתקציב תחזוקה שלהם לעשות דברים כמו סדקים"" פרוטוקול הדיון עמ 159 ש 23 21 בנוסף בחקירתו הנגדית בבית המשפט מסר יונתן גיז ראש מדור הנדסה ותשתיות באגף התנועה במשטרה כי המשטרה המתינה עם העברת דיווח מפורט לחברה הלאומית לדרכים שכן ""אנחנו לא נוהגים להעביר דיווח ע פ מאחר והתיק הזה רגיש במידה לא קטנה לא מיד להעביר דיווח עד שיסתיימו ההליכים בתיק"" כדי ""שלא יהיה מצב אם יצטרכו נניח שהיה שינוי והכביש יש באמת ממצא בכביש"" פרוטוקול הדיון עמ 213 ש 30 29 עמ 214 ש 7 6 מכל אלה מבקש המערער ללמוד כי פעולות המשטרה מנעו ממנו ""לנהל את הגנתו כראוי ולהסתמך על ממצאי המשטרה"" כלשונו בעיקרי הטיעון מטעמו לא ראיתי לקבל טענה זו אף אם עדיף היה לו הייתה המשטרה פונה לחברה הלאומית לדרכים בדרך מסודרת ומתועדת חרף הרצון להימנע מבירוקרטיה במסגרת טיפול בליקויים שאינם נתפסים מהותיים וראו דבריו של מדניקוב ""רעש וצלצולים זה מכתב למע""צ ולמנכ""ל מע""צ ויש כאלה שאני כותב כי יש נושאים שלא זזים ויש כמה דוגמאות"" פרוטוקול הדיון עמ 162 ש 18 17 והייתה עושה זאת בזמן אמת מבלי להמתין לסיומו של ההליך המשפטי שהרי אין לקבל כי הטעון תיקון לא יתוקן במהירות נקודת המוצא לדיון זה היא קביעתו העובדתית של בית המשפט המחוזי שלפיה בכביש לא נמצאו ליקויים אשר היה בהם כדי להסביר כשלעצמם את התרחשות התאונה ועוד אומר כי גם אם הייתי נכון לראות באמור משום מחדל חקירה הרי שמחדלי חקירה יש לבחון ביחס לכלל חומר הראיות וככלל אין הם מבססים ספק סביר אלא מקום שבו מדובר במחדל מהותי היורד לשורש העניין ראו למשל ע""פ 8754 13 סעדה נ מדינת ישראל פסקה 36 15 1 2015 ע""פ 9536 11 סרור נ מדינת ישראל פסקה 62 16 9 2014 בענייננו איני סבור כי העובדה שהמשטרה לא פנתה לחברה הלאומית לדרכים או פנתה אליה בצורה שאינה מתועדת בעניין תיקון פגמים שונים בכביש היה בה כדי לשנות ממסקנתו המרשיעה של בית המשפט על רקע כלל החומר הראייתי השולל את תרומתם של הליקויים הנטענים לתאונה ומשהמערער והמומחים מטעמו טענו בנושא בהרחבה 42 מכאן להחלפת מעקה הבטיחות אין חולק כי בליל התאונה הוחלף מעקה מסוג W שנהרס בתאונה במעקה חדש מסוג זהה כשנה לאחר מכן הוחלף המעקה האחרון במעקה ""בתקן אירופאי"" ראו עדותו של שמש פרוטוקול הדיון עמ 358 ש 7 עמ 359 ש 18 המערער טוען כי החלפה זו נעשתה במטרה ""לטשטש"" ראיות ולא במטרה להבטיח את ביטחון משתמשי הדרך טענה זו אשר יש בה כדי להטיל דופי של ממש בעושים במלאכה נטענה ללא כל תימוכין ואיני רואה לאמצה ממילא כפי שכבר הוזכר לעיל גם אם ליקוי במעקה הבטיחות תרם להתרחשות התאונה אין הוא מנתק את הקשר הסיבתי המשפטי שבין התנהגות המערער לבין התרחשות התאונה ראו פסקה 39 לעיל החלפת המעקה אין בה אפוא כדי לשמוט את הקרקע תחת הקביעות המבססות את הרשעתו של המערער 43 ואחרון בעניין העדפתו הלכאורית של וזאנה בית המשפט המחוזי לא מצא פגם בהתנהלותו של ואזנה במהלך האירוע ואף דחה במפורש את ""טענת המשחק"" שלפיה כאמור ואזנה האיץ והאט את נסיעתו כדי למנוע ממנו לעוקפו וזאת תוך הסתמכות על ממצאי המומחים ברונשטיין ואתרוג ועל עדויות הנוסעים השונים מדובר בממצא עובדתי שגובש על רקע חומר הראיות בתיק והעדויות השונות שנשמעו בבית המשפט המחוזי והמערער לא הצביע על כל טעם טוב לסטות ממנו מכל מקום מתקשה אני לראות כיצד יש בהילוך טיעון זה כדי לסייע למערער סיכומה של נקודה זו טענותיו של המערער בעניין כשלים שונים בחקירה המשטרתית אינן מגלות עילה להתערבות בקביעות בית המשפט המחוזי הריגה או גרימת מוות ברשלנות 44 לא פעם ובייחוד בנסיבות של עבירות תעבורה דק הוא הגבול בין הריגתו של אדם מתוך מחשבה פלילית מסוג פזיזות ברמה של קלות דעת לבין גרימת מותו של אדם ברשלנות ע""פ 2376 12 הינדאוי נ מדינת ישראל פסקה 21 23 6 2013 להלן עניין הינדאוי עניין זילברמן פסקה 12 ע""פ 3158 00 מגידיש נ מדינת ישראל פ""ד נד 5 80 88 87 2000 להלן עניין מגידיש ההבחנה בין שתי העבירות מבוססת על מודעותו או היעדר מודעותו של הנאשם לאפשרות שמעשיו יביאו לתוצאה הקטלנית עבירה של גרימת מוות ברשלנות עוסקת על פי רוב ""במצב שבו לא התכוון הנאשם ואף לא צפה כי תוצאת מעשיו או מחדליו תהיה קטלנית"" ע""פ 6811 01 אחמד נ מדינת ישראל פ""ד נז 1 26 32 2002 לעומת זאת כאשר עסקינן בעבירת הריגה מבחינת המודעות נדרש כי העושה יהיה מודע לאפשרות התרחשותה של התוצאה הקטלנית עניין מגידיש בעמ 86 כך אף אם לא רצה או קיווה שזו תתרחש אך נטל סיכון בלתי סביר להתרחשותה עניין זילברמן פסקה 13 45 בהיעדר יכולת לבחון כליות ולב תדיר מסיק בית המשפט את קיומה של מודעות כאמור באמצעות הסתמכות על חזקות עובדתיות חזקה אחת גורסת כי אדם מודע למשמעות התנהגותו ולתוצאות הטבעיות שלה לפי חזקה שנייה התנהגות העולה כדי התרשלות רבתי מלמדת על קלות דעת ביחס לתוצאה הצפויה עניין זילברמן פסקאות 14 13 בעניינן של תאונות דרכים נקבע כי במקרים שבהם מתגלה סטייה חמורה מהתנהגות סבירה של נהג יכול ששתי החזקות העובדתיות תשתלבנה לכדי חזקה שלפיה התקיים היסוד הנפשי הנדרש לעבירת ההריגה שם פסקה 14 עניין שטרייזנט בעמ 524 עניין מגידיש בעמ 96 לביקורת על קיומן של החזקות העובדתיות לצורך הוכחת היסוד הנפשי בפלילים ראו עניין הינדאוי פסקה 24 התנהגות המערער ""נהג מן היישוב"" רשלנות או התרשלות רבתי 46 נפתח חלק זה של הדיון בסיכום קצר של הממצאים שנקבעו על ידי בית המשפט המחוזי שלא שינינו מהם בערכאה זו ביחס להתרחשות התאונה המערער בעודו נוהג באוטובוס מלא בנוסעים ובכבודה יצא לעקיפת אוטובוס אחר אוטובוס ואזנה כשהוא נוהג בכביש חד מסלולי ודו סטרי נתיב נסיעה לכל כיוון ללא הפרדה פיזית ביניהם תוואי הכביש הוא הררי הכביש הוא כביש מפותל היורד בשיפוע משמעותי וגובל לעיתים בתהום עמוקה כך גם באזור התאונה בקטע הרלוונטי לתאונה עקומה חדה שמאלה לאחריה ישורת קצרה ומיד לאחריה עקומה ימינה שם אירעה התאונה במהלך הנסיעה ערך המערער מספר ניסיונות לעקוף את אוטובוס ואזנה האחרון שבהם הוא הניסיון המר שסופו בתאונה הקשה שהתרחשה בסמוך לתאונה האיץ המערער בישורת קצרה בת 171 מטר בלבד למהירות של 98 קמ""ש מהירות גבוהה מהמהירות המותרת וכזו שאינה הולמת את תנאי הדרך ואת טיב כלי הרכב המעורבים אוטובוס המערער שאורכו 12 מטר ורוחבו שני מטרים ומחצה התופס כמעט את כל מלוא רוחב הנתיב עמוס נוסעים וכבודה במשקל כולל של כ 19 000 ק""ג ואוטובוס ואזנה שמאפייניו דומים 47 רצף הפעולות האמור מבטא לדעתי התנהגות העולה כדי התרשלות רבתי אכן יש טעם בדברי המערער שלפיהם בעת התרחשות התאונה לא חצה קו הפרדה רצוף או פעל בניגוד לתמרור מזהיר ואף מהירות נסיעתו לא עלתה בהרבה על המהירות המותרת כזכור המערער גרס כי מהירותו הייתה נמוכה מן המהירות המרבית המותרת אלא שמצאנו כי טענה זו דינה להידחות ברם בכך אין כדי לשנות מן המסקנה שאליה הגענו כידוע בנוסף להוראות הנהיגה הפרטניות הנוהגים בדרכים מצווים בחובת נהיגה במהירות סבירה בהתחשב בכל נסיבות ובתנאי הדרך והתנועה בה תקנה 51 לתקנות התעבורה התשכ""א 1961 כל נהג נדרש שלא לבצע עקיפה אלא ""אם הדרך פנויה במרחק מספיק כדי לאפשר לו את ביצוע העקיפה ואת המשכת הנסיעה בבטיחות ללא הפרעה וללא סיכון לנסיעתו של רכב אחר וללא הפרעה אחרת לתנועה מכל כיוון שהוא"" שם תקנה 47 ד בחובות אלו לא עמד המערער כל עיקר עת בעודו נוהג באוטובוס יצא במהירות גבוהה לעקיפת אוטובוס אחר בכביש מפותל שבצדו תהום באופן שאינו עולה בקנה אחד עם תנאי הדרך כתוצאה מכך נכנס המערער שהוא נהג מקצועי הנוהג ברכב ארוך עמוס נוסעים וכבודה המכיר את הדרך היטב לעקומה במהירות גבוהה מהמהירות הקריטית איבד שליטה על האוטובוס והתהפך לתהום כל אלו מקימים את התרשלות המערער שלפנינו והתרשלות זו היא התרשלות רבתי לנסיבות דומות שבהן הורשע מערער בהריגה ראו ע""פ 6670 96 שמריהו נ מדינת ישראל 13 5 1997 48 במקרה שלפנינו לא התרשמתי כי עלה בידי המערער לסתור את החזקה שלפיה התנהגות זו מעידה על קיומו של יסוד נפשי מסוג מודעות למשמעות התנהגותו על הכביש ולכך שזו מקימה סיכון להתרחשות תאונה לרבות התדרדרות לתהום שתגרום לפגיעה בנפש חיזוק למסקנה זו נמצא בהתרשמות העדים השונים אשר תיארו את המערער כמי שנוהג כ""משוגע"" ראו למשל עדותו של נהג המונית פרוטוקול הדיון עמ 87 ש 17 16 עדויות אלו מלמדות כי המערער ביקש לעקוף את אוטובוס וזאנה תוך נטילת סיכון שהיה ברור לסובבים אותו שאינו סביר איני כופר בכך שהמערער קיווה שהתוצאה תמנע אך את שעשה עשה בידיעת הסיכון תוך שהוא מנסה את מזלו ""בתקווה שאיך שהוא ייצא בשלום"" אין זו אם כן התנהגות שבהיסח הדעת זוהי הליכה לקראת הסכנה מדעת ע""פ 419 68 מדינת ישראל נ רפאל פ""ד כב 2 749 754 1968 הליכה שסופה התאונה על תוצאתה הטרגית שוכנעתי אפוא כי בדין הורשע המערער בעבירות הריגה ערעור המערער על גזר הדין וערעור המדינה 49 לאחר ששקלתי בדבר באתי למסקנה שלפיה אין להתערב בעונש שגזרה הערכאה הדיונית על המערער שעיקרו 8 שנות מאסר בפועל אין צריך להכביר מילים על כך ש""גזירת הדין בתיקי תאונות הדרכים שנסתיימו במוות בעבירות הריגה או גרימת מוות היא מן הקשות במטלות השיפוטיות"" ע""פ 62 09 חדש נ מדינת ישראל פסקה י""ג 4 6 2009 מלאכה קשה אמרנו אך בית המשפט אינו פטור ממנה במקרה זה לא השתכנעתי כי העונש שהושת על המערער הוא בגדר טעות בולטת או סטייה ניכרת ממדיניות הענישה הנהוגה בנסיבות דומות המצדיקה התערבות של ערכאת הערעור ראו ע""פ 4394 12 בלום נ מדינת ישראל פסקה 12 15 11 2012 לקולה כבקשת המדינה או לחומרה כבקשת המערער 50 בעבירות הדומות לאלו שבהן הורשע המערער קיים מתחם ענישה רחב והעונשים תלויים רבות בנסיבות המקרה הפרטניות המדינה מבקשת כי נחמיר בעונשו של המערער בדרך של היסק ""קל וחומר"" מהשוואה למקרים אחרים שבהם הושתו עונשים קלים אך במעט מהעונש שהושת על המערער בבית משפט קמא אף שמספר ההרוגים באותם מקרים נפל בהרבה מזה שגרמה התאונה הקשה נושא הליך זה כך המדינה מפנה לעניין בוחבוט שבו נדון המערער לעונש של 6 שנות מאסר בפועל בגין הריגת שני נוסעי רכב בתאונה שהתרחשה בשל נסיעה במהירות מופרזת מהירות המתקרבת ל 110 קמ""ש במקטע דרך שהמהירות בו הוגבלה ל 60 קמ""ש ע""פ 2832 10 בוחבוט נ מדינת ישראל 5 9 2011 להלן עניין בוחבוט כמו כן מפנה המדינה לעניין קוביאקוב שבו נדון המערער לעונש של 7 שנות מאסר בפועל בגין הריגת 4 בני אדם ופציעתם של שלושה נוספים בתאונה שהתרחשה בשל עקיפה שבוצעה תוך חציית קו הפרדה רצוף במהירות גבוהה בהרבה מהמותר באותו מקטע דרך ותוך אובדן שליטה על כלי הרכב ע""פ 8266 06 קוביאקוב נ מדינת ישראל 6 11 2011 להלן עניין קוביאקוב לעומת מקרים אלה עיון בפסיקה הנוהגת מעלה כי בנסיבות הדומות לנסיבות התאונה שלפנינו נוהג רף ענישה נמוך יותר בע""פ 5167 05 מג דוב נ מדינת ישראל 10 10 2005 נדון ל 30 חודשי מאסר בפועל נהג משאית שנהג ב""זיג זג"" לשם מניעת עקיפתו בידי רכב אחר ואגב נסיעה פרועה זו הרג רוכבת אופניים שרכבה בשול הדרך ופצע רוכבת אחרת בע""פ 7461 03 דסוקה נ מדינת ישראל 11 12 2003 נדחה ערעור על עונש מאסר בפועל של 22 חודשים שהושת על נהג רכב מסחרי שבמהלך ביצוע עקיפה עבר למסלול הנסיעה הנגדי התנגש ברכב שנסע מולו וכתוצאה מכך גרם למותו של הנוסע באותו רכב ולחבלות לנוסעים בשני כלי הרכב בעניין זילברמן הנזכר לעיל נדחה ערעור על עונש בן 42 חודשי מאסר בפועל שהושת על נהג שביצע עקיפה בצומת ניסה להימנע מהתנגשות ברכב שנסע מולו איבד שליטה ברכב התנגש במעקה בטיחות וכתוצאה מהתנגשות זו הרג נוסע ברכב שבו נהג בעניין שמריהו נקבע עונש של 4 שנות מאסר בפועל לנהג אוטובוס שהורשע בהריגה לאחר שנהג במהירות מופרזת ואיבד שליטה על האוטובוס בעת נסיעה בדרך הררית ומפותלת כתוצאה מכך התדרדר האוטובוס לוואדי סמוך 8 מנוסעי האוטובוס נהרגו ו 10 אחרים נפצעו באורח קשה גם בנסיבות אחרות לעיתים חמורות מבחינת התנהגות הנאשם מנסיבות המקרה שלפנינו הושתו עונשי מאסר בפועל קלים מזה שגזר בית משפט קמא כך למשל בע""פ 570 07 בן הרוש נ מדינת ישראל 7 5 2007 נדון נהג שחצה קו הפרדה רצוף לשם ביצוע עקיפה וכתוצאה מכך התנגש ברכב שנסע בכיוון הנסיעה הנגדי הרג שתיים מנוסעות אותו הרכב ופצע 4 נוסעים נוספים ל 45 חודשי מאסר בפועל 51 לעומת זאת במקרים שבהם עמדה התנהלות הנאשם ברף המחמיר של עבירות הריגה כגון במקרים של נהיגה בשכרות או חציית רמזור אדום הושתו עונשים חמורים יותר ראו למשל ע""פ 8748 08 ברכה נ מדינת ישראל 10 10 2011 להלן עניין ברכה שבו נגזרו 16 שנות מאסר בפועל על מי שהרג 6 בני אדם לאחר שנסע במהירות 171 קמ""ש תחת השפעת אלכוהול וסמים ע""פ 7332 11 עטאללה נ מדינת ישראל 6 10 2013 שם נדון מי שהרג 4 בני אדם לאחר שנסע במהירות מופרזת תחת השפעת אלכוהול וללא רישיון נהיגה בתוקף ל 14 שנות מאסר בפועל בסקירה תמציתית זו אין כמובן כדי למצות את מדיניות הענישה הנוהגת בעבירות מסוג זה 52 בבואו לגזור את הדין במקרה זה שיווה בית המשפט נגד עיניו את שיקולי הענישה השונים ואיזן ביניהם כפי שקורה תדיר בעבירות הקשורות בתאונת דרכים גם בפרשה דנן המערער שלפנינו הוא אדם המנהל אורח חיים נורמטיבי שטען לפנינו ואיני מפקפק בכך כי התאונה הסבה לו עצמו סבל רב התסקיר המשלים שהגיש לעיוננו שירות המבחן מלמד אף הוא על הקושי הרב שחווה המערער מאז התאונה למול זאת שקל בית המשפט המחוזי שיקולי גמול והרתעה את ריבוי הקורבנות שגבתה התאונה ואת ההכרח להילחם בנגע תאונות הדרכים ולהרתיע מפני אי הקפדה על חוקי התנועה עוד הובאה בחשבון העובדה שמדובר בנהג רכב ציבורי האחראי לחייהם של עשרות נוסעים שהפקידו חייהם בידיו בכך צעד בית המשפט המחוזי ברוח פסיקתו של בית משפט זה ראו למשל ע""פ 2247 10 ימיני נ מדינת ישראל פסקה 76 12 1 2011 עניין ברכה פסקה 33 עניין שמריהו 53 אין לכחד מקרה זה מעורר קושי מיוחד בגזירת הדין וזאת נוכח הפער המתגלה בין חומרת התנהגות המערער המצויה לטעמי ברף הנמוך של עבירות ההריגה לבין תוצאתה הקטלנית של התאונה שאין למצוא דומות לה קטילת החיים הרבים שהביאה אתה התאונה היינו מספרם הגבוה והחריג של הקורבנות בנפש ובגוף מהווה כמובן שיקול של ממש להחמרה בענישה שהרי ""כל אדם הוא עולם מלא"" עניין ברכה פסקה 32 אלא ששיקול זה אינו ניצב לבדו ולמולו יש לשקול את התנהגות המערער מבחינה ערכית נורמטיבית כאמור מעלה אין מדובר במקרה של נהיגה בשכרות או תחת השפעת סמים בנסיעה פרועה שבה נחצה רמזור אדום או קו הפרדה רצוף או בנהיגה תחת עונש פסילה אף שראינו לסווג את מעשי המערער כעולים כדי עבירות הריגה אין מדובר כפי שצוין בהתנהלות המצויה ברף הגבוה של עבירות אלו בהינתן המורכבות המיוחדת של פרשה זו לא מצאנו כי תוצאת האיזון שאותו ערך בית המשפט המחוזי סוטה ממדיניות הענישה המקובלת במידה המצדיקה התערבות ערכאת הערעור סוף דבר 54 על רקע האמור אציע לחבריי כי נדחה את "
HUGGINGFACE-3e45cc20405b,2026-05-26T07:21:27+03:00,manual_review_acquittal,conviction_reversed_or_acquittal,והוא מיהר להגיב יתר על המידה כמי שאומן לכך במסגרת שירותו במשטרה בנקודה זו נכנס לתמונה הספק הסביר וכאמור על מנת ליהנות מהסייג של הגנה עצמית די בספק זה כדי לזכות את ניר 13 סוף דבר שאני מצטרף לפסק דינו של חברי השופט נ סולברג כי בסיפור המעשה הטרגי שנגול בפנינו יש לזכות את המערער מחמת הספק ש ו פ ט השופטת ע ברון דעתי היא כדעתם של חבריי כי יש לזכות את המערער בגין הסייג של הגנה עצמית ומחמת הספק מעבירת ההריגה שבה הורשע ולהורות על שחרורו ממאסר הסיפור שהיטיב לגולל חברי השופט נ סולברג הוא סיפורה של אהבה נכזבת שהתפתחה לכדי קנאה עזה ואובססיה עד שלמרבה הצער העבירה את הקורבן להלן בן על דעתו לא סתם אהבה נכזבת אלא כ
HUGGINGFACE-f1d8acf054f4,2026-05-26T07:21:27+03:00,manual_review_sentence_relief,sentence_relief_only,"בצעת העבירה כמו כן נסיבה נוספת לקולה הינה ההיסטוריה שהתקיימה בין המערער לבין המנוח שכללה מסכת של אלימות איומים סחיטה והתעללות מינית אשר הובילו למצוקה נפשית של המערער ובסופו של דבר לביצוע העבירה שיקול אחרון זה הוא שהוביל את בית המשפט המחוזי הנכבד בהסכמת המשיבה להפחית בעונשו של המערער לפי סעיף 300א 3 ל חוק העונשין לאחר שהורשע ברצח ונדמה כי ראוי לתת לו משקל משמעותי גם בבואנו לגזור את דינו של לאחר הרשעתו בעבירת הריגה 116 באשר ליכולתו של המערער להימנע מהמעשה בית המשפט המחוזי הנכבד סבר כי מדובר בשיקול לחומרה משום שהמערער היה יכול ""לנתק מגע"" מ המנוח בשלוש הזדמנויות שונות ב ליל האירוע אך נמנע מכך כן עמדה בפני המערער האפשרות לפנות למשטרה עובר ל ליל האירוע לאור ההתעמרות הפלילית שביצע בו המנוח שיקולים אלה הם לגיטימיים בעיני במסגרת גזירת הדין ואולם יש לתת להם פה משקל נמוך בנסיבות וזאת לנוכח אופיו הכנוע של המערער והקושי הטבעי של נפגעי עבירות מין לפנות לגורמים מסייעים 117 בנוגע ליכולת הנאשם להבין את הפסול במעשיו יסוד זה הוא ששימש אותי בהכרעה בשאלת הקנטור ומשכך אינני רואה לנכון להביא אותו בחשבון גם כאן 118 הנה כי כן לאחר שקלול מכלול הנסיבות והשיקולים שהובאו לעיל הנני סבור כי מתחם הענישה ההולם בנסיבות העניין הינו בין 10 לבין 15 שנות מאסר בפועל בהיעדר שיקולי שיקום והגנה על שלום הציבור בענייננו סעיפים 40ג ב 40ד ו 40ה ל חוק העונשין אינני רואה טעם לחרוג ממתחם הענישה האמור ועל כן יש לקבוע במסגרת השלב השלישי את עונשו של המערער בתוך מתחם הענישה 119 בעניין זה נחה דעתי כי בית המשפט המחוזי עמד היטב על הנסיבות שאינן קשורות בביצוע העבירה כגון חוסר עבר פלילי למערער שיתוף הפעולה שלו עם רשויות החוק הודאתו במעשה אופיו החיובי מצבו הרפואי ונסיבות חייו בית המשפט הנכבד הגיע למסקנה כי לנוכח השיקולים הנ""ל יש להעמיד את עונשו של המערער בתוך מתחם הענישה ומסקנה זו מקובלת גם עלי השוו לעונש המוצא שנקבע על פי ההנחיות האנגליות לקנטור בדרגה נמוכה בהתאם לזאת נראה כי יש להעמיד את עונשו של המערער על 12 שנות מאסר בפועל בניכוי ימי מעצרו וזאת בנוסף לעונש המאסר על תנאי שנקבע על ידי בית המשפט המחוזי הנכבד 120 לנוכח כל האמור לעיל אציע לחבריי כי נקבל את ערעורו של המערער במובן זה שנזכה אותו מעבירת הרצח אך נרשיע אותו בעבירת הריגה לפי סעיף 298 ל חוק העונשין כמו כן אציע שנקצר את תקופת עונש המאסר לריצוי בפועל שנגזר על המערער כך שהיא תעמוד על 12 שנות מאסר בניכוי ימי מעצרו וזאת מבלי לשנות מעונש המאסר על תנאי שהושת על המערער על ידי בית המשפט המחוזי הנכבד 121 אחרי הדברים האלה באו בפני חוות הדעת של חברי השופט א שהם ושל חברתי השופטת ד ברק ארז והנני מצטרף בהסכמה לאמור בהערותיהם המחכימות ש ו פ ט השופט א שהם אני מצטרף בהסכמה לחוות דעתו המקיפה והיסודית של חברי השופט ח מלצר ולתוצאה העונשית אליה הגיע אף אני סבור כי לא עומדת למערער אחת ההגנות המקימות סייג לאחריות פלילית קרי הגנה עצמית הגנת בית מגורים והגנה עצמית מדומה והכל כפי שהובהר בהרחבה על ידי חברי אשר ליסודות עבירת הרצח בכוונה תחילה מקובל עליי כי הוכח במקרה דנן "" קנטור מתמשך "" וניתן לומר כי בנסיבות העניין נתקיימה דרישת הקנטור הסובייקטיבי והאובייקטיבי בהתייחס לקנטור הסובייקטיבי המדובר בתקופה ארוכה של התעמרות מצידו של המנוח כלפי המערער אשר כללה מסכת של אירועי אלימות איומים באלימות לרבות איומים על חייו של המערער סחיטה כספית והתעללות מינית שכללה שני מעשה סדום בנסיבות אלה גרירתו של המערער לסמטה והוצאת איבר מינו של המנוח גם אם לצורכי הטלת מימיו כאשר קודם לכן ביקש המנוח לסחוט מהמערער 1000 לכל אלה היתה השפעה של מעין "" טריגר "" שגרם למערער לאבד את עשתונותיו ולהמית את המנוח בכך שונה מקרה זה מהאירוע שתואר בפסק דיני בע""פ 7707 14 לחאם נ מדינת ישראל 29 7 2015 שאוזכר על ידי חברי בפיסקה 72 לחוות דעתו באותו מקרה ביקש המערער להיפרע מהמנוח בגין אונס של אחותו מספר שנים קודם לכן ועל כן עצם העובדה שהוא הבחין בו כשהוא הולך לכיוון בית משפחתו אינה יכולה לבסס את טענת הקנטור אשר לקנטור האובייקטיבי מקובלים עליי דברי חברי כי בחינת קנטור זה תעשה על פי מבחן האדם מן היישוב אך מבלי להתעלם מההיסטוריה שקדמה למעשה ההמתה דברים אלה נכונים כמובן כאשר מדובר ב"" קנטור מתמשך "" כבענייננו שאחרת לא ניתן יהיה להכיר בסוג זה של קנטור באופן זה דרישת הקנטור האובייקטיבי תתמצה בכך שעליה לעבור את משוכת ה"" אדם מן היישוב "" בהינתן ההיסטוריה ועברם המשותף של הממית וקורבן העבירה ככל שהם רלבנטיים לאירוע המתואר בכתב האישום על פי מבחן זה המערער צולח גם את דרישת הקנטור האובייקטיבי כך שיש להרשיעו בהריגה ולא ברצח בכוונה תחילה גם העונש המוצע על ידי חברי הכולל 12 שנות מאסר לריצוי בפועל הינו ראוי ומאוזן בנסיבות העניין וגם לכך הנני רואה להצטרף ש ו פ ט השופטת ד ברק ארז 1 אני מסכימה עם פסק דינו המקיף של חברי השופט ח מלצר 2 זהו אחד מאותם מקרים שבהם המשפט אינו יכול להכיל את מלוא מורכבותם של החיים ושל הצער האנושי כמו כן זהו מקרה שמחייב איזון בין ההתחשבות במצוקת הפרט לבין שיקולי צדק כלל חברתיים ובכלל זה השמירה על קדושת חייו של כל אדם גם מי שפשע והחשש מפני מתן הכשר לעשיית דין עצמית ולנקמה 3 יונתן היילו ימר המערער נפל קורבן להתעללות מינית ואף סבל מחיים של חולי ומצוקה אשר הקשו עליו לקבל עזרה ב""זמן אמת"" על דרך פנייה לרשויות או למעגלי תמיכה אחרים עם זאת יונתן היילו ימר גם נטל את חייו של אדם אחר ולא בנסיבות של הגנה עצמית אף אם עשה זאת בהשפעה של מצוקה וסבל 4 אני מסכימה עם חברי השופט מלצר כי בנסיבות העניין לא הונח בסיס עובדתי לטענת ההגנה העצמית ואף לא לטענה של הגנה עצמית מדומה כל אימת שעומדת לאדם שמותקף אפשרות נסיגה יש להעדיף אפשרות זו במקרה שבפנינו בשונה מאשר בחלק ממקרי האלימות המתרחשים בתוך בית המשפחה החלופה של עזיבת המקום הייתה אפשרית ומתבקשת 5 גם כאשר מדובר בקורבנות עבירה כדוגמת יונתן היילו ימר אם חברה חפצת חיים אנחנו לא נוכל להשלים עם מתן לגיטימציה למעשי אלימות של קורבנות עבירה ולא כל שכן מעשי אלימות שתוצאתם קטלנית בגדרו של סייג ההגנה העצמית אלא כאשר התקיימה הגנה עצמית במובנה הפשוט והמיידי הגנה עצמית היא הצדק המכיר בלגיטימיות המלאה של פעולה שנעשתה להצלת הגוף והנפש לעתים יכולים לחסות בצילה גם מי שטעו לחשוב באופן סביר כי היו שרויים בסכנה אולם לא ניתן להשלים עם פעולה קטלנית שבבירור לא הייתה נחוצה לשמירה על חיים אכן לעתים אין מקום ""לדקדק"" עם מי שהותקף לגבי המשקלות המדויקים של היקף השימוש בכוח ולא כל שכן של מי שכוחם הפיזי חלש מזה של תוקפם ראו דפנה ברק ארז ""האשה הסבירה"" פלילים ו 115 1998 אולם גם גישה זו של ""אין מדקדקין"" ודאי אינה יכולה להקנות סייג מלא מאחריות פלילית במקרה של שימוש בכוח כלפי מי שמוטל חסר ישע תהא אשמתו המקורית גדולה ככל שתהא 6 משהגענו למסקנה כי יש מקום להרשיע את המערער הדיון התמקד בשאלה מהי העבירה שבה ראוי להרשיעו ומה צריכה להיות חומרת עונשו במצב המשפטי הנוהג היום קיימים שני נתיבים שעשויים להוביל להקלה בעונשם של מי שנטלו חייו של אדם על רקע של התעללות נמשכת קבלתה של טענת קינטור או קבלת טענה של ענישה מופחתת לפי סעיף 300א לחוק העונשין התשל""ז 1977 להלן חוק העונשין שחל בין השאר ""כשהנאשם היה נתון במצב של מצוקה נפשית קשה עקב התעללות חמורה ומתמשכת בו או בבן משפחתו בידי מי שהנאשם גרם למותו"" לצד הדמיון בין שני הנתיבים במובן זה ששניהם מובילים להקלה בעונשו של הנאשם קיים ביניהם שוני משמעותי בכל הנוגע לאחריותו הפלילית קבלתה של טענת הקינטור מובילה להפחתת ההרשעה מרצח להריגה וכתוצאה מכך אף מאפשרת לבית המשפט להקל את עונשו של הנאשם במסגרת שיקול הדעת המסור לו בקביעת העונש בגין עבירת ההריגה לעומת זאת טענה של ענישה מופחתת לפי סעיף 300א לחוק העונשין אמנם מאפשרת להקל בעונש אך מותירה את ההרשעה בעבירת הרצח על כנה 7 בית המשפט המחוזי ביסס את פסק דינו על סעיף 300א לחוק העונשין לעומת זאת חברי השופט מלצר קבע כי בנסיבות העניין יש לקבל את טענת הקינטור שהעלה המערער ולפיכך להסתפק בהרשעתו בעבירת ההריגה חלף ההרשעה בעבירת הרצח לקביעה זו יש משמעות משפטית מוסרית וחברתית ועל כן אני מבקשת להתייחס אף אליה גם אם במישור המעשי ניתן היה כנראה להגיע לאותה תוצאה עונשית בגדרו של סעיף 300א לחוק העונשין 8 חברי השופט מלצר מסביר כי בנסיבות העניין יש לקבל את טענת הקינטור של המערער במסגרת פיתוח הדוקטרינה של ""קינטור מתמשך"" שזכתה להכרה בפסיקתו של בית המשפט זה זו אינה הכרעה טריוויאלית אכן במישור העקרוני נכון להכיר בטענה של קינטור מתמשך ככל ששיטת המשפט שלנו מכירה בעיקרון של קינטור במסגרת המבנה הנוכחי של עבירת הרצח עם זאת יישומה של טענת הקינטור כרוך תמיד בחשש שמא היא תתפרש כמתן הכשר עקיף לנטילת חיים בשל התלהטות יצרים מאחר שבית המשפט נדרש להכריע בין השאר בשאלה האם ה""אדם הסביר"" היה נכשל בנטילת חייו של המנוח באותן נסיבות 9 חקיקתו של סעיף 300א לחוק העונשין הייתה מאוחרת לפסק הדין המכונן בעניינה של כרמלה בוחבוט ע""פ 6353 94 בוחבוט נ מדינת ישראל פ""ד מט 3 647 1995 ש""הציף"" באופן הברור ביותר את הבעיה של קורבן התעללות נמשכת שנוטל את חייו של המתעלל בו לכאורה הסעיף נועד לתת מענה למקרים מסוג זה אולם הבחירה בפתרון של ענישה מופחתת בלבד לפיו מי שסבל מהתעללות וכתוצאה מכך נטל את חייו של הפוגע בו יתויג כ""רוצח"" הותירה על מכונה את השאלה באלו נסיבות ראוי בכל זאת לראות במי ש""הרג"" ולא מי ש""רצח"" על יסוד טענת הקינטור על כל הקושי הכרוך בכך לא למותר לציין בהקשר זה כי הצעת החוק שהולידה את תיקון החוק כוונה תחילה להפחתת האחריות מרצח להריגה וזאת בשונה מנוסח החוק כפי שהתקבל בסופו של דבר ראו הצעת חוק העונשין תיקון מס 41 אחריות מופחתת התשנ""ה 1995 חוק העונשין תיקון מס 44 התשנ""ה 1995 10 נקודת מוצא למענה על השאלה נמצאת בכך שסעיף 300א לחוק העונשין מתמקד רק במצוקתו של מבצע העבירה על רקע התעללות נמשכת מצד המנוח הוא אינו מתייחס לכל מעשה נוסף מצדו של המנוח ששימש ""זרז"" או ""מעורר"" להמתתו לעומת זאת הטענה של קינטור מתמשך עוסקת בשילוב שבין מעשה שאירע בסמוך לאירוע המתה לבין רקע של התעללות נמשכת במובן זה החפיפה בין המצבים אינה מלאה על מנת שתתקבל טענה של קינטור מתמשך יש להוסיף ולבחון לאחר שהוכחה התעללות ממושכת האם ההתנהגות הסמוכה לאירוע ההמתה הייתה רצינית דייה כדי לשמש בסיס לטענה זו על רקע העבר ההכרעה בעניין זה היא בהכרח הקשרית ונקודתית 11 חברי השופט מלצר סבור כי במכלול הנסיבות המיוחדות של המקרה שבו עובר לתקיפתו של המנוח הוא איים על המערער והשפילו וזאת על רקע שני אירועים של תקיפה מינית בשבועות הסמוכים יש מקום לקבל את טענת הקינטור המתמשך לאחר התלבטות הצטרפתי למסקנה זו אולם אני מבקשת להדגיש כי עשיתי כן בהתייחס לנסיבות ולעובדות שהוכחו במקרה זה היותו של אדם קורבן להתעללות נמשכת אינו אמור לשמש כשלעצמו בסיס לקבלתה של טענת קינטור במקרים אחרים שבהם לא יתקיימו יסודות הקינטור יוכלו קורבנות שסבלו מהתעללות נמשכת והמיתו את הפוגע לזכות בהקלה במסגרת סעיף 300א לחוק העונשין המבוסס על ההנחה שאכן בוצע ""רצח"" ויחד עם זאת מבטא עמדה של הבנה למצוקתו של הקורבן שהפך לפוגע במתכונת של ענישה מופחתת 12 ההתחשבות במצוקת הקורבן שהפך לפוגע בגדרו של סעיף 300א אף אינה מחייבת לדון בשאלות של ""סבירות"" כמו בהקשרה של טענת הקינטור על כל הקשיים הכרוכים בהן ועל המורכבות הנובעת מהשוני הקיים בין בני אדם ומנסיבותיהם האישיות השונות ראו והשוו דנ""פ 1042 04 ביטון נ מדינת ישראל פ""ד סא 3 646 718 713 723 720 2006 אוסיף ואומר שאני מסכימה כי את אמת המידה של ""האדם הסביר"" יש להפעיל באופן הקשרי כמפורט במאמרי הנזכר לעיל עם זאת כמו חברי אני סבורה שטוב נעשה אם נימנע מהגדרתה של אמת מידה של ""קורבן האונס הסביר"" כפי שביקש בא כוחו של המערער לעשות אינני סבורה שיש מקום להגדיר מיהו ""קורבן אונס סביר"" ואף לא לקבוע ""סטנדרטים"" להתנהגותו של קורבן קונקרטיזציה של הסבירות כן קטגוריזציה נוקשה היוצרת ""תבניות"" ו""מודלים"" להתנהגות במתכונת של ""קורבן האונס הסביר"" לא 13 ניתן להוסיף כי הצעת הרפורמה בעבירות ההמתה בנוסח האחרון שבו פורסמה הצעת חוק העונשין תיקון מס 124 עבירות המתה התשע""ה 2015 מכוונת לכך שהמתה בנסיבות של קנטור והמתה על רקע של התעללות שעליה חל כיום סעיף 300א לחוק העונשין ייחשבו שתיהן כהמתה בנסיבות של אחריות מופחתת באותה דרגה אם תתקבל הצעה זו לא תהיה עוד משמעות מעשית לדיון בטענה של קינטור מתמשך בנסיבות של התעללות נמשכת על פי המוסבר לעיל דומה שהיבט זה של הרפורמה אם יתקבל צפוי להקל על ההתדיינות בנושא וחשוב אף יותר ישקף נכונה את ההתחשבות בקורבנות עבירה שסבלו מהתעללות מבלי להידרש לשאלות של רף תגובה במסגרת דיני הקינטור 14 בבואנו ליישם את העקרונות שהותוו בפסיקה לגבי קציבת עונשו של אדם שהורשע בהריגה בנסיבות מסוג זה היה עלינו לפסוע במשעול הצר שבין מתן משקל מלא לנסיבותיו האישיות ולמצוקתו הקשה של המערער לבין הערך של שמירה על חיי אדם והשלילה המוחלטת של עשיית דין עצמית אני סבורה שחרף הקושי הכרוך בהטלת עונש שאינו קל על המערער פסק דינו של חברי איזן נכונה בין שיקולים אלה 15 במבט רחב יותר אציין כי במהלך הדיון בפנינו חזרה ונשמעה הטענה כי המערער היה בודד במצוקתו לא פנה לסיוען של הרשויות לאחר הפגיעות בו וממילא גם לא קיבל מהן כל הגנה על רקע זה ומעבר להכרעה במקרה שבפנינו אני מוצאת לנכון להוסיף כי המציאות שבה קורבנות עבירה מוצאים"
HUGGINGFACE-f87a0d3e1c72,2026-05-26T07:21:27+03:00,manual_review_sentence_relief,sentence_relief_only,"וא הנזקים שנגרמו לקורבן העבירה ובני משפחתו ראו סעיף 88 לחוק העונשין עניין גליקסמן בעמ 819 רע""פ 228 05 יאגודייב נ מדינת ישראל פ""ד נט 4 518 524 2005 יורם רבין יניב ואקי דיני עונשין כרך ג 1880 ו 1884 מהדורה שלישית 2014 יפעת ביטון ""בין נזיקין לעונשין או בין הנזק ועונשו דילמות מבניות דיוניות ותפקודיות בייצוג נפגעות תקיפה מינית"" עיוני משפט 657 668 667 2015 להלן ביטון 21 תפיסה דומה לפיה הפיצויים הנפסקים במסגרת ההליך הפלילי או באופן ש""נספח"" להליך הפלילי אינם מיועדים לשמש תחליף מלא לנקיטת הליך אזרחי במקרים המתאימים נוהגת ביחס להסדר שמעוגן בסעיף 80 לחוק העונשין הסדר זה נסב על פסיקת פיצוי למי שהוגש נגדו כתב אישום בנסיבות שבהן ""לא היה יסוד להאשמה"" או כאשר קיימות ""נסיבות אחרות המצדיקות זאת"" הפיצוי במסגרת סעיף 80 לחוק העונשין מוגבל לסכומי המקסימום הקבועים בתקנות עם זאת דרכו של הנפגע מניהולו של הליך משפטי משולל יסוד עדיין פתוחה להגיש תביעת פיצויים שבה יוכיח את מלוא נזקו ראו למשל ע""א 4584 10 מדינת ישראל נ שובר 4 12 2012 22 אם כן תכליתו של ההסדר הקבוע בסעיף 77 לחוק העונשין לשמש בסיס לפיצוי בעל אופי ראשוני תומך אף הוא בשמירה על התקרה הקבועה בו הרחבת יתר של האפשרות לפסוק פיצויים על דרך האומדן תחרוג מעבר לתכליתו של ההסדר 23 הדברים האמורים כאן אינם גורעים מן ההכרה בכך שלא תמיד יתקיים הליך אזרחי של תביעת פיצויים בהמשך להליך הפלילי ואף אין בהם כדי לגרוע מן החשיבות הנודעת לשימוש בסמכות הקבועה בסעיף 77 לחוק העונשין ראשית יש מקרים שבהם סכום הפיצוי שייפסק בהליך הפלילי לא יחייב נקיטת הליך הנוסף הדברים נכונים במיוחד מקום בו שיעור הנזק שנגרם לנפגעי העבירה הוא קטן יחסית שאז הם עשויים להסתפק בפיצוי שנפסק להם בהליך הפלילי וראו לעניין זה האמור בפסקה י""ד לחוות דעתו של חברי המשנה לנשיאה שנית גביית הפיצוי שנפסק בהליך הפלילי אמנם אינה מובטחת ותלויה ביכולתו הכלכלית של האדם שהורשע אך מקבלת סיוע מן המרכז לגביית קנסות שלישית לעתים נפגעי העבירה נתקלים בקשיים שונים ובהם קשיים רגשיים ונפשיים לנקוט בהליך אזרחי במקרה כזה סעיף 77 לחוק העונשין נותן מענה מסוים לקושי של חלק מן הקורבנות להתייצב מול העבריין וליזום בעצמם הליך של תביעת פיצויים על כל הכרוך בכך ראו גם ביטון בעמ 680 כפי שציינתי במקום אחר מתוך הכרה בקושי המיוחד מבחינתם של חלק מן הקורבנות לעמוד על פיצוי גם כאשר נגרמו להם נזקים גדולים מסורה לבית המשפט הדן בתיק הפלילי הסמכות להורות על פסיקת פיצויים מכוח סעיף 77 לחוק העונשין גם ביוזמתו ראו ע""פ 5834 13 פלוני נ מדינת ישראל פסקאות 42 40 20 11 2014 אולם גם אפשרות זו שפתוחה בפניו של בית המשפט צריכה להיות כפופה לתקרה הקבועה דין 24 אכן פרשנות רחבה של סעיף 77 לחוק העונשין שתצמצם את מידת ההגבלה הנובעת מתקרת הפיצוי הקבועה בסעיף צפויה להקטין ככל הנראה את הטרחה הכרוכה בפנייה להליך האזרחי מבחינת קורבנות העבירה אולם יש לזכור כי למעשה גם פרשנות רחבה של ההוראה שעניינה תקרת הפיצוי לא תבטל את הצורך לפנות להליכים אזרחיים במקרים שבהם נגרמו לנפגעי העבירה נזקים בהיקף כספי גדול דווקא משום כך דומה שראוי להוסיף ולהקפיד על העקרונות הדיוניים בכל הנוגע לפסיקת פיצויים מהלכה למעשה מהן ההשלכות המעשיות של הגישה המוצעת 25 בשלב זה אני מבקשת להראות כי מעבר לכך שהגישה המוצעת על ידי עולה בקנה אחד עם עקרונות היסוד של המשפט האזרחי היא אף לא מעוררת קשיים משמעותיים בכל הנוגע להגנה על זכויותיהם של נפגעי עבירה בהקשר זה נעמוד על שני היבטים מעשיים יישום הגישה במקרה של אירוע רב נפגעים סוגיה שאליה מתייחס חברי המשנה לנשיאה ויישומה במקרה של ניהול הליך אזרחי לאחר שהסתיים ההליך הפלילי 26 יישום התקרה וההבחנה בין מספר ניזוקים לבין מספר קרובים של ניזוק אחד חברי מביא את הדוגמה הבאה ""נחשוב על מקרה של מי שירה לתוך קהל והרג ופצע מספר אנשים היצומצם הפיצוי המושת עליו לתקרה של נפגע אחד "" אינני סבורה כי הנידון דומה לראיה במקרה שיש בו יותר מניזוק ישיר אחד תחול התקרה ביחס לכל אחד ואחת מן הנפגעים וסכום הפיצויים לא יחולק בין כמה נפגעים או בין קרוביהם של כמה נפגעים לכן קיימת בהחלט אפשרות של פסיקת פיצויים באופן שהלכה למעשה חורג מסכום התקרה בהתייחס למבצע העבירה כאשר קיים יותר מניזוק ישיר אחד יחד עם זאת כפי שצוין לעיל סעיף 77 לחוק העונשין ביקש שלא להפוך את ההליך הפלילי לתחליף כמעט מלא לתביעת פיצויים שבה ייבחנו כלל נזקיהם של קרובי הניזוק הישיר מן העבירה נזקים אלה הם ממשיים אך ההליך הפלילי אינו מתאים להתמודדות מלאה עמם 27 יישום התקרה וההסדרים הדיוניים המיוחדים ביחס לתביעת פיצויים מלאה בהליך האזרחי כאמור אף אני סבורה שתביעת פיצויים המכוונת לתיקון ולו חלקי של הנזקים שגרמו מעשי עבירה היא מהלך נכון וחשוב אמנם לא אחת מתן מענה מלא לנזק שנגרם כרוך בהגשת תביעה נוספת אך קיימים הסדרים סטטוטוריים המבטיחים כי במקרה שבו קיים פסק דין מרשיע בהליך פלילי נקיטת הליך אזרחי בעקבותיו לא תהא מכבידה במיוחד מבחינתם של נפגעי העבירה לאמיתו של דבר נפגעי העבירה אינם נדרשים לנהל את התביעה מראשיתה אלא בעיקר להוכיח את גובה הנזק שנגרם להם כך לפי סעיף 42א לפקודת הראיות נוסח חדש התשל""א 1971 להלן פקודת הראיות נפגע העבירה רשאי לעשות שימוש בממצאים ובמסקנות של פסק דין מרשיע במשפט פלילי כראיה לכאורה בתביעה אזרחית נגד הנאשם וראו גם סעיף 42ג לפקודת הראיות לעניין האפשרות לסתור ראיה זו מעבר לכך סעיף 77 לחוק בתי המשפט נוסח משולב התשמ""ד 1984 מאפשר בתנאים מסוימים שנקבעו בו למי שהגיש תביעה אזרחית הנסבה על העובדות של פסק דין מרשיע לבקש מבית המשפט שדן בהליך הפלילי לדון גם בתביע ה האזרחית הנגררת ראו גם תקנה 17 לתקנות סדר הדין האזרחי התשמ""ד 1984 ביטון בעמ 668 667 במקרה שבית המשפט ידון בתביעה האזרחית יראו את הממצאים והמסקנות שנקבעו במשפט הפלילי ""כאילו נקבעו במשפט אזרחי"" סעיף 42ד לפקודת הראיות היבטים השוואתיים על שיטות שונות לפיצוי של נפגעי עבירה 28 פרספקטיבה מועילה נוספת להבנת תפקידה של תקרת הפיצויים שנקבעה בסעיף 77 לחוק העונשין היא זו של המשפט ההשוואתי מפרספקטיבה זו ניתן ללמוד כי אף אם קיימת נכונות לחרוג מעקרונות הפיצוי האזרחיים הדרך לעשות כן אינה חייבת לעבור בהליך הפלילי של מי שהורשע בגרימת העבירה ככלל עיון בהתמודדותן של שיטות משפט אחרות עם הצורך לפצות נפגעי עבירה מלמד כי קיימים שני ערוצים עיקריים לעשות כן לצדו של ההליך אזרחי פיצוי המושת על העבריין במסגרת משפטו הפלילי ופיצוי סטטוטורי הניתן על ידי המדינה על בסיס סוציאלי שני מסלולים אלה הם שונים בעיקרם הפיצוי המושת על העבריין מבטא גם התחשבות בנסיבותיו של האדם שהורשע ולכן בקביעתו ניתן להתחשב בין השאר ביכולתו הכלכלית בניגוד למקובל במשפטנו בכל מקרה גבייתו של הפיצוי מותנית באפשרות להיפרע מן העבריין המורשע לעומת זאת פיצוי ""סוציאלי"" לנפגעי עבירה ניתן מקופת הציבור ומוענק לפי קריטריונים סטטוטוריים שאינם מחויבים לעקרונות דיני הנזיקין להרחבה ראו אריה ל מילר ""הצעה להבטחת פיצויים לנפגעים מפשע"" משפטים יא 467 1981 29 העיקרון של פיצוי לנפגעי עבירה מקופת הציבור הוכר כבר בהחלטה שהתקבלה בעצרת הכללית של האו""ם בשנת 1985 Declaration of Basic Principles of Justice for Victims of Crime and Abuse of Power A RES 40 34 29 November 1985 בסעיפים 13 12 שלה מדינות אירופה אף קיבלו על עצמן מחויבות כזו במסגרת אמנה מיוחדת European Convention on the Compensation of Victims of Violent Crimes שנכנסה לתוקף בשנת 1988 בשנת 2004 אף התקבלה דירקטיבה בנושא במועצת האיחוד האירופי Council Directive 1004 80 EC of 29 April 2004 relating to compensation of crime victims 30 המשפט האנגלי שבמידה רבה ""הוליד"" את דיני העונשין של ישראל ובכלל זה את סעיף 77 לחוק העונשין מכיר אף הוא כיום באפשרות של נפגעי עבירה לתבוע מהמדינה פיצוי סטטוטורי בגין נזקיהם וזאת מכוח Criminal Injuries Compensation Act 1995 בתנאים הקבועים בו לצדו של הסדר זה קיימת האפשרות להשית על העבריין שהורשע חיוב בתשלום פיצויים לפי הוראותיו של Powers of Criminal Courts Sentencing Act 2000 sections 130 133 31 בישראל לא קיימת עדיין מסגרת סטטוטורית לפסיקת פיצויים לנפגעי עבירה להוציא מקרים מיוחדים כדוגמת תגמולים לפי חוק התגמולים לנפגעי פעולות איבה התש""ל 1970 או לפי חוק התגמולים ילד שנתייתם עקב מעשה אלימות במשפחה תשנ""ה 1995 להלן חוק התגמולים לילד שנתייתם הסדר מיוחד נוסף הקבוע בחוק העונשין מאפשר לנפגעי עבירות של החזקה בתנאי עבדות וסחר בבני אדם לקבל את כספי הפיצויים שנפסקו לזכותם מתוך קרן ייעודית שבה מופקד רכוש שחולט וקנסות שהוטלו בקשר לעבירות אלה ראו סעיפים 377ד 377ה לחוק ראו עוד ע""א 3806 06 פלוני נ פלונית 26 5 2009 יוזמות חקיקה שונות בתחום זה לא זכו להתקדם ראו למשל הצעת חוק זכויות נפגעי עבירה תיקון שירותי סיוע ופיצוי התשס""ח 2007 פ 2983 17 הצעת חוק שיקום פיצוי וסיוע משפטי לנפגעי עבירות מין התשע""ג 2013 פ 1305 19 בהחלטת ממשלה משנת 2009 הוחלט על הקמת מערך של תמיכה טיפולית וסיוע למשפחות נפגעי עבירות המתה החלטה 936 של הממשלה ה 32 ""סיוע למשפחות נפגעי עבירות המתה"" 22 11 2009 מכוח החלטה זו כך תואר בעמדה מטעם האגף לסיוע משפטי שצורף להליך כידיד בית המשפט מופעלת תוכנית סנ""ה המעניקה סיוע בהיבטים שונים למשפחות נפגעי העבירה בין השירותים הניתנים למשפחות נכללים סיוע כספי להוצאות ראשוניות ומידיות וסיוע טיפולי מהחומר עולה כי סכום הסיוע הטיפולי הוא 10 000 שקל עבור כל זכאי במשפחה בכפוף לתקרה כוללת בסכום של 30 000 שקל למשפחה 32 בשולי הדברים יצוין כי חוק התגמולים לילד שנתייתם הוא מאיר עיניים במיוחד לצורך הדיון שבפנינו ראשית יש בו ככל הנראה מענה חלקי לחשש מפני היקלעות בנותיה של המנוחה למצוקה כלכלית מיידית בעקבות מות אמן מבלי לקבוע מסמרות בעניין שאינו בפנינו שנית אף בחוק זה אומצה הגישה המצדדת בזיקה בין סכומי הפיצויים הנפסקים לכל אחד מהילדים שהתייתמו כתוצאה ממעשה עבירה במשפחה כמפורט בסעיף 3 לחוק התגמולים לילד שנתייתם אשר מפנה לסעיף 132 6 לחוק הביטוח הלאומי נוסח משולב התשנ""ה 1995 33 לשיטתי ניתן אך להצטער על כך שטרם נמצאה הדרך למתן סעד סטטוטורי לנפגעי עבירה גם במצבים נוספים אולם כאמור המענה לכך לא יכול להימצא בפסיקת פיצויים בעלי אופי אזרחי נזיקי ללא שמירה על מסגרת דיונית מתאימה 34 לפני חתימה חזרתי ועיינתי בהערותיו הנוספות של חברי המשנה לנשיאה הסבור כי אילוצים הנובעים מחיי המעשה תומכים באפשרות לפסוק לכל אחד מקרוביו של הניזוק הישיר פיצויים בשיעור המקסימלי שנקבע בחוק אבקש אפוא לחזור ולהבהיר את עמדתי באשר להיבט היישומי של הדברים אני סבורה כי ככל שהשיקולים המעשיים תומכים בהרחבת סמכותו של בית המשפט לפסוק פיצויים בהליך הפלילי על סמך אומדנה בלבד הרי שיש מקום לתיקון חקיקתי שיגדיל את סכום הפיצוי המקסימלי מותו של קורבן העבירה לא אמור להוביל לפריצת הסכר ולא כל שכן בהשוואה למקרה שבו קורבן העבירה נותר חי אך פגוע מאוד בסופו של דבר נותרת השאלה העקרונית של פסיקת פיצויים בהיקף משמעותי ביותר ללא כל הוכחה או ביסוס עובדתי חרף האהדה המובנת למצוקתם של נפגעי עבירה יש קושי בסיסי בהליך משפטי נעדר תשתית עובדתית של ממש הקושי הרגשי בהגשת תביעה אזרחית בנסיבות אלה הוא מובן אך חשוב לפחות להדגיש כי משפחותיהם של קורבנות עבירות המתה זוכות לליווי משפטי ואף למדנו מידיד בית המשפט כי הליווי כולל גם נקיטת הליך אזרחי נגד האדם שהורשע יתרה מכך הניסיון המעשי מעלה כי בחלק מהמקרים זכאים בני משפחותיהם של הקרבנות לתגמולים סטטוטוריים מכוח חוקים ספציפיים כמתואר בפסקה 31 לחוות דעתי נתון שיש בו כדי להקטין את החשש שיישארו ללא סיוע כספי כלל סיכום 35 הלב יוצא אל בנותיה של המנוחה שחייה נגדעו באבם על ידי המערער אין ספק שמן הראוי לפצותן על נזקיהן ואף ברור כי כל פיצוי כספי שיקבלו לא יחליף את מקומה של אמן בחייהן אני שותפה לעמדה זו באופן מלא אולם לא זו השאלה שבפנינו השאלה שאנו נדרשים להשיב עליה היא האם נכון להפוך את ההליך הפלילי למסגרת רחבה של פסיקת פיצויים וזאת ללא בירור של ממש של היקף הנזק שנגרם אין מדובר במקרה הקונקרטי המונח בפנינו אלא בשאלה של סמכות ושל קביעת המסגרת המתאימה לדיון לא למותר לציין כי אין בכך כדי לגרוע מזכותן של המשיבות 4 2 להגיש תביעה אזרחית נגד המערער כאמור לעיל או מן האפשרות שיבחר האחרון להסכים עמן על פיצוי בהיקף מתאים אף ללא הליך משפטי פורמאלי שכן זהו המעט שבידו לעשות 36 סוף דבר אם תישמע דעתי נקבל את הערעור בחלקו במובן זה שסכום הפיצוי שבו יחויב המערער כלפי המשיבות 4 2 יעמוד על 258 000 שקל גובה התקרה הקבועה בסעיף 77 לחוק ויחולק ביניהן בחלקים שווים ש ו פ ט ת השופט א שהם 1 המערער הורשע על פי הודאתו בעבירות שיוחסו לו בכתב אישום מתוקן שהוגש במסגרת הסדר טיעון כדלקמן הריגה לפי סעיף 298 לחוק העונשין התשל""ז 1977 להלן חוק העונשין ושיבוש מהלכי משפט לפי סעיף 244 לחוק העונשין ביום 29 12 2014 נגזר דינו ש"
HUGGINGFACE-3ecacc3034bc,2026-05-26T07:21:27+03:00,manual_review_sentence_relief,sentence_relief_only,"יבות וקושי בהסתגלות למסגרות השונות בחייו וכי ניכר שהוא סובל מחסכים רגשיים עמוקים ודימוי עצמי נמוך צוין כי התנהלותו מאופיינת בפריצת גבולות החוק וכי הוא מבין את הבעייתיות הגלומה במעשיו ואולם הוא מתמקד אך במחירים האישיים שהוא נאלץ לשלם בגינם בשיחה עמו נטה המערער להפחית את המשמעות הפלילית הכרוכה בהרשעתו בעבירות האמורות לפיכך ציין שירות המבחן כי המסוכנות הנשקפת מהמערער גבוהה וכי קיים סיכון גבוה להישנות התנהגות דומה בעתיד מצדו משכך נמנע שירות המבחן מלבוא בהמלצה על חלופות ענישה או שיקום במסגרת הקהילה למערער 4 לאחר עיון בתסקיר ובטיעוני הצדדים פנה בית המשפט לגזירת עונשו של המערער בפתח הדברים עמד בית המשפט על הערכים החברתיים שנפגעו ממעשי המערער פגיעה באלה ובישראל שי ובנוסעי כלי הרכב שלעברם הושלכו בקבוקי התבערה להלן המתלוננים ופגיעה בחברה הישראלית ככלל ובתחושת הביטחון הכללית של אזרחי המדינה צוין כי מעשיו של המערער פוגעים בערכים הבסיסיים של הזכות לחיים ולביטחון וחלקם פוגעים אף בחופש התנועה וביכולת התפקוד של החברה בבואו לקבוע את מתחם העונש ההולם נדרש בית המשפט לחומרת העבירות שבהן הורשע המערער ולעובדה שמעשיו אלה גרמו לפגיעה נפשית במתלוננים ובביטחונם האישי אשר להרשעה באישום השני צוין כי חטיפה למטרת מיקוח לשחרור אסירים ביטחוניים היא עבירה חמורה ביותר שכן ""הסיכון הביטחוני הכבד הטמון במעשיו של המערער וההשלכות מרחיקות הלכת של חטיפת אזרח ישראלי על חוסנה של מדינת ישראל ידועים לכל"" נוסף לכך ציין בית המשפט את חומרתם היתרה של מעשי המערער נושא האישומים השלישי והרביעי עוד בצד החומרה עמד בית המשפט על כך שלמעשי המערער קדם תכנון כי הוא הכין 8 בקבוקי תבערה לצורך השלכתם על רכבים של אזרחים לשם פגיעה בהם כי הוא ביצע את המעשים לבד ואף ניסה לשדל את קרוב משפחתו הקטין לסייע לו ובפרט את הנזק שהיה עלול להיגרם מביצוע העבירות כלפי המתלוננים וכלפי אזרחי ישראל בכלל בית המשפט הדגיש כי אלמלא פעל ישראל למניעת החטיפה ייתכן שזו הייתה יוצאת לפועל וכי יש להתחשב בפגיעה הנפשית שנגרמה למתלוננים לכך הוסיף בית המשפט את מניעי המערער רצון לפגוע באזרחים יהודים ולהביא לשחרור אסירים ביטחוניים ואת המסוכנות הגבוהה הנשקפת מהמערער כעולה מהתסקיר מנגד ציין בית המשפט את גילו הצעיר של המערער הגם שהוא בעל עבר פלילי את הפגיעה שתגרם למשפחתו כתוצאה ממאסרו ואת העובדה שהמערער הודה והביע חרטה על מעשיו הגם שנקבע כי לא ניתן לומר כי המערער חזר למוטב ואין בכוונתו לבצע בעתיד מעשים דומים 5 בהמשך לכך פנה בית המשפט לבחון את מתחם הענישה הנהוג בעבירות שבהן הורשע המערער צוין כי מתחם הענישה בעבירה שעניינה ניסיון חטיפה הוא רחב ונע בין 7 לבין 20 שנות מאסר בפועל אשר לעבירות הכרוכות בשהייה בלתי חוקית בישראל הפנה בית המשפט לפסיקה שבה נקבע מתחם הענישה על 12 עד 36 חודשי מאסר אשר לעבירת סיכון חיי אדם בנתיב תחבורה התייחס בית המשפט לפסיקה מגוונת שבגדרה הושתו החל מ 10 חודשי מאסר בפועל ועד ל 6 שנות מאסר בפועל בית המשפט הוסיף כי יש לקבוע כי המעשים השונים בכתב האישום מהווים ""אירועים"" נפרדים וכי יש לקבוע מתחם ענישה הולם לכל אירוע בנפרד בהתאם לסעיף 40יג ב לחוק בנתון לכל האמור נקבע כי מתחם הענישה בכל הנוגע לאישום הראשון הוא 14 6 חודשי מאסר בפועל לאישום השני 13 7 שנות מאסר בפועל ולאישומים השלישי והרביעי 35 15 חודשי מאסר בפועל לכל אחד מהאישומים 6 בגדרי המתחמים שנקבעו גזר בית המשפט על המערער עונשים כדלקמן בגין העבירה נושא האישום הראשון מאסר בפועל של 8 חודשים בגין העבירות נושא האישום השני 8 שנות מאסר בפועל ובגין העבירות נושא האישומים השלישי והרביעי 20 חודשי מאסר בפועל בנפרד עבור כל אחד מהאישומים עוד הורה בית המשפט על הפעלת עונש מאסר מותנה בן 4 חודשים בסך הכל נגזרו אפוא על המערער 12 שנות מאסר בפועל ועוד 4 חודשי מאסר בפועל בצד זאת הושת על המערער מאסר על תנאי ופיצוי כמפורט בגזר הדין הטענות בערעור 7 לטענת המערער הושת עליו עונש מאסר חמור מדי שאינו תואם את הענישה המקובלת בבית משפט זה בעבירות דומות בעניין זה הציג המערער שורת פסקי דין שעניינם עבירות דומות שבוצעו בחלקן על רקע אידיאולוגי שלגביהן נגזרו עונשים קלים מזה שהושת על המערער המערער הדגיש כי אמנם העבירות שביצע לא נעשו באופן ספונטאני לחלוטין אולם התכנון המקדים להן היה שולי וכלל אך איסוף של סכין שמצא בדרכו המערער הוסיף כי מעשיו לא גרמו לנזק גוף בפועל וכי קביעות בית המשפט מחמירות עמו יתר על המידה עוד נטען כי יש לתת משקל לכך ששיתף פעולה בחקירתו הודה במעשיו נטל אחריות ואף הביע חרטה לבסוף טען המערער כי בית המשפט לא נתן משקל ראוי לנסיבותיו האישיות ולשיקולי שיקום לכך שהוריו חולים ועליו לדאוג לצורכי אחיו ולפרנסת המשפחה ולכך שביצע את המיוחס לו על דעת עצמו וללא השתייכות ארגונית כלשהי להשלמת התמונה יצוין כי עובר לדיון הוגשה לעיוננו הודעת עדכון מאת שירות המבחן בעניינו של המערער שבה צוין כי המערער הנתון במאסר בכלא ""גלבוע"" סווג כאסיר ביטחוני ביום 27 8 2015 נשללו ממנו הטבות שונות בגין עבירת משמעת שביצע ומשנמצא ברשותו דוקרן מאולתר 8 המשיבה מנגד סמכה ידיה על גזר הדין של בית המשפט המחוזי לטענתה במעשיו פגע המערער בביטחון הציבור ובביטחון המדינה וזאת הגם שפעל ללא שיוך ארגוני מסוים המשיבה הדגישה כי מעשי המערער מבטאים נחישות להוציא את תכניתו לפועל חרף העובדה שאירוע החטיפה לא הושלם בסופו של דבר ולא נגרמו פגיעות בגוף ובנפש במסגרת האירועים האחרים עוד הדגישה המשיבה את המסוכנות הנשקפת מהמערער כעולה מהתסקיר דיון והכרעה 9 הלכה היא כי ערכאת הערעור תמנע מהתערבות בעונש שנגזר בערכאה הדיונית למעט במקרים חריגים שבהם העונש שנגזר סוטה סטייה ניכרת מהענישה המקובלת במקרים דומים או מקום שבו נפלה טעות מהותית בגזר הד ין ע""פ 2730 08 פראח נ מדינת ישראל 7 9 2008 אקדים ואומר כי סבורני ש עניינו של המערער נמנה על אותם מקרים המצדיקים את התערבותו של בית משפט זה בעונש שכן גזר הדין חורג מרמת הענישה הנוהגת 10 העבירות שבהן הורשע המערער הן מן החמורות ביותר למותר הוא להכביר מילים על הסכנה הטמונה במעשיו של המערער ועל עצמת הפגיעה שעתידה הייתה להתרחש לו התממשה תכנית החטיפה שהגה ראו למשל ע""פ 5236 05 עמאשה נ מדינת ישראל פסקה 25 4 3 2009 להלן עניין עמאשה לכך יש להוסיף כי השלכת בקבוקי תבערה לעבר רכב נוסע שקולה לשימוש בנשק חם ממש כידוע הנזק שעלול להיגרם כתוצאה ממעשה זה עלול להיות הרה אסון ולגבות מחיר דמים כבד ע""פ 6600 15 פלוני נ מדינת ישראל פסקה 7 13 3 2016 ע""פ 5371 14 פלוני נ מדינת ישראל פסקה 8 16 9 2014 דברים אלה נכונים ככלל וביתר שאת בעניינו של המערער אשר תצפת על הכביש שבו נסעו המכוניות בכוונה ברורה לפגוע בנוסעיהן שומה עלינו לנקוט ענישה מחמירה הכוללת השתת עונש מאסר בפועל בעבירות מסוג זה ע""פ 7140 13 פלוני נ מדינת ישראל פסקה 17 2 4 2014 עניין עמאשה ראוי שיושם אל לב כי כתב האישום נושא הערעור כלל מסכת של עבירות שמטרתן הייתה זהה לפגוע בביטחונם ובשלומם של אזרחי המדינה בפסיקתנו כבר הוטעם כי בעבירות המבוצעות על רקע אידיאולוגי יש לבכר ענישה שתרתיע אחרים מפני ביצוע מעשים דומים ""בהתחשב במסוכנות הרבה של העבירות הללו יש הכרח אפוא במדיניות של ענישה מכבידה על מנת להוקיע להרתיע ולשרש מעשים שכאלה מדיניות ענישה זו תבטא באופן הולם את ההגנה על הערך החברתי הנפגע כתוצאה מפעילות עבריינית זו שמירה על ביטחון הציבור ושלטון החוק"" ע""פ 2337 13 קואסמה נ מדינת ישראל פסקה 12 16 9 2013 גם עברו הפלילי של המערער שוקל לחובתו כעולה מתדפיס המידע הפלילי שהובא לעיוני המערער הורשע בשורה של עבירות ובכללן הצתה על רקע לאומני לפי סעיף 448 לחוק ואיסור מסחר בכלי יריה לפי סעיף 137 1 א לתקנות ההגנה שעת חירום 1945 11 בצד הדברים האמורים עלינו לתת את הדעת גם לעיקרון אחידות הענישה שהוא עיקרון יסוד בשיטתנו המשפטית עיקרון זה נגזר מעיקרון השוויון והוא משמיע לנו כי במצבים דומים מבחינת אופי העבירות ונסיבות הנאשמים ראוי להחיל במידת האפשר שיקולי ענישה דומים עניין עמאשה פסקה 24 כזכור בית המשפט המחוזי גזר על המערער 8 שנות מאסר בפועל בגין ניסיון החטיפה שלוש שנות מאסר בפועל ועוד 4 חודשים בגין יידוי בקבוקי התבערה ו 8 חודשי מאסר בפועל בגין כניסה ושהייה בישראל שלא כדין עיון בגזרי דין שניתנו במקרים קרובים למקרה שלפנינו מלמד כי העונש שהושת על המערער חורג מרמת הענישה המקובלת 12 אשר להרשעה בניסיון חטיפה בעניין סטרוק ע""פ 3578 11 סטרוק נ מדינת ישראל 13 8 2012 הורשע המערער בכך שתקף והכה מתלונן פלסטיני כפת אותו וחטף אותו ממקום הימצאו כתוצאה מכך נגרמו למתלונן חבורות וחתכים בחלקי גופו השונים נוסף לכך הורשע המערער שם באירוע אחר שבו היכה ותקף את המתלונן ואת חבריו בית משפט זה קיבל את ערעור המדינה על קולת העונש והעמיד את עונשו של המערער על 30 חודשי מאסר בעניין באסם ע""פ 10594 05 באסם נ מדינת ישראל 22 5 2006 הורשע המערער ששירת כשוטר משמר הגבול במעורבות בשלושה אירועים שונים שבהם תקף יחד עם נאשמים נוספים פלסטינים תושבי חברון באלימות ותוך שימוש באלה וברובה באחד המקרים מת הקורבן כתוצאה מהמעשים המערער נדון ל 4 שנות מאסר בפועל וערעורו על גזר הדין נדחה על ידי בית משפט זה יוער כי נאשמים אחרים בפרשה אשר נטלו חלק משמעותי יותר בביצוע העבירות נדונו ל 8 שנות מאסר ומחצה ע""פ 4896 09 בוטביקה נ מדינת ישראל 21 2 2011 ע""פ 5136 08 מדינת ישראל נ לאלזה 31 3 2009 ב עניין סעיד ע""פ 297 11 סעיד נ מדינת ישרא ל 22 7 2013 הורשע המערער בשורה של עבירות ביטחוניות ובהן שתי עבירות של ניסיון לחטיפה לשם סחיטה לאחר שניסה לחטוף חייל צה""ל בית משפט זה העמיד את עונשו של המערער על 9 שנות מאסר בפועל בגין העבירות כולן לאחר שזיכה אותו מאחת מהעבירות של ניסיון לחטיפה לשם סחיטה ועוד לאחרונה בעניין קוטוב ע""פ 195 16 קוטוב נ מדינת ישראל 21 6 2016 נדון עניינו של מערער שהורשע בעבירות בדרגת חומרה גבוהה מן המקרה שלפנינו סיוע לאויב בזמן מלחמה ניסיון רצח חטיפה לשם רצח נשיאת נשק וייצור נשק וניסיון שוד במסגרת פרשה שבה פעל כחלק מחוליה שיועדה לפגוע במתפללים יהודים ובכוחות משטרה בהר הבית מעשיו של המערער ומערער נוסף הסתיימו ללא נזק גוף לאחר שהמערער חזר בו מערעורו דחה בית משפט זה את ערעור המדינה לעניין העונש שהושת על המערער בגין העבירות כולן 13 שנות מאסר בפועל יוער כי אמנם בעניין עמאשה הנזכר לעיל גזר בית משפט זה על המערער שהורשע בעבירות של מגע עם סוכן חוץ קשירת קשר לסיוע לאויב במלחמה וקשירת קשר לחטיפה לשם רצח או סחיטה עונש של 20 שנות מאסר בפועל אולם במקרה זה דובר במערער שתכנן באופן מפורט תכנית לחטיפת חייל צה""ל וזאת במסגרת ארגון טרור וכדי לסייע לארגון מחבלים עולה אפוא כי הענישה הנוהגת בפסיקתו של בית משפט זה בהרשעות בעבירות קרובות לאלו שבהן הורשע המערער מקלה יותר מהעונש שהושת על המערער בעניין שלפנינו 13 מסקנה דומה עולה גם אשר להרשעה בעבירות יידוי בקבוקי התבערה ב ע""פ 3702 14 פלוני נ מדינת ישראל 28 9 2014 הורשעו המערערים בעבירות של ייצור נשק חבלה בכוונה מחמירה הצתה וניסיון הצתה וזאת לאחר שקשרו קשה לפגוע בבסיס צה""לי כחלק מתכנית זו ייצרו המערערים בקבוקי תבערה שאותם יידו בכמה מקרים שונים לעבר הבסיס ולעבר רכבים שחלפו במקום במקרים אחדים בקבוק התבערה פגע ברכב והתלקח וכתוצאה מכך נגרמו נזקים לכלי הרכב בית משפט זה דחה את ערעור המערערים אשר לעונש שהושת עליהם בגין כל האירועים יחדיו 22 20 חודשי מאסר בפועל ב ע""פ 3057 13 מדינת ישראל נ פלוני 2 7 2013 העמיד בית משפט זה את עונשו של המשיב על 20 חודשי מאסר בפועל לאחר שהורשע בכך שבשתי הזדמנויות שונות השליך בקבוק תבערה לעבר בתי יהודים באחד המקרים זרק המשיב בנוסף לבקבוק התבערה גם כמה אבנים נוסף לכך הורשע המשיב בכך שב 5 הזדמנויות שונות השליך אבנים לעבר רכבי ביטחון כזכור על המערער כאן נגזר עונש של 20 חודשי מאסר בפועל בגין כל אחד מאירועי יידוי בקבוקי התבערה עולה מן המכלול כי העונש שנגזר על המערער חורג מרמת הענישה הנוהגת עניין זה מחייב את התערבותנו וזאת מבלי שיהא באמור כדי להקל ראש ולו במעט בחומרתן הרבה של העבירות שביצע המערער לתוצאה זו הגענו בשים לב לרמת הענישה הנוהגת בעבירות קרובות לאלו שבהן הורשע המערער שכן כידוע החמרה בענישה צריך שתעשה באופן הדרגתי השוו ע""פ 4450 11 עספור נ מדינת ישראל פסקה 7 8 2 2012 נוכח כל האמור מצאנו כי מכלול נסיבות העניין מצדיק הקלה מסוימת בעונשו של המערער לפיכך אנו מעמידים את עונש המאסר בפועל שהושת עליו על 10 שנות מאסר בפועל יתר רכיבי גזר הדין יעמדו בעינם ניתן היום כ בסיון התשע""ו 26 6 2016 ש ו פ ט ת ש ו פ ט ש ו פ ט _________________________ העותק כפוף לשינויי עריכה וניסוח 15030650_M02 doc דצ מרכז מידע טל 077 2703333 אתר אינטרנט www court gov il"
HUGGINGFACE-78cdfe544a3c,2026-05-26T07:21:27+03:00,manual_review_sentence_relief,sentence_relief_only,"ר להוכיח אף לא ברמת הספק הסביר ועל אחת כמה וכמה שלא ברמה של מאזן ההסתברויות כי ההפרעה הנפשית המתבטאת במחשבות השווא להן טען היא שהולידה את ביצוע העבירות 66 מן הראוי לציין כי רוב שופטי הערכאה הדיונית סבר כי אף אם היו מתקיימים תנאי סעיף 300א א במערער לא היה מקום להפחית מעונשי מאסר העולם שהושתו עליו אין לי אלא להצטרף לעמדתם זו כאמור לבית המשפט מוקנה שיקול דעת האם להפחית בעונשו של נאשם שהורשע בעבירת הרצח והוא עומד בתנאי סעיף 300א א ובאיזו מידה המערער תכנן לרצוח שני קורבנות תמימים הוא אף שקל בקפידה את מעשיו ויכול היה להמנע מהם ואולם השקפותיו מעוררות הסלידה הן שהביאוהו לביצוע קר ומחושב של מעשי רצח כלפי חפים מפשע את המנוח סמיר אלכרם בלביסי המערער "" בחר "" כקורבנו משום שהיה נהג מונית וידע כי הוא יוכל להובילו למקום בו תכנן לבצע את הרצח בסמוך למלון "" הולילנד "" בירושלים המערער ביקש מהמנוח לעצור ליד המלון על מנת שיוכל לאסוף חבר בדרך ליעדם הסופי וזאת כאמתלה לעצירת ביניים במהלכה יבצע את מעשה הרצח המערער התיישב בספסל האחורי באלכסון למושבו של הנהג "" כדי שתהיה לי אפשרות לירות בו יותר טוב "" ת 3 עמ 17 הוא הספיק לשוחח עם המנוח ולדבריו בדרך "" שאלתי אותו לגבי תהליך השלום והוא היה מאוד בעד "" שם עמ 16 כאשר הגיע המערער למחוז חפצו התבקש המנוח להמתין חמש דקות עד לבואו של "" חברו "" המערער דרך את אקדחו שהיה מונח בתיק פתוח על רצפת המונית הבחין שמבטו של המנוח פונה קדימה וירה לאזור אוזנו הימנית של המנוח לאחר מכן נמלט המערער ברכב אותו שכר לשם ביצוע המעשה שהוחנה מבעוד מועד בסמוך למלון לשם ביצוע הרצח הנוסף מושא האישום השני שכר המערער רכב אחר הוא נסע בכביש מירושלים לכיוון הישוב סוסיא בשעות בין ערביים בהן הראות לקויה "" כשהוא מחפש ערבי כדי להרגו "" אנמנזה מיום 23 3 2010 שער מנשה פס 1 או אז איתר המערער בצד הדרך את המנוח עיסא ג ברין הוא עצר את הרכב וביקש לדעת את כיוון הדרך לירושלים המנוח שהיה "" ידידותי "" התקרב אל הרכב וגחן אל חלונו כדי להבין את דברי המערער אשר נותר ישוב ברכבו בהזדמנות זו ירה המערער לעברו שתי יריות שפגעו בחזהו מטווח קצר ומשם המשיך המערער בדרכו מעשים אלו אינם מצדיקים כל הקלה בעונש מאסר העולם שהושת על המערער בגין כל אחת מהעבירות עבירת הרצח היא אחת העבירות המתועבות והשפלות ביותר בספר החוקים קדושת חיי האדם עומדת בראש סולם הערכים החברתיים וחובתנו לשקף את חשיבותו של ערך זה במידת העונש שתיגזר על העבריין כפי שעשה בית משפט קמא 67 אין גם מקום להתערב בהחלטת הערכאה הדיונית להשית על המערער שני עונשי מאסר עולם מצטברים נטילת חיי שני קורבנות על לא עוול בכפם מחייבת בהעדר נסיבות יוצאות דופן השתת עונשי מאסר עולם מצטברים שכן חפיפת העונשים "" יש בה מכללא משום מיזעור של הזוועה שבגרם המוות הזדוני והמכוון של שורה של אנשים "" דברי הנשיא מ שמגר בע""פ 399 89 מדינת ישראל נ זלום פ""ד מו 2 187 192 1992 לאור האמור ראוי לו למערער כי ישא בעונש הקבוע בצד עבירת הרצח בגין כל נפש אותה קיפח יפים בהקשר זה דבריו של השופט כתוארו אז מ חשין בע""פ 1742 91 פופר נ מדינת ישראל פ""ד נא 5 289 307 1997 ""אדם כל אדם הוא עולם לעצמו אדם כל אדם הוא אחד יחיד ומיוחד ואין אדם כאדם מי שהיה לא עוד יהיה ומי שהלך לא ישוב כך הוא באשר לעבירת הרצח כך הוא גם באשר לעונש שיוטל על מי שרצח אכן מאסר עולם בעבירת רצח הוא מאסר עד צאת הנשמה מבחינה מושגית וזה דרך הטבע אין מאסרי עולם מצטברים ואולם דומה כי לא נוכל לבטא את עומק הזוועה שבמעשהו של מי שרצח את הרבים אלא אם נטיל עליו עונשים מצטברים ""שפך דם האדם באדם דמו ישפך"" בראשית ט ו ב בימינו ובמקומנו אין עוד שופכים כמעשה ממלכה את דם האדם גם אין ניתן להוציא להורג אותו אדם שתי פעמים אך מאסרי עולם במצטבר ניתן להטיל על מי שקיפח חיים בזדון מאסר עולם תחת כל נפש ונשמה"" 68 אוסיף עוד כי לא מצאתי מקום להקל גם ביתר רכיבי גזר הדין שהושת על המערער מעבר להקלה לה זכה הנובעת מצבירת 30 שנות מאסר בלבד מתוך עונש כולל של 60 שנות מאסר שהושת עליו המערער הניח ששה מטעני חבלה מסוכנים אשר גרמו לנזק גופני לשלושה קורבנות שונים ועשויים היו לגרום לאובדן חיי אדם הוא ערך ופרסם כרוזי שטנה על מנת להפיץ את דעתו ברבים ולהניע אחרים לביצוע מעשי אלימות בשל סלידתו מחברי הקהילה ההומולסבית והוא החזיק וייצר כלי נשק שלא כדין עוד יש להדגיש כי המערער הורשע בין היתר גם בשתי עבירות של נסיון לרצח ובביצוע עבירה של חבלה בכוונה מחמירה שהעונש המירבי הקבוע בצידן עומד על עשרים שנות מאסר כמו כן הורשע המערער בשלוש עבירות של ייצור נשק שהעונש המירבי בצידן הוא חמש עשרה שנות מאסר לכך יש להוסיף כי המערער לא הביע כל חרטה על מעשיו ואף התגאה בהם יתר על כן הוא הצהיר כי אם יקבל בעתיד "" פקודות "" נוספות הוא יבצען ללא התלבטות עמ 10 לחוות דעתו של ד""ר ראוכברגר לפיכך איני מוצא כל הצדקה להקל בעונשי המאסר והפיצויים שהושתו על המערער בנוסף לשני מאסרי העולם בגין עבירות הרצח סוף דבר 69 לאור המפורט לעיל ואם תשמע דעתי ידחה הערעור על כל חלקיו ש ו פ ט השופט נ הנדל אני מסכים לחוות דעתו המקיפה של חברי השופט א שהם ש ו פ ט השופט נ סולברג 1 בתמצית בבואנו להכריע אם עומד לו למערער סייג אי שפיות הדעת המעוגן בסעיף 34ח לחוק העונשין עלינו לבחון האם בעת ביצוע המעשים סבל מ מחלת נפש אשר בשלה נגרעה באופן ממשי יכולתו להבין את אשר הוא עושה להבין את הפסול שבמעשים או להימנע מעשייתם רע""פ 6382 11 קאדריה נ מדינת ישראל פסקה ל""ג לפסק דינו של המשנה לנשיאה א רובינשטיין וההפניות שם 9 6 2013 ודוק די לו למערער לעורר ספק סביר בנוגע להתקיימות הסייג על מנת שיחול ברם לא עלה בידי המערער לעשות כן 2 המערער טען כי בעת ביצוע המעשים לקה במחלת נפש שבשלה חווה מחשבות שווא דלוזיות בתוך כך נגלה אליו מלאך א לוהים אשר הורה אותו לבצע את המעשים ונטל ממנו הלכה למעשה את שיקול דעתו בית המשפט המחוזי עמד על כך שגרסת המערער על אודות התגלות המלאך וציווייו לא ניתנה על ידו בעת חקירותיו במשטרה לא בשנת 2000 אז הכחיש מכל וכל את המיוחס לו ולא בשנת 2009 אז הודה במעשים תוך מתן הסברים רציונאליים לפעולותיו ""בדמות מניעים אידיאולוגיים ורצון להסתיר את זהותו כמפגע"" אלא אך בשלב מאוחר יותר במסגרת הבדיקות הפסיכיאטריות שנערכו לו בנסיבות אלה קבע בית המשפט המחוזי כי מדובר בגרסה כבושה וכי בהעדר הסבר מתקבל על הדעת לכבישה או לחזרה ממנה ""הגרסה העובדתית הנכונה אף מזווית הראייה של הנאשם היא זו שהוצגה לראשונה במסגרת חקירת הנאשם במשטרה שבה הוצגו המניעים המתוארים שהם פוליטיים או דתיים אך אין בהם צל של רמז כי הם פרי הוראות מלאך שהנאשם אנוס על פי הדיבור לבצעו"" 3 חברי השופט א שהם היטיב להסביר מדוע קביעה זו של בית המשפט המחוזי מוצדקת והוסיף כי מכל מקום אין בעניין זה כדי להשפיע על הכרעת הדין המרשיעה אף אני סבור כי העלאת גרסת המלאך בשלב כה מאוחר מעוררת לכל הפחות תהיות והעיקר הסוגיה אינה דורשת הכרעה מן הטעם שגם במתן משקל מלא לגרסתו של המערער אין כדי לשנות מן המסקנה ולפיה סייג אי שפיות הדעת אינו חל עליו להלן אעמוד על הטעמים לכך 4 ראשית הטענה לפיה המערער לקה ב מחלת נפש מחלה ממנה סבל בעת ביצוע המעשים אינה מבוססת דיה לא זו בלבד שאין בנמצא תיעוד רפואי על אודות מחלת נפש של המערער עובר למעצרו אלא שלא נמצא לכך אף תיעוד אנושי מצד הסובבים אותו ובכללם הוריו אשתו אנשי היישוב וחבריו לארגון יד לאחים אשר לא היו עדים מעולם להפגנת סימנים פסיכוטיים מצדו לעומת זאת סממנים רבים מצביעים דווקא על העדר מחלת נפש המערער סיים לימודים גבוהים טס לסירוגין לארץ ולחו""ל השתקע ביישוב חי בקהילה הקים משפחה והיה חבר בארגון יד לאחים כל אלה לדעת מרבית המומחים אינם עולים בקנה אחד עם קיומה של מחלת נפש כפי שמונח זה פורש בפסיקה בעת ביצוע המעשים עוד ראוי לציין כי מנייר העמדה שפרסם איגוד הפסיכיאטריה בישראל בנושא הזכאות לענישה מופחתת בגין ביצוע רצח בכוונה תחילה עולה כי ככלל הפרעה נפשית חמורה אינה יכולה לבוא לידי ביטוי בפעם הראשונה בהקשר של ביצוע מעשה רצח יובל מלמד יעקב מרגולין שמואל פניג רוברטו מסטר אוברי זאבו ואבי בלייך ""עונש מופחת בעבירת רצח נייר העמדה של איגוד הפסיכיאטריה בישראל הערות והארות"" רפואה ומשפט 39 167 2008 להלן ""נייר העמדה"" נראה כי הדברים יפים מקל וחומר באשר ל מחלת נפש 5 התכנון המדוקדק והדיוק שאפיינו את פעולותיו של המערער כמו גם הצלחתו אשר אף היא פרי של תכנון ותחכום לחמוק פעם אחר פעם מרשויות החוק ואף לעמוד בחקירה משטרתית תומכים במסקנה כי לא נפל פגם בבוחן המציאות שלו בכושר השיפוט או ביכולת הבחירה ומשכך אין לומר כי היה חולה נפש בעת ביצוע המעשים בית המשפט המחוזי עמד על כך שמרבית המומחים סברו כי תחכום תכנון וארגון אינם עולים בקנה אחד עם קיומה של פסיכוזה למעט כאשר מדובר במצב פסיכוטי פרנואידי מצב אשר לא הוכח כי המערער היה נתון בו בעת ביצוע מעשיו אכן בית משפט זה פסק כי הגם שתכנון והתנהגות מאורגנת אינם הוכחה חד משמעית להעדר מחלה נפשית פעילה הרי שהם מקימים סברה לחובתו של הנאשם כי פעל מתוך מודעות למעשיו והנטל מוטל עליו לסתור סברה זו ע""פ 8287 05 בחטרזה נ מדינת ישראל פסקה 31 11 8 2011 בענייננו לא רק שלא עלה בידי המערער לעשות כן אלא שיש שלל אינדיקציות שכאמור לעיל מורות ההיפך אשר לטענת המערער לפיה המלאך הוא אשר הורה לו הוראות מפורטות ראוי להזכיר שוב את עדותה של ד""ר לבן ולפיה אין זה סביר כי קול פוקד יתן הוראות כה ספציפיות ומדויקות אעיר עוד כי אף פרופ סילפן אשר קבע כי אין בהכרח סתירה בין תחכום לבין קיומה של פסיכוזה העיד כי ככלל קיימת קורלציה כשהכוונה היא ליחס הפוך בין דרגת החומרה של המחלה לבין יכולת התכנון והארגון של החולה בה מכאן שגם לשיטתו של פרופ סילפן רמת התכנון והארגון הגבוהה שאפיינה את מעשי המערער עשויה ללמד כי דרגת החומרה של ה מחלה בה לקה לא היתה מן הגבוהות והרי בית משפט זה עמד בעבר על כך שעיקר החשיבות לעניין בחינת התקיימותה של מחלת נפש היא לעוצמת התסמינים של המחלה או ההפרעה ע""פ 5417 07 בונר נ מדינת ישראל פסקה 24 לפסק דינו של השופט י עמית 30 5 2013 6 נראה כי גם במצבו הנפשי של המערער כיום הזה כפי שנקבע על ידי מרבית הפסיכיאטרים המומחים יש כדי ללמד על כך שבעת ביצוע המעשים לא לקה ב מחלת נפש כזכור המומחים היו חלוקים ביניהם בשאלה אם כיום לוקה המערער ב מחלת נפש בעוד שפרופ סילפן קבע כי המערער סובל כיום הן מהפרעת אישיות המורכבת מאלמנטים פרנואידיים ואנטיסוציאליים הן ממחלה סכיזו אפקטיבית קבעו חברי פאנל המומחים שמינה בית המשפט המחוזי כי המערער סובל מהפרעת אישיות קשה אך כזו שאינה באה בגדר המונח מחלת נפש כפי שזה פורש בפסיקה הגם שלא ניתן להסיק ממצבו הנפשי של המערער כיום מסקנה חד משמעית על מצבו הנפשי בעת ביצוע המעשים יש יסוד לסברה כי לו היה המערער חולה ב מחלת נפש בעת ביצוע המעשים מצבו לאחר שנים של העדר טיפול היה חמור במידה כזו שלמצער המחלוקת בין המומחים בדבר היותו חולה כיום היתה מצומצמת במידה ניכרת אכן אף ד""ר רכואברגר אשר קבע בניגוד לדעת מומחי הפאנל כי המערער נמצא כיום במצב פסיכוטי פרנואידי העיד כי להערכתו המערער חולה לא יותר מ 3 4 שנים שכן אילו היה חולה ב מחלת נפש עוד בתקופה שבה בוצעו המעשים מצבו כיום היה חמור בהרבה בהתאם לכך סבר ד""ר ראוכברגר כי קיים ""ספק גדול"" לגבי היות המערער חולה בעת ביצוע המעשים מהאמור לעיל עולה כי בצדק קבע בית המשפט המחוזי כי אף אם מתקיימות אצל המערער מחשבות שווא בהווה הדבר אינו משליך על קיומן בעבר 7 אל מול אינדיקציות אלה עומדת חוות דעתו של מומחה ההגנה פרופ סילפן אשר קבע כי המערער חווה בחייו מספר אפיזודות פסיכוטיות שהתבטאו בהזיות השתלטות ""כוחות חיצוניים"" על מוחו התגלות הא ל או המלאך בפניו וקבלת הוראות ממנו וכי ""אפשר לומר בסבירות גבוהה שקיים קשר זמנים בין האפיזודות הפסיכוטיות ובין העבירות שבהן הוא מואשם"" ואולם קביעה זו התבססה אך על תיאורי המערער עצמו שניתנו בעת הנוכחית ועל תשובות שנתנו בני משפחתו לשאלון שחיבר פרופ סילפן ולא נתמכה בממצאים חיצוניים ובלתי תלויים זאת ועוד כפי שציין חברי כמה מן הקביעות שעליהן מבוססת מסקנה זו מעוררות קושי לבסוף נראה כי אף חוות הדעת של פרופ סילפן אינה מתיימרת לקבוע ממצא חד משמעי בשאלת קיומה של מחלת נפש בעת ביצוע המעשים ומכאן הנקיטה במונחי סבירות נוכח האמור לעיל סבורני כי בצדק הגיע בית המשפט המחוזי למסקנה כי בעת ביצוע המעשים לא סבל המערער מליקוי של מחלת נפש 8 שנית גם אילו אמרנו כי המערער לקה ב מחלת נפש בעת ביצוע המעשים באתי לכלל מסקנה כי לא הוכח ולו ברמת הספק הסביר כי נגרעה באופן ממשי יכולתו להבין את אשר הוא עושה יכולתו להבין את הפסול שבמעשהו או יכולתו להימנע מעשיית המעשים 9 אשר ליכולתו להבין את מהות המעשים המערער לא העלה טענה של ממש בעניין זה ולפיכך אין מקום להידרש לכך אשר ליכולת להבין את הפסול שבמעשים השאלה אותה עלינו לשאול היא אם נגרעה באופן ממשי מודעותו של המערער למהותם המוסרית של המעשים לאור כללי המציאות החברתית כאשר אמת המידה אינה סובייקטיבית אלא אובייקטיבית השקפתם של בני אדם סבירים דברי ההסבר לסעיף 44 לחוק העונשין יורם רבין ויניב ואקי דיני עונשין כרך ב 763 מהדורה שלישית 2014 לפיכך יש לדחות את טענת המערער ולפיה הבנת אי החוקיות שבמעשה אינה שקולה להבנת הפסול שבמעשה מן הטעם ש ""הוראה מכוח עליון לאדם לעשות מעשה לא כל שכן לאדם מאמין היא כשלעצמה מאיינת מיניה וביה את הבנת הפסול שבמעשה שהרי אם בורא עולם או מי ממשרתיו מצווה לעשות מעשה ברור לכל אדם מאמין שלא מדובר במעשה פסול אלא בהיפוכו הגמור"" כפי שפסק בית משפט זה בעבר ""אמונתו של המערער בצדקת דרכו אין משמעה שלא הבין את הפסול במעשהו כפי שלא כל אדם הסבור כי פשעו מוצדק ייחשב כמי שנכנס בגדרו של סעיף 34ח"" ע""פ 7010 09 אבשלומוב נ מדינת ישראל פסקה 24 לפסק דינו של השופט י עמית 5 7 2012 נסיונותיו של המערער להימנע מלהפליל את עצמו מעידים כאלף עדים על כך שהיה מודע למהות מעשיו ולכך שעל פי כללי המציאות החברתית מעשים אלה אסורים ופסולים מכל וכל 10 אשר ליכולתו להימנע מעשיית המעשים המערער הוכיח בעצם התנהגותו כי הלכה למעשה יכול היה להימנע מעשייתם כאשר חפץ בכך אם מסיבות מוסריות כאשר בחר שלא להרוג ילד או מסיבות אישיות כאשר לא ירה בצועדים במצעד הגאווה מחשש שייתפס ומפחד ההשלכות שיהיו לכך על משפחתו לפיכך לא ניתן לומר כי נגרעה יכולתו להימנע מביצוע המעשים לא כל שכן כי היא נגרעה באופן ממשי לעניין זה סבורני כי צדק בית המשפט המחוזי בדחותו את טענת ההגנה ולפיה לא ניתן לראות באי ביצוע המעשים במקרים אלה עדות ליכולתו של המערער להימנע מביצוע המעשים מן הטעם שבמקרה הראשון קיבל המערער מן המלאך הוראות כלליות בלבד ובמקרה השני היה מודע לכך שייענש על ידי המלאך בשל הפרת ההוראות יצוין כי אף שמומחי הפאנל נמנעו מלקבוע בחוות דעתם קביעה חד משמעית באשר למצבו הנפשי של המערער בעת קרות האירועים קביעתם באשר להבנתו את הפסול במעשים ובאשר ליכולתו להימנע מביצועם ומכאן גם באשר לאחריותו להם היתה חד משמעית על פי עדותו של ד""ר קליאן קביעתם זו התבססה על מאזן הסתברויות רף הוכחה שיש בו כפי שציין חברי כדי להקל על נאשמים את הכניסה בגדר הסייג לעומת הנדרש בפסיקה גריעה ממשית מהיכולת זאת ועוד כפי שציין חברי אף פרופ סילפן שהיה המומחה היחיד שקבע כי בסבירות גבוהה היה המערער נתון תחת התקפים פסיכוטיים בעת המעשים לא קבע כל ממצא בשאלת מידת הפגיעה של התקפים אלה בכושר ההבנה או הרצייה של המערער בעת ביצוע העבירות ובעדותו אישר כי לא היה מודע לכך שהמערער המרה את פי המלאך וכי מדובר במידע מהותי ממנו עולה כי המערער שקל את מעשיו לבסוף גם דבריו של המערער עצמו ולפיהם ""כשאני משחרר פיסה ממה שיש לי בפנים מהאלימות זה רק אם אני רוצה בזה"" עומדים בסתירה לטענה לפיה לא היה בכוחו להימנע מעשיית המעשים 11 שלישית ברי כי הן לאור הקביעה כי המערער לא לקה ב מחלת נפש בעת ביצוע המעשים הן לאור הקביעה כי לא נגרעה יכולתו של המערער להבין את אשר הוא עושה או את הפסול שבמעשהו לא מתקיימת אף דרישת הקשר הסיבתי ולפיה מחלת הנפש היא אשר הביאה לגריעה מהיכולת ולעשיית המעשים ואולם גם אילו הנחנו ששני התנאים הראשונים מתקיימים לא עלה בידי של המערער לעורר ולו ספק סביר כי מחלת הנפש שלה טען היתה בבחינת סיבה בלעדיה אין למעשיו מחומר הראיות עולה כי גורמים אישיותיים הנאה ששואב המערער מסבלם של בעלי חיים או בני אדם תחושת הכוח והעוצמה שהוא מפיק מחוסר האונים של קורבנותיו תפיסתו את עצמו כמי שאינו כפוף לחוקי החברה ואידיאולוגיים נקמת מותם של יהודים בידי ערבים מניעת חילול השם רצונו לקדם את רעיון בנייתה של מדינת הלכה ביהודה ושומרון הם שעמדו ברקע המעשים מרכיבים אלה בבירור אינם קשורים למחשבות השווא הנטענות השוו עניין ברוכים פסקה 38 לראיה כפי שציין בית המשפט המחוזי ביטויים לנטייתו של המערער לאלימות התגלו עוד בטרם המועד שבו נגלה אליו לכאורה המלאך לראשונה 12 המערער טען כי בעניינו כמו בעניין ברוכים עצם ההתאמה בין דברי המלאך למעשיו מלמדת על קיומו של קשר סיבתי בין מחלת הנפש למעשים ואולם טענה זו נסתרת מעצם יכולתו להמרות את פי המלאך כאשר ""משיקולים הנובעים מהמציאות העובדתית"" חפץ לעשות כן אף לא ניתן לקבל את הטענה שמחשבות שווא אשר פגעו בבוחן המציאות של המערער ובכושר השיפוט שלו הן שהביאו לעשיית המעשים שכן כאמור קיימות אינדיקציות לכך שהמערער הבין היטב את המציאות העובדתית ואף התאים את מעשיו למציאות זו לבסוף דבריו של המערער שהובאו לעיל מעידים על כך שגילויי האלימות מצדו הם תולדה של רצונו שלו 13 סיכומו של דבר מכלול חומר הראיות מלמד כי המערער לא סבל מ מחלה שפגעה ברוחו לא היה חסר יכולת של ממש להבין את מעשיו או את הפסול בהם או להימנע מעשייתם ולא התקיים קשר סיבתי בין קיומה של מחלת נפש אצל המערער לבין שלילת היכולת כאמור לפיכך אין עילה להתערב במסקנת בית המשפט המחוזי ולפיה אין מקום להחיל עליו את סייג אי השפיות 14 אשר לערעור על גזר הדין גם כאן מסכים אני עם חברי כי אין עילה להתערבותנו ראשית כפי שציין חברי הפרעת האישיות קשה שנקבע כי המערער סובל ממנה אינה מהווה בהכרח הפרעה נפשית חמורה לעניין סעיף 300א א בהקשר זה ראוי להזכיר את ההלכה הנוהגת ולפיה ככלל הפרעת אישיות כשלעצמה אינה מהווה הפרעה נפשית חמורה ע""פ 226 02 קישוני נ מדינת ישראל פסקה 24 2 5 2012 ע""פ 1019 13 רייצין פאיס נ מדינת ישראל פסקה 21 לפסק דינה של השופטת ע ברון 6 7 2015 ראו גם נייר העמדה בעמ 165 שנית כשלעצמי אני סבור כי דברים שאמרנו לגבי אי התקיימותה של מחלת נפש אצל המערער בעת ביצוע המעשים יפים גם לעניין קיומה של הפרעה נפשית חמורה שהדרישה לעניין סעיף 300א א היא שחומרתה תיפול אך במעט מחומרתה של מחלת נפש שלישית ככל שסבל המערער ממחשבות שווא אשר הגבילו במידת מה את יכולתו להימנע מביצוע המעשים חומר הראיות מורה כי הגבלה זו אינה עולה כדי הגבלה במידה ניכרת כזו שעוצמתה ""גבוהה וקרובה מאוד לזו שהייתה מובילה לפטור מאחריות פלילית"" ע""פ 7408 09 גדו נ מדינת ישראל פסקה 14 לפסק דינו של השופט צ זילברטל 10 3 2013 רביעית אף ככל שסבל המערער מ הפרעה נפשית חמורה אין היא בבחינת סיבה בלעדיה אין לעשיית המעשים אשר כפי שקבע בית המשפט המחוזי יש לתלותם בנטיותיו האישיותיות והאידיאולוגיות של המערער חמישית אף אני סבור כי אין זה המקרה בו תחושת הצדק מחייבת הקלה בעונש לבסוף מסכים אני עם חברי כי אין להתערב בהחלטת בית המשפט המחוזי שלא לחפוף את עונשי המאסר שהושתו על המערער בשל חומרתם הרבה של המעשים וריבוי הקורבנות 15 סוף דבר אני מצטרף לפסק דינו של חברי השופט א שהם אין מקום להתערב בהכרעת הדין של בית המשפט המחוזי ואין הצדקה לשנות מגזר הדין ש ו פ ט הוחלט כאמור בפסק דינו של השופט א שהם ניתן היום כ""ב בסיון התשע""ו 28 6 2016 ש ו פ ט ש ו פ ט ש ו פ ט _____________________"
HUGGINGFACE-961bbbd9e92b,2026-05-26T07:21:27+03:00,manual_review_sentence_relief,sentence_relief_only,"ר נימוק כבד משקל לשינוי עמדתה הרי שהיא מושתקת מלטעון טענות בעניין זה בשלב הערעור על סמך האמור לעיל המערער עותר מבית משפט זה לבטל את עונש המאסר בגין עבירת השמדת ראיה ולחלופין לחפוף אותו במלואו לעונשי מאסר העולם המצטברים אשר הושתו עליו לחלופי חלופין המערער מבקש להפחית עונש זה לעונש בשיעור סמלי 5 מנגד המשיבה טוענת כי יש לדחות את הערעור לעמדתה אף שהעונש לא נתבקש על ידה אין להתערב בו וזאת מאחר שמדובר בתיק רצח חמור אשר התנהל בכללותו לעיני בית המשפט ששמע בפניו את העדים ובחן בעצמו את הראיות כשלבסוף מצא לנכון להטיל עונש נפרד בגין עבירת השמדת ראיה כן מדגישה המשיבה כי המעשים הנוגעים לעבירה זו נפרדים ממעשי הרצח הן באופן מהותי והן מבחינת פער הזמנים בין המעשים באופן המצדיק הטלת עונש נפרד ובמצטבר לדידה של המשיבה גם העובדה שהערך המוגן בעבירת השמדת ראיה שונה מהערך המוגן בעבירת רצח מצדיקה הטלת עונש מובחן על כן לשיטתה עונש המאסר שהושת בגין עבירת השמדת ראיה כמו גם העונש בכללותו שנגזר על המשיב הינו הולם וראוי ויש להותירו על כנו דיון והכרעה 6 לאחר עיון בגזר דינו של בית המשפט המחוזי ובנימוקי הערעור ולאחר שמיעת הצדדים בפנינו הגעתי לכלל מסקנה כי דין הערעור להתקבל במובן זה שעונש המאסר בפועל שהושת על המערער בגין עבירת השמדת ראיה ירוצה באופן חופף לשני מאסרי העולם המצטברים שהושתו עליו בגין עבירות הרצח 7 כמתואר לעיל הערעור מתמקד בעונש המאסר בפועל בן חמש השנים שבית המשפט המחוזי השית על המערער בגין עבירת השמדת הראיה שבה הורשע ואשר הופעל באופן מצטבר ל מאסרי העולם שנגזרו עליו בגין רצח הוריו כפי כשצוין עונש זה הוטל מיוזמתו של בית המשפט באשר הוא לא נתבקש על ידי התביעה משכך הערעור שלפנינו למעשה מעלה שתי שאלות מרכזיות האחת האם ערכאה דיונית מוסמכת להטיל מיוזמתה עונש שלא נתבקש כלל על ידי התביעה והשנייה ככל שהערכאה הדיונית מוסמכת להטיל עונש כאמור האם נפל פגם באופן הפעלת סמכות זו בנסיבות המקרה שלפנינו 8 אפתח בשאלת סמכותה של הערכאה הדיונית להטיל עונש שלא נתבקש על ידי התביעה סקירת הוראות חוק העונשין וחוק סדר הדין הפלילי נוסח משולב התשמ""ב 1982 להלן חוק סדר הדין הפלילי מעלה כי המחוקק לא התייחס מפורשות למצבים בהם בית המשפט משית מיוזמתו עונש שלא נתבקש על ידי התביעה כך סעיף 40ב לחוק העונשין קובע כי העיקרון המנחה בענישה הוא עיקרון ההלימה כלומר ""קיומו של יחס הולם בין חומרת מעשה העבירה בנסיבותיו ומידת אשמו של הנאשם ובין סוג ומידת העונש המוטל עליו"" בדומה לכך סעיף 193 לחוק סדר הדין הפלילי קובע כי ""בתום הטענות לענין העונש יגזור בית המשפט את דינו של הנאשם "" כאשר מהרישא לסעיף 189 לחוק נלמד כי התביעה כלל אינה חייבת להביא ראיות לענין העונש מהאמור עולה כי החוק אינו מחייב את בית המשפט להתחשב בטענות הצדדים בשלב גזירת העונש ואינו מונע ממנו להטיל עונש מיוזמתו ובלבד שעונש זה עומד בעיקרון ההלימה יפים לכך דברי המלומד ג הלוי ""בית המשפט אינו מוגבל בקביעת גזר הדין בידי טיעוני הצדדים ואין הוא כפוף להסכמתם לעניין העונש הראוי לנאשם בנסיבות העניין החלטתו של בית המשפט לעניין קביעת העונש ומידתו הנה החלטה עצמאית שאינה מהווה בהכרח הכרעה במחלוקת בין הצדדים לעניין עונשו של הנאשם והיא כפופה להוראות הדין בלבד במסגרת קביעת גזר הדין נדרש בית המשפט להתחשב בשיקולי הענישה הרלוונטיים כפי שהם עולים ממבנה השתת הענישה יש ואשר ההתחשבות בשיקולי ענישה אלה תביא לידי סטייה מטיעוני הצדדים ויש אשר ההתחשבות בשיקולי ענישה אלה מצויה בגדר טיעוני הצדדים הימצאות הענישה במסגרת טיעוני הצדדים או מחוץ לטיעוני הצדדים אינה מעלה ואינה מורידה לעניין תקפותו וחוקיותו של גזר הדין ושל הענישה הכלולה בגזר הדין מעבר לכך סטייתו של בית המשפט מטיעוני הצדדים לעניין הענישה אינה מהווה בדרך כלל עילה מוצדקת לערעור על גזר הדין כך מחויבותו של בית המשפט לעניין גזר הדין הנה כלפי הדין אשר על הענישה הרלוונטית להיגזר מתוכו בין שהצדדים טענו לכך ובין אם לאו בין שהצדדים מסכימים לכך ובין אם לאו"" גבריאל הלוי תורת הדיון הפלילי כרך ג 195 194 2011 ההדגשה הוספה ס ג 9 ביטוי מובהק לתפיסה זו בפסיקה ניתן למצוא בדבריו של חברי השופט צ זילברטל בע""פ 5611 14 אבו עוואד נ מדינת ישראל פסקה 7 לפסק דינו 8 5 2016 להלן עניין אבו עוואד בקבעו כי ""בידי בית המשפט הסמכות לקבוע את העונש על פי שיקול דעתו גם אם העונש שנגזר אינו מצוי בתוככי ""גבולות הגזרה"" שתחמו הצדדים בטענותיהם"" וכן בדברי המשנה לנשיאה א רובינשטיין בע""פ 1839 14 פלוני נ מדינת ישראל פסקה כ 21 6 2015 להלן עניין פלוני לפיהם ""אין דופי משפטי בהטלת קנס מיזמת בית המשפט"" השקפה זו בלטה בפסיקה גם טרם תיקון 113 לחוק העונשין כפי שניכר בדבריו של המשנה לנשיא מ חשין ""זאת נזכור ונשמור שבסוף כל הסופות בית המשפט הוא המכריע לשבט או לחסד ובמקום שהדין הוא לשבט הוא הגוזר עונש הסמכות והכוח לענישה ובהם עיקר הם בידי בית המשפט האחריות לענישה על כתפי בית המשפט מונחת היא ומילתו של בית המשפט היא המילה האחרונה והקובעת נדע מכאן כי עמדתה של התביעה באשר לגזירת העונש חשובה ככל שתהא אין היא אלא אחד המרכיבים בשיקול דעתו של בית המשפט מרכיב חשוב מרכיב מרכזי ללא כל ספק ואולם כנגדו ובצדיו יתייצבו במקרים המתאימים שיקולים כבדי משקל העשויים למעט ממשקלו"" דנ""פ 1187 03 מדינת ישראל נ פרץ פ""ד נט 6 281 325 2005 ולבסוף ראו גם את דבריי ברע""פ 5567 07 ינטו נ מדינת ישראל 23 10 2007 כי ""בית המשפט אינו כבול לעמדה העונשית שמציגה התביעה ויש בסמכותו לחרוג ממנה לקולה ולחומרה"" 10 הנה כי כן אין מחלוקת באשר לעצם סמכותו של בית המשפט להטיל עונש שלא נתבקש על ידי התביעה ואולם כאמור השאלה אותה יש לבחון כעת היא אופן הפעלתה של הסמכות מבחינת פסיקתו של בית משפט זה בסוגיה דומה כי טרם ניתנה תשובה ברורה לשאלה זו כאשר בעניין אבו עוואד ניתן הדגש על היקף שיקול דעתה של הערכאה הדיונית ואילו בע""פ 3341 14 קוואסמה נ מדינת ישראל 3 11 2015 להלן עניין קוואסמה הושם המוקד על סדרי הדין בהם על הערכאה הדיונית לנקוט בטרם תטיל עונש מיוזמתה כפי שארחיב להלן 11 בעניין אבו עוואד התעוררה השאלה האם ראוי היה שבית המשפט המחוזי יקבע מתחם עונש מחמיר מזה שנתבקש על ידי התביעה חברי השופט זילברטל הביע את עמדתו כי ""ככלל אין מקום להטיל עונש חמור מזה שביקשה התביעה בהיעדרם של פער מהותי ובלתי סביר בעליל בין העונש המבוקש לבין העונש הראוי לדעת בית המשפט או של נסיבות מיוחדות אחרות המצדיקות זאת"" עניין אבו עוואד פסקה 7 לחוות דעתו לעומתו השופטת ע ברון בדעת מיעוט סברה שיש לדחות את הערעור משום שלגישתה אף שככלל אין בית המשפט צריך לסטות לחומרה מהעמדה העונשית של התביעה ""אין להרחיק לכת בקביעת הגבלות על סטייה מכלל זה"" עניין אבו עוואד פסקה 2 לחוות דעתה בנסיבות אותו מקרה השופטת ברון מצאה כי יש לשים דגש על מבחן התוצאה קרי האם מתחם העונש שנקבע בסופו של דבר על ידי בית המשפט המחוזי סוטה ממדיניות הענישה ההולמת כמו כן הציעה השופטת ברון להבחין בין גזר דין שניתן לאחר שנוהל משפט הוכחות לבין גזר דין שניתן במסגרת הסדר טיעון בלא שבית המשפט נחשף לחומר הראיות 12 בעניין קוואסמה נבחן עונש מסוג פיצוי שהושת בידי בית המשפט המחוזי אף שכלל לא נתבקש על ידי התביעה באותו המקרה השופט הנדל סבר בדעת יחיד כי ככל שעסקינן בעונש שהושת מיוזמת בית המשפט בין אם מדובר בקנס פיצוי או מאסר ניתן להטילו בהתקיימותם של שני תנאים האחד ש תינתן להגנה הזדמנות להתייחס לעונש המוטל ו השני שיינתן נימוק מספק מדוע הוטל עונש שלא נתבקש על ידי הצדדים כך עמד השופט הנדל על הדברים ""אכן נכון כי בית משפט הוא אשר קובע את גזר הדין ולכן רשאי הוא להיות ""יותר קטגור מקטגור"" ולהשית על נאשם סוג מסוים של עונש שלא התבקש כלל על ידי התביעה סמכותו של בית המשפט בכגון דא אינה שנויה במחלוקת אולם ראוי כי בבואו לממש סמכות זו ינקוט בית המשפט שני מהליכים של סדרי דין הראשון כי יפנה לסנגוריה או לנאשם אם אינו מיוצג יודיע כי הוא שוקל להטיל עונש שלא התבקש ויאפשר לה להציג את עמדתה בעניין המהלך השני הוא כי בית המשפט ינמק מדוע מצא לנכון להטיל עונש זה אף שהתביעה לא ביקשה להטילו"" עניין קוואסמה פסקה 2 לפסק דינו של השופט הנדל ההדגשה הוספה ס ג וכן ""סמכות לחוד וסדרי דין לחוד ברי בעיני כי יש לאפשר לנאשם לטעון לעונש לא רק באופן פורמאלי אלא אף בצורה מהותית מטבע הדברים זכות הטיעון המהותית העומדת לנאשם מחייבת כי יובא לידיעתו סוג העונש שבית המשפט עשוי לגזור עליו כדי שתעמוד לו האפשרות להתייחס לדבר אף מבחינה מעשית הרי לא רצוי כי הסניגוריה תתייחס בטיעוניה לכל סוגי הענישה בין אם התביעה ביקשה להטילם ובין אם לאו רשאית היא להניח כי עמדת התביעה תוחמת את רף הענישה וסוגיה לחומרה ולמקד את טענותיה בהתאם"" שם 13 סבורני כי אין צורך להכריע במקרה שלפנינו בין הגישות שהובעו בעניין אבו עוואד באשר להיקף שיקול הדעת המסור לערכאה הדיונית לסטות מעמדת התביעה מאחר שמצאתי כי לא התקיימו סדרי הדין הנדרשים להחלטה להטיל עונש מיוזמת בית המשפט לגישתי ובכך אני שותף לעמדתו של חברי השופט הנדל תנאי מוקדם להפעלת סמכות זו הוא כי ננקטו מהלכי סדרי הדין המתאימים בטרם תתקבל ההחלטה כך אף לטעמי מן הראוי כי בטרם תחליט הערכאה הדיונית להטיל עונש מיוזמתה תעלה כוונה זו בפני הצדדים ותאפשר להם להגיב ולהתייחס לכך בנוסף ככל שמצאה הערכאה הדיונית לנכון להטיל עונש כאמור עליה להבהיר בגזר הדין מדוע בחרה לנהוג כן ובפרט להבהיר מדוע אין לשיטתה די בעונשים שנתבקשו על ידי התביעה לדידי יש בנקיטה באופן זה כדי לבטא עקרונות של צדק והגינות באשר היא מאפשרת לנאשם לגבש את הגנתו ומבטיחה כי תמומש זכות הטיעון העומדת לו יתרה מכך עמדה זו מתחייבת גם מחובת ההנמקה המוטלת על הערכאה הדיונית ויש בכוחה לאפשר ביקורת אפקטיבית על הפעלת הסמכות בנסיבות המקרה עם זאת יובהר כי לא בכל מקרה בו הפעלת הסמכות לא נעשתה על פי סדרי הדין שפורטו לעיל יש לקבוע כי הפעלת הסמכות נעשתה באופן שאינו תקין ומשכך כי דין הערעור להתקבל לערכאת הערעור כמו לערכאה הדיונית שיקול דעת רחב ורשאית היא להחליט בהתאם למקרה שלפניה האם להורות על החזרת התיק לשמיעת טיעונים להתערב בעונש או להותירו על כנו ראו עניין קוואסמה פסקה 2 לפסק דינו של השופט הנדל 14 מן הכלל אל הפרט דעתי היא כי נסיבות המקרה שלפנינו מצביעות על הצורך בהתערבות ערכאת הערעור בעונש שהושת בגין עבירת השמדת ראיה כך שירוצה בחופף למאסרי העולם להבדיל מבאופן מצטבר וזאת מן הטעמים הבאים ראשית עסקינן בעונש ""יזום"" של מאסר בפועל אשר פגיעתו הקשה במערער הנעוצה בשלילת חירותו מחזקת את הבעייתיות שבהטלת עונש מיוזמת בית המשפט ללא יידוע הצדדים ומבלי שנתקבלה תגובתם ברי כי במצב דברים זה נפגעה באופן משמעותי זכותו של המערער לטעון להגנתו במסגרת הטיעונים לעונש בפרט למול הפגיעה שנוצרת עת עסקינן בעונש מסוג של קנס או פיצוי שנית אף שבית המשפט המחוזי התייחס בצורה מפורשת לכך שלא נתבקש עונש נפרד בגין עבירת השמדת הראיה הוא לא נימק בצורה מספקת את החלטתו לחרוג ממתווה הענישה ששרטטה התביעה ודוק כל שצוין בגזר הדין בעניין זה הוא כי העונש המוסף ניתן ""על רקע הפגיעה החמורה בערך החברתי המוגן שביסוד עבירה זו כפי שבאה לידי ביטוי במקרה זה "" פסקה 8 לגזר הדין ו שלישית בנוסף לאי התקיימותם של שני התנאים אותם הציב השופט הנדל בית המשפט המחוזי לא נימק מדוע העמיד את עונשו של המערער על חמש שנות מאסר בפועל העונש המרבי הקבוע בגין עבירה של השמדת ראיה ובכך חרג מהוראותיו של סעיף 40יד לחוק העונשין 15 מן הטעמים שבוארו לעיל הייתי מציע לחבריי לקבל את הערעור כך שחמש שנות המאסר שהושתו על המערער בגין עבירת השמדת הראיה ירוצו באופן חופף לשני מאסרי העולם המצטברים שהושתו עליו בגין עבירות הרצח חלף ריצויים במצטבר משכך מתייתר הצורך לדון בשאר הטענות אותן העלה המערער בערעורו ובכללן סבירות העונש ביחס לענישה הנוהגת ונסיבות המקרה לרבות הודאתו העדכנית במעשי הרצח וסבירות ההחלטה להטיל עונש מאסר בנפרד ובמצטבר לעונשי מאסר עולם בגדר למעלה מן הצורך אציין כי לא מצאתי כי יש בטענות אלה כדי להצדיק את התערבותה של ערכאת הערעור ש ו פ ט השופט צ זילברטל אני מסכים ש ו פ ט השופט א שהם אני מסכים ש ו פ ט לפיכך הוחלט כאמור בפסק דינו של השופט ס ג ובראן ניתן היום כ""ט בסיון התשע""ו 5 7 2016 ש ו פ ט ש ו פ ט ש ו פ ט __________"
HUGGINGFACE-5ac99ffba014,2026-05-26T07:21:27+03:00,manual_review_no_defendant_relief,none,ענות השכרות והשלכותיה הועלו בשלב מאוחר של ההליך ולא ניתן הסבר מספק לכבישתן בשלב מוקדם יותר עניין שממילא נושא משקל אף הוא עניין מובראק פסקה 30 סיכום הנקודה סבורני כי יש לדחות את טענותיהן של המערערות לעניין החלת סייג השכרות הפועל היוצא של דברינו עד כה הוא כי יש לדחות את ערעורי המערערות בכל הנוגע להכרעת הדין טענת האחריות המופחתת 25 טענתן של המערערות היא כי על אף העונש הסטטוטורי הקבוע לעבירת הרצח יש להחיל בעניינן ענישה מופחתת מכוח סעיף 300א לחוק עונש מופחת על אף האמור בסעיף 300 ניתן להטיל עונש קל מהקבוע בו אם נעברה העבירה באחד מאלה ג כשהנאשם היה נתון במצב של מצוקה נפשית קשה עקב התעללות חמורה 
HUGGINGFACE-5ae5697dc786,2026-05-26T07:21:27+03:00,manual_review_sentence_relief,sentence_relief_only,"ה לדידו ניתן לפסוק לכל אחד ואחת מנפגעי העבירה פיצויים בגבול "" תקרת הפיצוי "" כפי שהבהירה השופטת ד ברק ארז בעניין טווק מטרת הפיצוי לפי סעיף 77 א לחוק העונשין היא ליתן סעד ראשוני לנפגע העבירה שאינו ממצה בהכרח ומדובר ב"" פשרה בין שני שיקולים מנוגדים מחד גיסא הרצון להקל על נפגעי העבירה בקבלת פיצוי על נזקיהם ומאידך גיסא הכרה במגבלותיו של ההליך הפלילי כהליך שבו לא מתקיים בירור ממשי של היקף הנזק של קורבן העבירה וממילא לא חלים עליו כל הכללים והכלים של דיני הנזיקין לפסיקת פיצויים "" פסקה 12 לחוות דעתה בהמשך לכך הדגשתי באותו עניין במסגרת חוות דעתי כי ""בהינתן אופיו המיוחד של הפיצוי לפי סעיף 77 לחוק העונשין ברי כי דרך המלך צריכה להיות הגשת תביעה אזרחית על ידי כל מי שרואה עצמו כנפגע העבירה במסגרת זו יהא עליו להוכיח ככלל קיומו של נזק את שיעורו של הנזק וקשר סיבתי בין מעשיו של הנאשם הנתבע לבין הנזק שנגרם לתובע עוד יש לציין את המובן מאליו כי סכום התביעה במקרה של הגשת תביעה אזרחית אינו מוגבל וניתן לתבוע את מלוא שיעור הנזק עם זאת יש להזכיר כי פרט להקלות הניתנות לתובע בהוראות חוק שונות כמפורט בפסקה 10 לחוות דעתה של חברתי ניתן להסתייע בהוראת סעיף 42א לפקודת הראיות נוסח חדש התשל""א 1971 להלן פקודת הראיות כבסיס להגשת תביעה אזרחית סעיף זה מאפשר להסתמך על הממצאים והמסקנות של פסק דין חלוט במשפט פלילי המרשיע את הנאשם כראיה לכאורה בהליך האזרחי במקרה מעין זה נדרש נפגע העבירה להוכיח קיומו של נזק ואת שיעורו כמו גם קשר סיבתי ואין צורך להוכיח את אחריותו של הנאשם הנתבע לנזק כדוגמא ליישומו של סעיף 42א לפקודת הראיות ראו פסק דיני בבית המשפט המחוזי בתל אביב יפו ת""א 2398 06 אלום גולד נ דור 9 8 2015 פסקאות 13 12 "" 72 לא ניתן להתעלם אמנם מן האסון והשבר הקשה שפקדו את הוריה של המנוחה עקב מעשיו הנפשעים של המערער אשר רצח באכזריות אין קץ את בתם האהובה ומהנזק הרב שנגרם להם אין ספק שמן הראוי כי המערער יפצה את הוריה של המנוחה על נזקיהם אף כי ברור שכל פיצוי כספי שיקבלו לא יהווה תחליף למקומה של בתם בחייהם עם זאת ולמרות שהלב יוצא אל הוריה של המנוחה אשר איבדו את בתם באורח כה טראגי עקב מעשיו של המערער הרי שבהינתן דעת הרוב בעניין טווק אליה כאמור הצטרפתי נראה כי יש להגביל את סכום הפיצויים אשר הושת על המערער לכדי סכום מירבי של 258 000 אשוב ואדגיש כי אין בכך כדי לגרוע מזכותם של הורי המנוחה ללכת ב"" דרך המלך "" ולהגיש תביעה אזרחית נגד המערער על מלוא הנזק שנגרם להם וללא הגבלת סכום וזאת בהסתמך על הממצאים העובדתיים שנקבעו בהכרעת הדין המרשיעה שהפכה להיות בעקבות פסק דיננו לחלוטה וזאת בהתאם לסעיף 42א לפקודת הראיות 73 אשר להודעת המשיבה מיום 25 7 2016 לפיה היא הגישה בקשה לקיום דיון נוסף בעניין טווק אומר כי כל עוד בקשה זו לא נדונה ולא הוכרעה הרי שדעת הרוב שנקבעה בעניין טווק היא לטעמי הלכה מחייבת ובנסיבות אלו אין מנוס אלא להעמיד סכום פיצויים על סכום מירבי של 258 000 שיחולק שווה בשווה בין הוריה של המנוחה אין ניחומים להורי המנוחה ולבני משפחתה על אבדן הבת היקרה שלי דדון ז""ל בידי רוצח בן עוולה ואולי ניתן להתנחם במעט בכך שהרוצח המתועב נתן את הדין על מעשיו הנפשעים ובא על עונשו 74 לאור האמור לעיל אציע לחבריי לקבל את ערעורו של המערער על גזר הדין לעניין שיעור הפיצויים במובן זה שהמערער יחויב בתשלום פיצויים בסכום מירבי של 258 000 אשר יחולק כאמור בין הורי המנוחה סוף דבר 75 על יסוד הנימוקים שפורטו לעיל אמליץ לחבריי לדחות את ערעורו של המערער על הכרעת הדין ולקבל את ערעורו על גזר הדין לעניין סכום הפי"
HUGGINGFACE-a8b3cc72b35e,2026-05-26T07:21:27+03:00,manual_review_no_defendant_relief,none,"בר לספק סביר במשולב עם כמה וכמה ""דברי מה נוספים"" כנ""ל יש די והותר כדי להוכיח את אשמתו ברציחתו של המנוח סוף דבר 68 על סמך האמור לעיל מסקנתי ברורה כי הוכח ששמואל הוא אשר המית את המנוח רצחו בכוונה תחילה ולפיכך בדין הרשיעו בית המשפט המחוזי 69 אשר על כן אציע לחברי לדחות את הערעור ש ו פ ט השופטת ד ברק ארז אני מסכימה לצד העובדה שאף אני סבורה כי אשמתו של המערער הוכחה מעבר לספק סביר אני מבקשת להצטרף לדבריו הנכוחים של חברי השופט נ סולברג באשר לכך שרצוי להימנע ככל הניתן מהפעלתו של אותו מדובב מול כמה מעורבים באותו תיק אכן כפי שציין חברי לא היה בכך כדי לפגום בתוצרי הדיבוב בנסיבות העניין אולם פני הדברי"
HUGGINGFACE-e8953c7c6b21,2026-05-26T07:21:27+03:00,manual_review_sentence_relief,sentence_relief_only,"ורות אפוא כי סכום הפיצוי יעמוד על 258 000 ש""ח מתוכם סך של 110 000 ש""ח לזכות אחותה של המנוחה וסך של 148 000 ש""ח לזכות אם המנוחה חלוקה זו תואמת את המתווה היחסי שקבע בית המשפט המחוזי לעניין אופן חלוקת הפיצוי בין שתי קרובותיה של נפגעת העבירה 4 סוף דבר אציע לחבריי לקבל את הערעור על גזר הדין באופן חלקי כך שסך הפיצוי שבו יחויב המערער יעמוד על יעמוד על 258 000 ש""ח מתוכם סך של 110 000 ש""ח לזכות אחותה של המנוחה וסך של 148 000 ש""ח לזכות אם המנוחה ש ו פ ט השופט י דנציגר אני מסכים ש ו פ ט השופטת ע ברון אני מסכימה ש ו פ ט ת הוחלט כאמור בפסק דינו המשלים של השופט נ הנדל ניתן היום כ""ב בטבת התשע""ח 9 1 2018 ש ו פ ט ש "
HUGGINGFACE-bf73ba409f35,2026-05-26T07:21:27+03:00,manual_review_no_defendant_relief,none,של המשיבה הגידופים הצעקות והקללות של המנוח אינם עולים כדי קנטור המערער לא לפי בחינה סובייקטיבית ולא לפי בחינה אובייקטיבית דיון והכרעה 18 לאחר שעיינתי בהודעת הערעור על נספחיה ובפסק דינו של בית המשפט המחוזי ולאחר שמיעת טענות הצדדים בדיון שנערך לפנינו אציע לחברי לדחות את הערעור המערער טוען שעל בית משפט זה להתערב בקביעות עובדתיות רבות שנקבעו על ידי בית המשפט קמא ולאמץ גרסה עובדתית שונה מזו שנקבעה בעניינו נוסף על כן המערער עומד על שתי טענותיו העיקריות שהובאו בפני בית המשפט המחוזי לפיהן המעשים בגינם הועמד לדין נעשו תוך הגנה עצמית ובהעדר יסוד הכוונה הנדרש להרשעה בעבירת הרצח אדרש לכל אחת מהטענות 
HUGGINGFACE-7577b9464623,2026-05-26T07:21:27+03:00,manual_review_sentence_relief,sentence_relief_only,"ת המערער בעבירה של שיבוש הליכי משפט לפי סעיף 244 לחוק העונשין והעונש בגינה דעתי כדעת חברי השופט מזוז ש ו פ ט השופט ס ג ובראן 1 עיינתי בקפידה בחוות הדעת של חברי מ מזוז מזה ושל חברי נ סולברג מזה ולאחר ששבתי והפכתי בסוגיה אני מצטרף לדעתו של חברי השופט מזוז כי יש לקבל את הערעור במובן זה שנזכה את המערער מביצוע עבירת ההריגה ונדחה את ערעורו על הרשעתו בעבירת שיבוש מהלכי משפט כפי שיבואר להלן לא מצאתי מקום להרשיע את המערער בעבירת גרימת מוות ברשלנות חלף עבירת ההריגה כפי שהציע חברי השופט סולברג מאחר שכולנו תמימי דעים כי יש לזכות את המערער מעבירת ההריגה ועיקרה של המחלוקת שבין חבריי נוגעת ליסוד הנפשי של עבירת גרימת מוות ברשלנות אמקד את דיוני בהיבט זה 2 כפי שעמד על כך חברי השופט סולברג היסוד הנפשי הנדרש להרשעה בגין עבירת גרימת מוות ברשלנות המצויה בסעיף 304 לחוק העונשין התשל""ז 1977 להלן חוק העונשין או החוק הוא כי אדם מן הישוב בנסיבות העניין היה צופה את אפשרות גרימת תוצאת המוות ראו פסקה 25 לחוות דעתו של חברי וכן ע""פ 7832 00 יעקובוב נ מדינת ישראל פ""ד נו 2 534 542 541 2002 להלן עניין יעקובוב אם כן השאלה כפי שהציג אותה חברי בפסקה 26 לחוות דעתו היא ""האם המערער יכול וצריך היה בנסיבות העניין כי מניעת יציאתה של המנוחה אשר הייתה נתונה תחת השפעת אלכוהול וסמים מדירתו חרף בקשותיה לצאת ולאחר שציינה בפניו כי תצא דרך המרפסת תביא לכך שאכן תנסה לצאת ממרפסת דירתו תיפול ותמצא כך את מותה "" חברי ענה בחיוב לשאלה זו בעוד תשובתי שלילית היא ואפרט 3 מושכלות יסוד הן כי כאשר אנו בוחנים את היסוד הנפשי של העושה או משעסקינן בעבירת רשלנות את היסוד הנפשי של אדם מן הישוב בנסיבות העניין עלינו למקם ככל הניתן את בחינתנו לזמן האמת של המעשה וליסוד הנפשי של העושה באותו הזמן וראו לאחרונה דבריי בע""פ 8080 12 אולמרט נ מדינת ישראל פסקה 59 לפסק דיני 28 9 2016 להלן עניין אולמרט סבורני כי בצדק קבע חברי השופט מזוז כי ייחוס צפיות למערער כי בזמן אמת שיער כי המנוחה תביא אל מותה חכמה שלאחר מעשה היא וראו פסקה 36 לחוות דעתו וזו עמדתי גם לשאלה האם אדם מן הישוב בנסיבות העניין היה צופה כי המנוחה תביא אל מותה 4 בעניין יעקובוב המנחה לסוגיה זו נקבע כי שאלת צפיות האדם הסביר אשר תנתק את הקשר הסיבתי למעשה המתה עצמי היא שאלה של נסיבות המקרה שם בעמ 545 וראו גם דנ""פ 983 02 יעקובוב נ מדינת ישראל פ""ד נו 4 385 395 2002 כפי שיבואר להלן מצאתי כי אף אם נבחן את האירוע לפי קביעת בית המשפט המחוזי כי אין לקבל את חוות דעתו של ד""ר קוגל לפיה השילוב של הסמים והאלכוהול היה יכול לגרום לתחושת ""עילאות והתעלות"" משום שאינו טוקסיקולוג מומחה קביעה שבמאמר מוסגר אינני מסכים עמה כאמור בפסקה 24 לחוות דעתו של חברי השופט מזוז ומטעמיו שם עמדתי היא כי בנסיבות המקרה שלפנינו לא מתגבש היסוד הנפשי של עבירת גרימת מוות ברשלנות 5 ראשית ועיקר משום שאינני סבור כי הממצא העובדתי לפיו המערער מנע את יציאתה מהדירה של המנוחה הוכח כנדרש כפי שעמד על כך בית המשפט המחוזי ישנן שתי יציאות מן הדירה אל המרפסת יציאה מהסלון ויציאה מחדר השינה בשל חשיבות הדברים אביא את שרטוט הדירה שהוגש לנו ולבית המשפט המחוזי 6 בבית המשפט המחוזי המשיבה הציגה ראיות לפיהן הדלת שבין הסלון למרפסת הייתה נעולה וכנראה היה בחור המנעול מפתח שבור כך שהיציאה הישירה מהסלון למרפסת לא הייתה אפשרית על סמך ראיות אלו קבע בית המשפט המחוזי כי היציאה של המנוחה אל המרפסת לא הייתה מהסלון אלא בדרך העקיפה מחדר השינה וראו עמ 357 להכרעת הדין הצדדים לא השיגו על קביעה זו ומבחינת הראיות שהונחו בפני בית המשפט המחוזי קביעה זו מקובלת עליי ואני סבור שיש בה כדי להשליך על הממצא בדבר מניעת יציאתה של המנוחה מהדירה בעוד בית המשפט המחוזי לא נדרש כלל לקביעת ממצא בדבר מניעת יציאתה של המנוחה מהדירה חברי השופט סולברג מצא כי מעדויותיו של המערער שנמסרו במשטרה ובעדותו בבית המשפט הוא חזר בו מדבריו אלה עולה כי הוא אכן מנע את יציאתה וראו פסקאות 16 13 לחוות דעתו חברי ביסס את מסקנתו על כך שבאחת מגרסאותיו מסר המערער כי חסם בגופו את דרך יציאתה כאשר עמד ליד המקרר וכשהתקרבה המנוחה אליו וניסתה לדחוף אותו הוא הגיב בביצוע תנועת ""איקס"" עם ידיו ובגרסה אחרת המערער מסר כי את תנועה זו עשה לאחר שהמנוחה רצה לכיוונו מחדר השינה לסלון על סמך האמור חברי קבע כי ניתן למקם את המערער בדרך המובילה לדלת היציאה מהדירה ומשכך מנע ממנה לצאת 7 מסקנתי שונה ראשית אינני רואה מקום להתערב בממצא המהימנות של בית המשפט המחוזי שלא מצא לייחס ""אף לא שמץ של אמון"" לעדות המערער עמ 365 להכרעת הדין כידוע ערכאת הערעור אינה מתערבת בממצאי מהימנות של ערכאת הערעור אלא במקרים חריגים וזאת לאור יתרונה האינהרנטי של הערכאה הדיונית הנגזר מאפשרותה להתרשם מן העדים באופן ישיר ובלתי אמצעי ראו למשל ע""פ 2697 14 חדאד נ מדינת ישראל פסקה 76 לפסק דיני 6 9 2016 להלן עניין חדאד עניין אולמרט בפסקה 35 לפסק דיני ע""פ 9308 12 עיסא נ מדינת ישראל פסקה 63 30 7 2015 ע""פ 5767 14 פלוני נ מדינת ישראל פסקה 72 16 6 2016 ע""פ 2848 14 סיגר נ מדינת ישראל פסקה 26 12 11 2014 אינני סבור כי מקרה זה נופל בגדר מקרים חריגים אלה בין היתר נוכח ממצאיו החד משמעיים והמבוססים כדבעי של בית המשפט המחוזי לעניין מהימנותו של המערער יתרה מכך אף אם נבחן את השתלשלות האירועים לפי עדויותיו האמורות של המערער אינני סבור כי עולה תמונה ברורה דיה כי הוא אכן מנע את יציאתו של המנוחה כאמור באחת מהגרסאות מיקם עצמו המערער ליד המקרר כלומר בחלקה של הדירה שבו ממוקם הסלון וראו שרטוט לעיל ובגרסה האחרת מיקם עצמו בסלון כשהמנוחה רצה לכיוונו מחדר השינה בכל גרסאותיו אם כן ממקם עצמו המערער באזור סלון הדירה בעוד כפי שניתן לראות בשרטוט דלת היציאה מהדירה מצויה באזור חדר השינה של הדירה משלא הוכח כנדרש כי המערער חסם את דרכה של המנוחה דווקא לכיוון דלת היציאה ומשלא הוכח כי דלת היציאה הייתה נעולה לא ניתן לבסס לשיטתי כי המערער מנע את יציאתה של המנוחה מהדירה לכך מתווסף הקושי בקביעת ממצא בדבר קיומו של מאבק פיזי בין המערער לבין המנוחה אמנם מעדותה של המומחית ד""ר גיפס עולה כי ישנן פגיעות שנגרמו למנוחה סמוך למותה ולא כתוצאה מהנפילה ואולם לדידי קיים ספק מהו מועד גרימתן המדויק של הפגיעות שנגרמו למנוחה והאם אלו קרו לפני מפגשם של השניים וראו פסקה 23 לחוות דעתו של חברי השופט מזוז ופסקה 9 לחוות דעתו של חברי השופט סולברג אשר מטעמיו של חברי השופט מזוז אף אני סבור כי אינו מאפשר לקבוע כי אכן התקיים מאבק שכזה בין השניים עובר לנפילתה בהעדרו של ממצא כי המערער מנע את יציאתה מהדירה של המנוחה ובהעדרו של ממצא כי התקיים מאבק פיזי בין השניים סבורני כי לא ניתן לבסס ברמה הנדרשת כי אדם מן הישוב באותן נסיבות היה צופה את האפשרות כי המנוחה תביא אל מותה ראו והשוו לפסק הדין הגרמני בעניין Rotzel BGH NJW 1971 152 שם בית המשפט העליון הגרמני הרשיע אדם בעבירה מקבילה של גרם מוות ברשלנות לאחר שזה נקט באלימות קשה כלפי עוזרת הבית שלו ומנע את יציאתה מחדרה כך שלא הייתה לא ברירה אלא לצאת ממרפסת החדר אל מותה אציין כי לגישתי ככל שהיה נקבע כממצא עובדתי כי המנוחה יצאה אל המרפסת מסלון הדירה כך שהמערער מנע ממנה דרך יציאה אחרת היה בכך כדי לחזק את התזה המפלילה אך לא כך הדבר וסבורני כי אין די בחומר הראיות הקיים כדי לבסס ממצא זה ראו והשוו פסקאות 21 ו 37 לחוות דעתו של חברי השופט מזוז 8 לכך יש להוסיף כי מתקשה אני להלום את הטענה כי ניתן וצריך לצפות כי אדם יביא עצמו אל מותו בשל סכסוך נקודתי בשונה למשל מעניין יעקובוב שם היה מדובר בהתעללות פיזית ונפשית ממושכת שנים שהביאה למעשה ייאוש של המנוחה בענייננו מדובר בסכסוך נקודתי בלבד אשר בנוסף למשכו השונה גם רמת הייאוש של המנוחה היא שונה משמעותית וראו עוד על הבדלי הנסיבות בין ענייננו לבין עניין יעקובוב בפסקה 39 לחוות דעתו של חברי השופט מזוז אמנם יש מקום לתת משקל לייאושה של המנוחה הנובע מנסיבות חייה הקשות אולם עלינו לבחון כיצד ייאוש זה נתפש בעיני המערער לאור היכרותם הקצרה נטילת חיי אדם בידו עצמו היא מעשה קיצוני בחברה המקדשת את עקרון קדושת החיים ומוקשה בעיניי לומר כי ניתן וצריך לצפות זאת במקרים כגון זה שלפנינו כזכור טענת המערער כי השפעת האלכוהול והסמים היא שגרמה למנוחה לקפוץ אל מותה לא נתקבלה ולשיטתה האחת של המדינה המנוחה ""הייתה במצב שהיא ידעה מה היא עושה"" בהקשר זה אציין כי מקובלת עליי טענת המערער לפיה המדינה מדברת ""בשני קולות"" סותרים לעניין מצבה הנפשי של המנוחה אכן מחד היא מסתייגת מקביעתו של ד""ר קוגל לגבי מצבה של המנוחה כגורם שמסביר את נפילתה מהמרפסת אל מותה ומאידך כדי לייחס צפיות למערער היא טוענת כי במצבה המעורער של המנוחה היה על המערער לצפות מעשה לא רציונאלי מצדה דיבור בשני קולות זה אינו מאפשר קביעה חד משמעית בדבר אשמתו של המערער או בדבר צפייתו של האדם מן הישוב באותן נסיבות ומותיר בנמצא הסברים חלופיים שלא ניתנים לשלילה 9 על יסוד כל האמור סבורני כי לא ניתן לקבוע ברמה הנדרשת כי אדם מן הישוב בנסיבות העניין היה צופה את אפשרות גרימת מותה של המנוחה ועל כן הגעתי לכלל מסקנה כי אין מקום להרשעת המערער בעבירה של גרימת מוות ברשלנות 10 ונותרנו עם עבירת שיבוש מהלכי משפט לפי סעיף 244 לחוק העונשין בדומה לחברי השופט מזוז הפכתי ביני וביני גם באפשרות להרשיע את המערער בעבירה אחרת כמו למשל עבירת התקיפה לפי סעיף 379 לחוק ואולם אני מסכים עם חברי כי הדברים אינם נקיים מספק ראייתי וכי תקופת המאסר שכבר ריצה המערער די בה כדי להלום את מעשיו וראו פסקה 42 לחוות דעתו 11 יובהר ויודגש כי נסיבות ביצוע עבירה זו של שיבוש מהלכי משפט חמורות מאוד הן כפי שעמד על כך בית המשפט המחוזי לא רק שהמערער סילק מהדירה כל ראיה שיוצרת זיקה בינו לבין המנוחה נמלט מהזירה והחליף בגדים אלא הוא אף ביצע פעולת הטעיה בדרכו חזרה לדירתו והציג גרסאות שקריות לעניין שהותו בדירה בזמן קטילת חיי המנוחה וראו עמ 367 להכרעת הדין אין עוררין כי על כך עליו לתת את הדין עם זאת לאחר בחינת מכלול השיקולים הרלוונטיים סבורני כי תקופת המאסר בפועל בת כשנתיים שכבר ריצה בפועל המערער מתוך שלוש השנים המקסימליות בגין עבירה זו הינה עונש אשר הולם את חומרת המעשים ומשכך די בתקופה זו ואין מקום להוסיף ולהטיל על המערער עונש נוסף על כן מצאנו כי אין מקום שהמערער יוסיף וירצה עונש מאסר נוסף וראו החלטתו של השופט נ הנדל מיום 27 9 2016 שהפסיקה את ביצוע מאסרו של המערער 12 טרם חתימה אבקש להעיר ולהדגיש כי המקרה שלפנינו הוא אינו מקרה פשוט להכרעה המנוחה מצאה את מותה בשל השתלשלות אירועים מצערת אשר ראויה לגינוי והוקעה ואולם אין בידינו ראיות ישירות אשר מבססות את המסקנה כי המערער ביצע את המעשה אשר יוחס לו ואשר בגינו הורשע בבית המשפט המחוזי דחיפה והפלה באופן פיזי כלשהו של המנוחה ממרפסת דירתו אמנם ניתן להרשיע נאשם על סמך ראיות נסיבתיות אך כפי שעמדתי על כך בעניין חדאד "" יש הכרח כי המסקנה המפלילה תהיה המסקנה ההגיונית היחידה העולה ממכלול הראיות הנסיבתיות ככל שקיימת גרסה עובדתית חלופית המועלית על ידי הנאשם או המתגלה מהעובדות אשר הוכחו בפני בית המשפט ממנה עולה מסקנה אפשרית אחרת מלבד המסקנה המרשיעה יהיה די בכך לשם זיכויו מהאשמה המיוחסת לו"" שם בפסקה 72 לפסק דיני כמובן ככל שמסקנה מזכה זו זוכה לאחיזה בחומר הראיות וכך בענייננו וראו פסקה 27 לחוות דעתו של חברי השופט מזוז בהליך שלפנינו 13 על כל האמור אני מסכים עם עיקרי פסק דינו של חברי השופט מ מזוז ועם התוצאה שאליה הגיע ש ו פ ט הוחלט ברוב דעות כאמור בפסק דינם של השופטים מ מזוז ו ס ג ובראן לקבל את הערעור ולבטל את הרשעתו של המערער בעבירת ההריגה ואת עונשי המאסר והמאסר על תנאי אשר נגזרו עליו בבית משפט קמא בגין הרשעה זו וזאת כנגד דעתו החולקת של השופט נ סולברג שסבר שיש לקבל את הערעור בחלקו לענין זה ולהמיר את הרשעת המערער בעבירת ההריגה בהרשעה בעבירה של גרם מוות ברשלנות ערעור המערער על הרשעתו בעבירה של שיבוש מהלכי משפט נדחה פה אחד התוצאה היא העמדת עונשו של המערער על תקופת המאסר שכבר ריצה עד לשחרורו ביום 27 9 2016 על פי החלטת בית משפט זה עם מתן פסק דיננו זה בטלים התנאים שנקבעו לשחרור המערער ניתן היום כ""א בחשון התשע""ז 22 11 2016 ש ו פ ט ש ו פ ט ש ו פ ט _________________________ העותק כפוף לשינויי עריכה וניסוח 15001490_B13 doc אב מרכז מידע טל 077 2703333 אתר אינטרנט ww"
HUGGINGFACE-eea99af84a58,2026-05-26T07:21:27+03:00,manual_review_sentence_relief,sentence_relief_only," לכרות הסכם עד מדינה שכן עד המדינה ורוני נחשדו בתחילת הדרך כמבצעים עיקריים של מעשי הרצח וכריתת ההסכם האפילה על החקירה כולה הן בשל מתן האפשרות לעד המדינה למלט עצמו ולהטיל את האחריות לביצוע המעשים על המערערים והן בשל כך שעד המדינה ורוני תיאמו גרסאות באין מפריע בערעורו של דימה אף הודגש ביתר שאת כי כריתת ההסכם נעשתה בניגוד להנחיה מס 4 2201 של היועץ המשפטי לממשלה בדבר ""עד מדינה"" להלן הנחיית היועץ 26 עוד נטען כי יש בחומר הראיות תמיכה לגרסת המערערים לפיה עד המדינה ורוני הם אלה שביצעו את מעשי הרצח בערעורו של דימה נטען גם נגד הראיות שבית המשפט ראה בהן ראיות סיוע ובערעורם של סרגיי ואיגור נטען גם נגד החלטת בית המשפט המחוזי מיום 30 12 2012 מ""ת 50302 03 11 כב השופט נ אבו טהה בעתירה לגילוי ראיה שהגישו המערערים במסגרתה ביקשו כי זהות המקורות של שתי ידיעות מודיעיניות ייחשפו ידיעה אחת עניינה בכוונתו של רוני לאסוף מידע בכסות של ""שיחת האזהרה"" והידיעה השנייה עניינה במידע שהגיע למשטרה אודות הימצאו של אקדח בביתו של המנוח 27 לחלופין טענו המערערים כי יש לאמץ את פסק דינו של השופט לוי הן ביחס לדימה והן ביחס לאיגור ולהחיל את קביעותיו גם על סרגיי דימה עתר לחלופי חלופין להקל בעונשו ולקבוע כי שני מאסרי העולם שהושתו עליו ירוצו בחופף וזאת בהתאם לסעיף 186 לחוק סדר הדין הפלילי נוסח משולב התשמ""ב 1982 להלן חוק סדר הדין הפלילי הקובע כי אין להעניש יותר מפעם אחת בשל אותו מעשה 28 מנגד סמכה המדינה ידיה על תוצאת פסק הדין ועל ההנמקות שהובאו בפסק דינו של הרוב לצד זאת טענה המדינה כי לשיטתה בהינתן שגרסאותיהם של המערערים במשטרה הציבו יריעת מחלוקת רחבה יותר מאשר זו שהוצבה בסופו של דבר במשפט היה מקום לקבוע כי גם ראיות נוספות הן ראיות סיוע לעדותו של עד המדינה כמו כן טענה המדינה כי אין מקום לאמץ את חוות דעתו של השופט לוי והדגישה כי היא חולקת על חלק מקביעותיו העובדתיות כמו גם על התוצאה אליה הגיע ביחס לדימה ואיגור ובהקשר זה הטעימה כי לדידה תוצאה זו שגויה אף אם מאמצים את הניתוח העובדתי שעמד בבסיס חוות הדעת 29 אשר לטענות המכוונות נגד כריתת הסכם עד המדינה השיבה המדינה כי בהסכם לא נפל כל פגם לא במועד הכריתה ואף לא בבחינתו בדיעבד הודגש כי המשטרה לא ראתה בעד המדינה חשוד עיקרי ובהתאם לא נדרש אישור פרקליט המדינה להסכם וכן כי מכל מקום הסכם עד המדינה הותנה בכך שעד המדינה אינו המבצע העיקרי או מזמין הרצח ונקבעו סנקציות למקרה שיתברר בדיעבד כי זהו המצב עוד נטען כי בניגוד לטענות המערערים חוקרי המשטרה לא נשבו בסיפורו של עד המדינה וכי טרם כריתת הסכם עד המדינה המשטרה ידעה מיהם הגורמים המעורבים בפרשה 30 לבסוף בנוגע לטענתו של דימה כי היה מקום להשית עליו עונשי מאסר עולם חופפים ולא מצטברים נטען כי טענתו זו הועלתה לראשונה במסגרת הערעור וכי במהלך הדיון בבית המשפט המחוזי לא חלק בא כוחו על המצב המשפטי המצדיק הטלת עונשים מצטברים ולגופו של ענין נטען כי המקרה דנן הוא מקרה מובהק אשר מצדיק הטלת עונשי מאסר עולם מצטברים 31 בדיון שנערך לפנינו חזרו באי כוח הצדדים על טענותיהם לאחר הדיון במעמד הצדדים קיימנו גם דיון במעמד צד אחד בענין חלקו של הערעור המופנה כנגד החלטת בית המשפט שלא לגלות את המקורות של שתי ידיעות מודיעיניות דיון והכרעה 32 תחילה נידרש לחלקו של הערעור המופנה כנגד החלטת בית המשפט המחוזי השופט נ אבו טהה בעתירה לגילוי ראיה שהגישו סרגי ואיגור לחשיפת זהות מוסרי שתי ידיעות מודיעיניות כאמור בית המשפט קבע בהחלטתו מיום 28 3 2013 כי אין לחשוף את זהות מוסרי שתי הידיעות המודיעיניות בהחלטתו קבע בית המשפט כי לאחר שמיעת טענות הצדדים עיון בידיעות וקבלת הבהרות מהמדינה הגיע לכלל מסקנה כי אין בחשיפת זהות המקורות כדי להועיל להגנתם של סרגיי ואיגור שכן זהותם אינה תומכת בתזה לפיה עד המדינה ורוני ביצעו את מעשי הרצח לאחר עיון בחומר לרבות הפרוטוקול החסוי של בית משפט קמא וקבלת הסברים מבא כוח המדינה לא מצאנו מקום להתערב בהחלטה זו 33 ועתה לעיקר הערעורים ולצורך כך בטרם אבחן את טענות המערערים לגופן אסקור את הראיות שעמדו בפני בית משפט קמא לצורך מתן הכרעת דינו הראיות שעמדו לפני בית המשפט המחוזי א עדות עד המדינה 34 הראיה המרכזית מטעם המדינה הייתה עדותו של עד המדינה בעדותו אישר עד המדינה את עובדות כתב האישום שהיו בידיעתו בהתייחסו לפרק הזמן הסמוך למעשי הרצח העיד עד המדינה כך המערערים התכוננו לקראת היציאה לכיוון ביתו של המנוח בשכונת נחל בקע סרגיי שכנע את רוני שיסיעם לשם רוני סרב בתחילה וכעס על עד המדינה שהוא מערבו בכך אך כאמור לבסוף התרצה עד המדינה ערך שרטוט של מקום מגוריו של המנוח ודימה לקח את האקדח ושם בנדנה על הראש בדרכם למקום מגוריו של המנוח ברכבו של רוני אמר סרגיי לעד המדינה להחליף את החולצה הלבנה שלבש כדי שלא יבחינו בהם ולפיכך הם עצרו ליד ביתו של עד המדינה והוא עלה לביתו והחליף חולצה משם המשיכו הם הגיעו לשכונת נחל בקע ורוני הורידם מהרכב בניגוד לתכנון המקורי לפיו רוני ועד המדינה היו אמורים להוביל את המערערים ולעזוב את המקום בעוד המערערים ממתינים לשעת יציאתו של המנוח לעבודה החליט סרגיי לפעול מיד עד המדינה והמערערים הגיעו אל גבעה הצופה אל ביתו של המנוח עד המדינה הצביע על הבית ואמר למערערים כי למנוח יש רכב הונדה בצבע אדום או בורדו איגור ירד מהגבעה ווידא שהרכב נמצא ואחריו ירד עד המדינה ווידא שוב שמדובר בבית המנוח עד המדינה העיד כי הוא הזהיר את המערערים מפני אפשרות שבבית המנוח יש אנשים נוספים חברים או בת זוגו של המנוח עם ילדה הקטן אך דימה אמר לסרגיי שזה לא מעניין אותו והוא לא משאיר אף אחד בחיים סרגיי בתגובה אמר לו כי הוא יודע מה הוא צריך לעשות והורה לדימה ולאיגור להתחיל לפעול 35 עד המדינה המשיך והעיד כי דימה ירד מהגבעה עם אקדח שלוף ונצמד לקיר ואיגור ניגש לשער הכניסה ופתח אותו לאחר מכן שמע עד המדינה צרור יריות והחל לברוח סרגיי ברח בעקבותיו דימה ואיגור החלו לרוץ אף הם וחברו לעד המדינה ולסרגיי במהלך הריצה פרק דימה את האקדח מהמחסנית ונפל לו כדור עד המדינה שאל אותו על כך ודימה השיב לו כי השאיר שני כדורים למקרה חירום עד המדינה העיד כי חשש ששני הכדורים יועדו לו ולרוני ועל כן החליט להוביל את המערערים במנוסתם לכיוון אחר ולא לעבר רכבו של רוני שהיה אמור להמתין להם זאת על מנת שיירתעו מלהרוג את עד המדינה ביודעם כי רוני יודע שעד המדינה נמצא עם המערערים עד המדינה והמערערים נמלטו רגלית משכונת נחל בקע דרך שכונת נווה נוי חצו את הנחל העובר בשכונה הגיעו לעיר העתיקה ומשם המשיכו לדירת המסתור בשכונה ד 36 לדבריו של עד המדינה כשהגיעו לדירת המסתור התקלחו והתארגנו שם גם פגש אותם רוני דימה החליף בגדים ושרף את הבגדים המשומשים לעיני עד המדינה ורוני מחוץ לדירה מאוחר יותר למד עד המדינה כי רוני השאיר את רכבו בקיוסק ""פסק זמן"" שברחוב מצדה שם הושארו שני הטלפונים הניידים של עד המדינה מפורקים כך לטענתו ועל כך עוד בהמשך רוני כך על פי גרסתו של עד המדינה החליף עם בוריס שפושניקוב בעל הקיוסק להלן בוריס כלי רכב מחשש שיעצרו אותו עם הרכב שבו הגיעו במקור לשכונת נחל בקע ויצא לחפש עם רכבו של בוריס את החבורה עד המדינה ורוני נסעו לקיוסק של בוריס על מנת להחליף חזרה את כלי הרכב ולקחת את הטלפונים הניידים של עד המדינה מאוחר יותר סייע בוריס לעד המדינה להסיע את סרגיי חזרה לעיר מגוריו קרית גת ב עדותו של רוני ואמרותיו במשטרה 37 גם רוני העיד מטעם המדינה זאת במקביל להיותו נאשם בפרשה במסגרת כתב אישום נפרד ובשלב מסוים הוכרז כעד עוין והוגשו אמרותיו במשטרה רוני אישר חלקים משמעותיים מעדותו של עד המדינה אך גם הסתייג מחלקה כך אישר רוני את דבר נסיעתם המשותפת שלו ושל עד המדינה לקריית גת על מנת לפגוש את סרגיי הובלת דימה ואיגור לדירת המסתור החיפוש אחר כלי נשק וכדורים לאקדח והסעת עד המדינה והמערערים לשכונת נחל בקע לרבות העצירה במהלך הנסיעה בביתו של עד המדינה לעומת זאת בעדותו צמצם רוני את חלקו שלו בפרשה והעיד כי רק הסיע את עד המדינה והמערערים למקום האירוע בסברו כי מטרת הנסיעה היא סיור מקדים בלבד וכי הרצח כלל לא אמור להתבצע באותו מועד כן סתר רוני את גרסתו של עד המדינה במספר עניינים כך למשל הכחיש רוני כי החליף כלי רכב עם בוריס כן העיד רוני כי ידע שהטלפונים הניידים של עד המדינה הושארו ברכבו ולטענתו לא ידע אם הם פעלו או כובו ומכל מקום הכחיש כי חיבר את הטלפונים בהיותם מפורקים או כי ענה לשיחות שהתקבלו למכשירים אלה ג עדותה של אולגה 38 אולגה העידה אף היא מטעם המדינה בעדותה מסרה כי באחד מימי חודש אוגוסט יום 17 8 2010 לפי מחקרי תקשורת התקשר אליה דימה שהיה באותה עת במרכז המסחרי בערד וביקש לפגוש אותה ואת בתם ואולגה נאותה להיפגש עמו אולגה העידה כי בפגישה התנהג דימה באופן מוזר היה לחוץ ולהערכתה היה שתוי או מסומם כן העידה אולגה כי זיהתה החלפת מבטים בינו לבין אדם נוסף שעמד בקרבת מקום אותו זיהתה לאחר מכן כאיגור אולגה העידה גם כי יום למחרת הפגישה בשעה שש בבוקר בערך שעה חריגה לדבריה התקשר אליה דימה והיא הרגישה בקולו כי משהו קרה דימה אמר לה כי הוא לא ישן כל הלילה וכי הוא מרגיש לא טוב וביקש מאולגה לפתוח חדשות בערוץ 9 בשפה הרוסית לדבריה כשפתחה את הטלוויזיה הוזכר בחדשות רצח כפול בבאר שבע אולגה שאלה את דימה ""זה מה שאני חושבת "" והוא אמר לה שלא תדבר על כך בטלפון ד עדות זרובבל אלמדלסי 39 זרובבל אלמדלסי להלן זרובבל הוא תושב שכונת נחל בקע בליל האירוע התעורר זרובבל משנתו כששמע את הכלבים שלו נובחים הוא הביט אל מחוץ לבית וראה לדבריו שני אנשים רצים בגבם אליו זרובבל יצא החוצה ואז ראה שני אנשים נוספים חולפים על פניו זרובבל העיד כי שני האנשים הראשונים היו כהי עור ונמוכים מטר ושישים להערכתו והשניים האחרונים היו רוסים וגבוהים מטר ושבעים או מטר ושמונים להערכתו זרובבל התקשר למשטרה ודיווח על מה שראה ה ת 77 שיחת ה""דווה פטרונה"" 40 לאחר שנחתם הסכם עד המדינה הופגשו עד המדינה ודימה כחלק מתרגיל חקירה בעת מעצרו של דימה והשיחה הוקלטה בשיחה זו שאל עד המדינה שהתחזה להיות עצור מספר רב של שאלות הנוגעות לפרשה דימה היסה את עד המדינה מספר פעמים אך גם ענה לחלק משאלותיו כך למשל במענה לשאלת עד המדינה ""למה באותו יום ככה הסתלקתם"" השיב דימה ""שקט אגיד אחר כך"" במענה לשאלה כמה כסף העביר סרגיי לדימה השיב דימה ""שטוקה"" כשהכוונה היא לאלף דימה סיפר כי בחקירה מסר כי הוא לא יודע כלום ולכן ""כמה פחות תראה שאנחנו מכירים"" וכן כי מדובר ב""הלשנה הזויה"" מכל מקום נדמה כי החלק המרכזי בשיחה נסב סביב שאלות עד המדינה אודות האקדח נביא את הדברים כפי שתומללו ותורגמו עד המדינה הכי חשוב שאת ה חויינה הזאת הכוונה לדבר הזה לא ימצאו וכל השאר חויניה שטויות אתה פיזרת הכל דימה גם אם מצאו שם אחרי הגשמים כבר פיזדה הכוונה לכך שזהו זה הדבר אבד עד המדינה אתה חושב שלה פידאצ סוף אחרי הגשמים דימה בטח שום דבר לא נשאר עליה עד המדינה זה מדגים עם יד ימין תנועות של פתיחת וסגירת כף היד דימה מהנהן עם הראש עד המדינה את ה חויינה הזאת הכוונה לדבר הזה גם אתה שם זרקת מדגים משהו עם יד ימין פתוח וסוגר אצבעות דימה שם הכל בסדר לי בכל מקרה בינתיים על זה אף אחד שום דבר לא אמר כלום אם הייתה אצלם ה חויינה הזאת אתמול היו מדברים איתי קצת אחרת מבין עד המדינה לי אליך פשוט שאלה של אחים שומע דימה נו עד המדינה למה השארת דווה פטרונה שני כדורים בסוף דימה לא נשמע או נראה עונה עד המדינה מה דימה מסמן ""שקט"" על ידי הצמדת שתי אצבעות לפה 41 יצוין כי בתחילה חלקה ההגנה על כך שבשיחה דובר בכדורי אקדח דווקא אולם בעדותו במשפט הודה דימה כי המונח ""פטרונה"" מתייחס לכדורי אקדח דווקא ולא לכדורים במובן של תרופה כמו טבליות או שקיות קטנות של סם ו מחקרי תקשורת 42 במסגרת החקירה נערכו מחקרי תקשורת מקיפים ששפכו אור על השימוש שעשו המעורבים בפרשה בטלפונים כמו גם על מיקומם המיקום הוא כמובן של הטלפונים בעת שיחה נכנסת או יוצאת וההנחה היא שבהעדר הסבר אחר מיקומו של הטלפון מצביע על מיקומו של בעליו המיקום מוסק מקליטת התשדורת של הטלפון הנייד באנטנה ספציפית המכסה תא שטח מסוים מחקרי תקשורת אלה תמכו באופן חד וברור במסגרת הזמנים ששרטט עד המדינה בגרסתו במיקומים השונים שעליהם העיד ואף אישרו את מסגרת הזמנים והמיקומים שעליה העידו רוני ואולגה ושלא היו בידיעת עד המדינה עם זאת מחקרי התקשורת לא סיפקו תמיכה באופן קונקלוסיבי לגרסת עד המדינה ביחס למעורבות המערערים בשעת מעשי הרצח שכן בשעות שלפני הרצח ועד לשעות הבוקר המוקדמות שלאחריו סביבות השעה 5 30 לא עשו המערערים שימוש בטלפונים שלהם ועל כן גם לא הופקו נתוני מיקום יתר על כן והדבר ניצב בלב המחלוקת בין הצדדים דווקא מהטלפונים שהיו ברשות עד המדינה אחד ""רגיל"" ואחד ""מבצעי"" ועל כך בהמשך נרשמו שיחות נכנסות אחת מבוריס בשעה 03 49 שנמשכה 54 שניות ושניה מרוני בשעה 03 51 שנמשכה 4 שניות בעת השיחות אוכנו הטלפונים באזור דירת המסתור כאמור הפרשנות שיש לייחס לשתי השיחות הללו ניצבה בנוסף כמובן לראיות אחרות בלב המחלוקת בין הצדדים ועל כך יורחב עוד בהמשך 43 עד כאן הראיות המרכזיות של המדינה עתה לראיות המרכזיות של ההגנה אשר נועדו לתמוך בגרסה לפיה המערערים לא היו שותפים למעשי הרצח ואלה התבצעו על ידי עד המדינה ורוני ז ממצאים לגבי האקדח עדותו של אכרם השיחה בין עד המדינה לרוני בנוגע לאקדח נ 12ג ומציאת כדורי אקדח 9 מ""מ אצל עד המדינה 44 זמן מה לאחר רצח המנוחים התאבד אדם בישוב לקייה שבנגב ובבדיקת המשטרה התגלה כי הצינה המחלק של האקדח אשר שימש להתאבדות היא הצינה שממנה נורו התרמילים שנמצאו בזירת הרצח אכרם אשר לגביו העיד עד המדינה כי הוא רכש ממנו 10 כדורים לאקדח ששימש לרצח הורשע על פי הודאתו במסגרת הסדר טיעון במשפט המערערים העיד מטעם ההגנה בענין האקדח כך העיד אכרם כי מספר ימים לאחר הרצח מכר לו עד המדינה את האקדח ששימש לרצח במחיר של 1 000 אף שלהערכתו של אכרם שוויו היה כ 12 000 אכרם העיד כי עד המדינה הסביר לו שהמחיר המופחת הוא משום שהאקדח שימש לרצח בשכונת נחל בקע וביקש ש""יעלים"" את האקדח כדי שזה לא יגיע לידי המשטרה אכרם הסביר כי באמרו כך התכוון עד המדינה כי על אכרם להשליך את האקדח או להחליף את הקנה של האקדח אכרם המשיך והעיד כי הוא לא שינה דבר באקדח עצמו ומכר אותו לחברו עסאם אבו עמר להלן אבו עמר שמאוחר יותר התאבד באמצעות האקדח אכרם העיד כי הוא ביקש מאבו עמר לשנות את האקדח ואבו עמר נענה לבקשתו והשיב לו כי אין לו מה לדאוג אשר להרשעתו על פי הודאתו העיד אכרם כי העובדות שבהן הודה במסגרת הסדר הטיעון אינן נכונות וטען כי הודה בכך כדי ""לסגור את התיק"" 45 ראיה נוספת הקשורה באקדח היא נ 12ג האזנת סתר לשיחה מיום 10 9 2010 בין עד המדינה לפני שנחתם עמו הסכם עד מדינה לבין רוני השיחה היא אחת מיני רבות שהוקלטו ולטענת ההגנה היא מחזקת את גרסתה כי עד המדינה ורוני הם הרוצחים האמיתיים וכי האקדח ששימש לרצח היה ברשותם והם החביאו אותו לאחר הרצח וזהו החלק החשוב בשיחה עד המדינה בוא נחזיר לאיימן את החרא הזה איפה זה אצלך שמה או שאיפה שבבקע רוני אני הרי דיברתי איתו עד המדינה נו מה רוני אני אמרתי לו שזה נשאר עד המדינה מה רוני שזה נשאר בינתיים עד המדינה למה רוני נו מה להחזיר לו עד המדינה מתי אמרת לו רוני אתמול רוני אני אומר למה לך מה חשוב לך עכשיו תשאיר אנחנו נחליף באחריות אומר אנחנו החבאנו קטע לא ברור במקום בטוח ב המשך לא ברור עד המדינה הוא התקשר אתמול הוא התקשר אליי אתמול אין בעיה אתם מתנהגים ככה אה אין בעיה פעם הבאה אני אלמד לא לתת זה זה זה זה רוני נו זה לפני זה מתי שאמרתי לו אומר אני אבוא אני התקשרתי אליו אחר כך אני אומר לו ככה וככה דיברתי אחר כך אומר ובכלל תעבור מחר נשתה כוס קפה נדבר כפי שיפורט בהמשך ההגנה ייחסה לשיחה זו משמעות וטענה כי היא מחזקת את הגרסה לפיה האקדח ששימש את עד המדינה ורוני לביצוע מעשי הרצח היה מלכתחילה בחזקתם והם החביאו אותו לאחר המעשים 46 ראיה אחרונה הקשורה אולי באקדח היא מציאתם של 32 כדורי אקדח 9 מ""מ ו 24 כדורי אקדח 0 22 אינץ אצל עד המדינה עד המדינה אישר כי מדובר בתחמושת שלו לטענתו ""ממזמן"" עמ 415 לפרוטוקול ובמענה לשאלת ההגנה בענין ענה ""אמרתי לך זה דברים שלי זה לא הרצח שלי לא הייתי צריך להיות מעורב בזה התחלתי לעזור להם בדירה משם נגררתי למקום אחר כל שאר הדברים הם צריכים להשיג את זה אני לא אתן דברים ואני לא אנדב משלי זהו"" עמ 1846 לפרוטוקול ההגנה טענה כי מציאתם של כדורי האקדח מעלים חשד כבד בדבר מעורבותו של עד המדינה ומטילים בספק את עדותו לגבי הפנייה לאכרם לרכוש 10 כדורי אקדח ח עדותו של ויקטור חנוכייב 47 ויקטור חנוכייב הוא בן דודו של המנוח להלן ויקטור ויקטור ישן בליל הרצח בבית הורי המנוח המנוח התגורר ביחידת דיור צמודה לבית הוריו לפי עדותו עישן באותו לילה יחד עם המנוחים נרגילה ואחר כך הלך לישון מספר דקות לאחר מכן שמע שער נפתח ואז שמע יריות ויקטור העיד כי רץ יחד עם בני אחיו של המנוח החוצה בני הגיע ליחידת הדיור ואילו ויקטור יצא אל חזית הבית ויקטור העיד כי ראה שני אנשים רצים לתוך אוטו שחור קטן ויוזכר כי רכבו של רוני הוא רכב מסוג יונדאי גטס יצוין כי ויקטור לא מסר גרסה זו באמרותיו במשטרה ובהודעתו מיום 22 8 2010 אף מסר כי שמע מבני כי יש מחלק עיתונים שראה שני אנשים בורחים מהזירה בליל הרצח עם זאת יצוין כי לטענת ההגנה ויקטור התקשר למשטרה ביום 19 8 2010 ושיחתו הוקלטה רק לקראת סופה כך שאין לשלול כי הוא מסר את הדברים עליהם העיד כבר בשיחה זו ט שיחה מוקלטת בין עד המדינה לרוני על ""הסיפור שקרה בנחל בקע"" נ 15 48 ראיה נוספת שהוגשה מטעם ההגנה היא שיחה מוקלטת בין עד המדינה לרוני הנסבה על אירוע כלשהו שטיבו לא הוברר לחלוטין בו היה מעורב רוני ובמסגרתה מדברים השניים על ""הסיפור שקרה בנחל בקע"" ההגנה טענה כי משיחה זו ניתן ללמוד כי עד המדינה ורוני הם אלה שביצעו את מעשי הרצח וזה תוכן השיחה בחלק הרלוונטי עד המדינה אחרי כל הסיפור שקרה בנחל בקע התחילו לשבת עלינו חזק התחילו לשבת עלינו חזק רוני לפני בחיים לא רוני בטוח שלא עד המדינה בחיים לא היה דבר כזה רוני אני אומר לך שלפני זה היה לפני מילים לא ברורות אה לא לא לא נכון נכון עד המדינה מה אתה אומר לי אני רוני נכון נכון נכון היה אצלנו נקי עד המדינה הכל אני אמרתי לך אתה אל תעשה אמרתי לך אתה יכול לעשות הכל אל תפגע בבן אדם אל תעשה כלום אל זה אתה יכול למכור מה שאתה רוצה לעשות מה שאתה רוצה כל עוד פגעת בבן אדם רוני מה זאת אומרת פגעת עד המדינה סתם בכלל עשית נזק לבן אדם דקרת אותו עשית פגעת בו יש רעש בעיר נגיד דוגמא כן דוגמא אני אומר לך רוני קח קח מילים לא ברורות עד המדינה דוגמא אני אומר לך אתה יכול עוד הפעם אם לא אם אין את זה אתה יכול למכור מה שאתה רוצה איך שקרה את הרצח הזה מילים לא ברורות 49 בחקירתו הנגדית התייחס עד המדינה לשיחה והבהיר כי התכוון להזהיר את רוני לגבי העתיד לבל יעשה דבר מה שיוביל את המשטרה אליהם וזאת לנוכח פעילות המשטרה בעיר בעקבות רצח המנוחים עמ 1256 לפרוטוקול מכל מקום ההגנה טענה כי מהשיחה עולה כי עד המדינה ורוני הם אלה שביצעו את הרצח 50 יצוין כי על גבי תמלול השיחה נכתב כי השיחה נקלטה ביום 1 1 2011 וכך גם נכתב בפסק הדין ראו פסקה 385 לפסק דינה של השופטת סלוטקי אולם בדיון לפנינו מסר בא כוח המדינה כי השיחה נקלטה למעשה ביום 16 2 2011 לאחר שכבר נחתם הסכם עד המדינה וכי התאריך על גבי התמלול נכתב בטעות מנגד בא כוחם של סרגיי ואיגור מסר בדיון כי הוא לא מכיר מזכר או דו""ח פעולה בענין וכי הוא שמע על כך לראשונה במהלך הדיון בחינת טענות הצדדים 51 לאחר שעמדנו על התשתית הראייתית שעמדה בפני בית משפט קמא נוכל לבחון את הטענות בערעורים כנגד הכרעת דינו של בית המשפט שני הערעורים מופנים כאמור כנגד הכרעת הדין כאשר ערעורו של דימה מופנה לחלופין גם כנגד גזר הדין הטענות המועלות בערעורים מכוונות בעיקרן להפריך את עדותו של עד המדינה שהיא הנדבך המרכזי בהרשעת המערערים כן נטענו טענות לגבי ראיות הסיוע שנמצאו לעדות זו נפתח אפוא בסוגיה המרכזית מהימנותו של עד המדינה לאחר מכן נידרש ליתר הטענות א מהימנות עד המדינה 52 מוקד שני הערעורים הוא כאמור בסוגיית מהימנותו של עד המדינה כך נטען כי עד המדינה הוא עבריין דמות בעייתית שלא ניתן לסמוך עליה וכן ודומה כי זהו לב הענין כי ניתן למצוא בעדותו פרכות פרכות אלה מבוססות על ראיות שונות אשר לשיטת המערערים ניתן להסיק מהן לכל הפחות כאפשרות מסתברת שעד המדינה ורוני הם אלה שביצעו את מעשי הרצח והעלילו על המערערים עלילת שווא 53 כבר כאן ראוי להדגיש כי נקודת המוצא לענין זה היא ההלכה הידועה לפיה לא בנקל ולמעשה רק במקרים חריגים תתערב ערכאת הערעור בממצאי עובדה ובקביעות מהימנות של עדים שקבעה הערכאה הדיונית לזו האחרונה יתרון מובהק בקביעתם בשל התרשמותה באופן בלתי אמצעי מעדים שהעידו ונחקרו לפניה ראו למשל ע""פ 9352 99 יומטוביאן נ מדינת ישראל פ""ד נד 4 632 644 643 2000 ע""פ 2202 08 פסקו נ מדינת ישראל פסקה 37 והאסמכתאות שם 7 3 2012 ע""פ 8146 09 אבשלום נ מדינת ישראל פסקאות 22 12 8 9 2011 להלן ענין אבשלום ע""פ 993 00 נור נ מדינת ישראל פ""ד נו 6 205 219 2002 ע""פ 7247 13 פלוני נ מדינת ישראל פסקה 23 9 12 2015 להלן ענין פלוני ע""פ 5203 15 פלוני נ מדינת ישראל פסקה 15 23 6 2016 במקרה דנן גם לא חלים החריגים לכלל אי ההתערבות כגון מקרים שבהם הממצאים מתבססים על ראיות בכתב או חפץ פיזי אחר או על שיקולים שבהגיון ראו סיכום החריגים בענין אבשלום פסקה 19 ובענין פלוני פסקה 24 והאסמכתאות הרבות הנזכרות שם חשוב להדגיש לענייננו נקודת מוצא זו שכן הכרעת הדין של בית המשפט קמא בענייננו מבוססת בחלקה הארי על קביעת ממצאי מהימנות בנוגע לעד המדינה ועדים נוספים רוני אולגה זרובבל ועוד מתוך התרשמות בלתי אמצעית מעדותם כמו גם על ניתוח הראיות וקביעת התשתית העובדתית על בסיסן 54 כמתואר לעיל בית המשפט המחוזי הן השופטת סלוטקי שאליה הצטרף השופט חזק והן השופט לוי סמך ידיו על עדותו של עד המדינה בכל הנוגע למעורבותם של המערערים במעשי הרצח השופט לוי אמנם הדגיש בחוות דעתו כי אין מקום לסמוך על עדותו של עד המדינה בכל העניינים אולם גם לשיטתו לאחר שנמצאו ראיות חיצוניות תומכות חלקן שימשו גם ראיות סיוע וחלקן שימשו אך לתמיכה בגרסה העובדתית ניתן היה לקבוע מעבר לספק סביר כי המערערים היו מעורבים במעשי הרצח גם הראיות המפריכות לכאורה את גרסתו של עד המדינה לטענת המערערים נבחנו בקפידה על ידי שופטי ההרכב והגם שאלה לא היו תמימי דעים באשר לפרשנות שיש ליתן להן קבעו פה אחד כי אין בראיות אלה כדי לפגוע בליבת העדות המתייחסת למעורבות המערערים 55 לאחר בחינת חומר הראיות לא מצאתי מקום להתערב בקביעות העובדתיות של בית המשפט המחוזי ובמסקנותיו צירוף הראיות השונות זו לצד זו לא מותיר לדעתי ספק בדבר אירועי אותו לילה שבו נרצחו המנוחים ובדבר מעורבותם של המערערים במעשי הרצח כך ובתמצית ייאמר כי לצד עדותו של עד המדינה אשר כאמור נמצאה אמינה בכל הנוגע ל""סיפור המעטפת"" בעיקר בשל מחקרי התקשורת שהוכיחו בצורה ברורה כי הדברים הם אמת נשמעה גם עדותו של רוני והוגשו אמרותיו במשטרה בהן מסר רוני כי הוא הסיע את המערערים לנחל בקע רוני אמנם התכחש לכך שידע כי באותו לילה עתיד להתבצע הרצח וטען כי חשב שמדובר בסיור מקדים אך גם אם מאמצים הלוך מחשבה זה ברי כי הנתון העובדתי אודות הסעת המערערים לנחל בקע ממקם אותם בזירת הפשע ממש בהקשר זה יצוין כי רוני אף הורשע במסגרת כתב אישום נפרד בגין חלקו זה בפרשה ונגזרו עליו 8 5 שנים ע""פ 4770 14 אגייב נ מדינת ישראל 5 11 2015 גם שיחתו של דימה עם אולגה בשעת בוקר מוקדמת לאחר הרצח עליה העידה אולגה ועדותה נמצאה מהימנה על דעת כל שופטי ההרכב תומכת בעדותו של עד המדינה וכך גם שיחת ה""דווה פטרונה"" במהלכה נשאל דימה על ידי עד המדינה אודות ""הדבר הזה"" שפיזר והוא ענה כי גם אם זה נמצא אז אחרי הגשמים הכול אבד וכן נשאל על שני כדורי האקדח שהשאיר ובתגובה היסה את עד המדינה גם בעדותו של זרובבל יש למצוא תמיכה נוספת לעדותו של עד המדינה ולבסוף גם לשקרי המערערים לאורך חקירותיהם ולעובדה שבמהלך המשפט התקרבו עד מאד לגרסת עד המדינה שנתמכה בראיות אובייקטיביות יש משקל משמעותי בנסיבות הסבריהם של המערערים לשקרים היו בלתי מספקים בלשון המעטה וגם אם לא היה מקום לראות בשקרים אלה כשלעצמם משום סיוע מספיק לעדות עד המדינה ברי כי התווספותם לראיות האחרות שבתיק היא משמעותית 56 הנה כי כן המסד העובדתי ששימש להרשעת המערערים הוא לטעמי איתן ובאשר לטענות ולתהיות שהועלו על ידי המערערים אשר ביקשו להסתמך על ראיות אחדות ולהסיק מהן כי קיימת אפשרות שעד המדינה ורוני ביצעו את מעשי הרצח הרי שלעיקרן לפחות ניתן מענה והסבר משכנע בעיני בפסק הדין קמא בעמ 246 241 ואין בהן לדעתי כדי לעורר ספק של ממש כיוון שזהו למעשה לב הערעורים נכון יהיה להתעכב על טיעונים אלה ועל הראיות לביסוסם ולמען הנוחות דומה כי ניתן לחלקם לשלושה מרכזיים האחד כי עד המדינה ורוני ערכו סיורי שטח מקדימים השני כי עד המדינה ורוני חזרו מיד אחרי מעשי הרצח לדירת המסתור באמצעות רכבם ו השלישי כי האקדח אשר שימש לרצח היה בחזקתם של עד המדינה ורוני והם מכרוהו לאכרם לאחר הרצח 57 אשר לטיעון כי עד המדינה ורוני ערכו סיורים מקדימים בית המשפט דחה את הטענה לפיה ""שיחת האזהרה"" שקיים רוני עם המנוח הייתה למעשה סיור שטח מקדים בית המשפט הדגיש כי אין היגיון בכך שכן קבלת הטענה פירושה כי רוני הסתכן ביודעין בסיכול תכניתו שלו ושל עד המדינה כשבנסיבות הענין די היה בביקור מסביב לבית המנוח בלא צורך להזהירו עמ 92 לפסק הדין המערערים אתגרו קביעה זו הן בהפנותם לכך שלדבריו של עד המדינה ""הפקודה"" לפגוע במנוח ניתנה לאחר ""שיחת האזהרה"" כך שהצורך באזהרה לכאורה לא היה קיים בעת קיומה והן בהפנותם לדבריו של עד המדינה עצמו כי שלושה ימים לפני הרצח נפגש הוא עם המנוח ואף הציע לו אקדח כדי להגן על עצמו וזאת במטרה לגשש ולראות מה כוונותיו של המנוח עוד כשהעביר מסרים לטנסקי אשר לטענה כי ""הפקודה"" ניתנה לאחר ""שיחת האזהרה"" קבע בית המשפט כי האפשרות שיפגעו במנוח עמדה על הפרק עוד קודם לכן כפי שעלה מעדותו של רוני עמ 108 לפסק הדין וקביעתו זו מקובלת עליי אשר לטענה כי עד המדינה הציע למנוח אקדח כדי להגן על עצמו אציין כי לפי עדותו של עד המדינה פגישתו עם המנוח והצעתו למסור לידיו אקדח נעשתה על רקע גישושיו בנוגע לתכניות חבורתו של המנוח ולהגעתו של אדמוב לבאר שבע על מנת לעדכן בדבר את טנסקי ונראה שהפגישה ארעה עוד בטרם הועלתה האפשרות לפגוע במנוח 58 אשר לטיעון כי עד המדינה ורוני חזרו מיד אחרי מעשי הרצח לדירת המסתור באמצעות רכבם טיעון זה התבסס בעיקר על שתי השיחות הנכנסות לטלפונים הניידים של עד המדינה אחת בשעה 03 49 מבוריס ושניה בשעה 03 51 מרוני בעוד הטלפונים ממוקמים באזור דירת המסתור זאת בצירוף עדותו של בוריס כי לא דיבר עם מישהו אחר מלבד עד המדינה עדותו של רוני כי לא ענה לטלפונים של עד המדינה כשאין חולק כי השיחות נענו ועדותו של ויקטור לפיה ראה שני אנשים נכנסים לרכב שחור קטן בסמוך לאחר הרצח ראיות אלה עמדו בסתירה לכאורה לגרסתו של עד המדינה לפיה הוא פירק את הטלפונים הניידים לפני שירד מרכבו של רוני לזירת האירוע והשאירם שם וכן לטענתו כי לאחר הרצח הוא והמערערים נמלטו מזירת האירוע באופן רגלי והגיעו לדירת המסתור לאחר כשעתיים וחצי בית המשפט דחה את טיעון המערערים וקבע כי אין בראיות הללו כדי לתמוך בגרסתם פסקה 21 לעיל בית המשפט קבע כי עדותו של עד המדינה לפיה פירק את הטלפונים הניידים היא אמינה ובהחלט ייתכן שמישהו אחר הרכיבם מאוחר יותר רוני חרף עדותו שלא עשה כן אולי כדי לתמוך בטענתו לפיה לא ידע כי הרצח עתיד להתבצע או בוריס שעמו החליף רוני רכב לפי עדותו של עד המדינה אך גם כי ייתכן שעד המדינה טעה לחשוב שפירק את הטלפונים כן נקבע כי אין להאמין לעדותו של בוריס לפיה לא ארע שהוא התקשר לעד המדינה ומישהו אחר ענה לו הודגש כי בוריס שיקר במספר הזדמנויות וכי מחומר הראיות עולה כי הוא היה מעורב מאד בפרשה מכל מקום נקבע כי אין זה סביר שעד המדינה ורוני ביצעו את הרצח נסעו חזרה לדירת המסתור ואז התפצלו שוב שהרי רוני התקשר לעד המדינה אכן קיומן של השיחות כחצי שעה שעה לאחר הרצח מעורר תהייה וזאת אף אם דוחים את עדויותיהם של בוריס ורוני בענין זה ההסברים שאימץ בית משפט קמא הם בהחלט אפשריים בין היתר בשים לב לעדותו של עד המדינה לפיה רוני החליף כלי רכב עם בוריס אף אם קשה למצוא להם עיגון חד משמעי בחומר הראיות יחד עם זאת אין בידי לקבל את טענת המערערים כי מדובר בהוכחה ברורה לכך שעד המדינה ורוני ביצעו את מעשי הרצח ושבו מיד לאחר מכן ברכבם לדירת המסתור וודאי וזה העיקר שאין בכך כדי לכרסם באופן ברור בעדותו של עד המדינה ראשית הניסיון לקשור ""קצה חוט"" זה לעדותו של ויקטור לא יכול להצליח שכן עדותו של ויקטור בדבר שני אנשים שנכנסו לרכבם מיד לאחר הרצח נמסרה לראשונה בעדותו במשפט ולא לפני כן ואציין כי איני מקבל את הטענה לפיה אפשר שבשיחת הטלפון של ויקטור עם המשטרה מיום 19 8 2010 מסר ויקטור את הדברים הללו והם לא הוקלטו זאת משום שאמרותיו במשטרה שנמסרו לאחר מכן לא כללו גרסה זו אלא גרסה שמחדדת לדעתי את הקושי בעדותו לפיה שמע מבני אחיו של המנוח כי יש מחלק עיתונים שראה שני אנשים בורחים מהזירה בליל הרצח שנית לא ברור לדעתי מה היה האינטרס של עד המדינה לשקר לכאורה בנקודה זו חברי השופט י עמית הקשה על עו""ד בר צבי במהלך הדיון ושאל אותו מדוע לדעתו המציא עד המדינה את סיפור הבריחה המורכב במקום למסור גרסה קרובה ככל האפשר למציאות היינו שהוא והמערערים חזרו כולם ברכב לאחר הרצח כפי שעשה לשיטת המערערים לאורך כל הדרך עו""ד בר צבי השיב כי ייתכן שעד המדינה רצה ""להרחיק את רוני מהמקום"" אלא שבה בעת לא התכחש לכך שבעדותו מסר עד המדינה כי רוני הוא שהוביל אותם לזירת האירוע תהייה זו באשר לאינטרס של עד המדינה שומטת במידה רבה את הקרקע מתחת לטיעונם זה של המערערים 59 אשר לטיעון בנוגע לאקדח טיעון זה מבוסס בראש ובראשונה על ראיה ברורה עליה אין חולק לפיה הצינה מחלק של האקדח נמצאה בישוב לקייה באקדח אשר שימש להתאבדותו של אבו עמר חברו של אכרם כן מבוסס הטיעון על עדותו של אכרם לפיה עד המדינה מכר לו את האקדח לאחר הרצח וביקש ממנו ""להעלים"" אותו ועל השיחה המוקלטת בין עד המדינה לרוני נ 12ג במסגרתה דיברו על אקדח המכונה בשיחה ""חרא"" שצריך להחזיר לאיימן בית המשפט דחה טיעון זה נקבע כי השיחה בין עד המדינה לרוני נ 12ג אמנם עוסקת באקדח אך אין מדובר בהכרח באקדח ששימש לרצח ומכל מקום השיחה מתיישבת עם גרסתו של עד המדינה לפיה החזיק ברשותו אקדח שניתן לו על ידי איימן אך הוא לא שימש בסופו של דבר לרצח עוד נקבע כי עדותו של אכרם לפיה עד המדינה מכר לו את האקדח לאחר הרצח בזול לא הייתה מהימנה וכי מדובר בגרסה כבושה שנמסרה רק לאחר שחוקר פרטי מטעם המערערים נפגש עם אכרם בבית הכלא ושבאופן תמוה לא נמסרה בשום שלב בחקירה לרבות לא במסגרת העימות שנערך לאכרם עם עד המדינה אף לא לצורך קבלת טובת הנאה מהמשטרה בהתחשב באישומים שבפניהם ניצב על רקע האמור קבע בית המשפט כי קיימת אפשרות שדימה כלל לא זרק את הנשק כפי שאמר לעד המדינה או כי הוא חזר מאוחר יותר למקום הזריקה ומכר אותו בעצמו אכן טיעון זה של המערערים מעלה תהיות לגבי גרסת עד המדינה באשר לגורל האקדח עיינתי בתמליל השיחה המוקלטת נ 12ג ואף שאיני סבור כי ניתן לקשרו לסוגיית האקדח ששימש לרצח דווקא עדיין מטרידה העובדה עליה כאמור אין חולק שצינת האקדח נמצאה באקדח שנמצא בישוב לקייה סברת בית המשפט כי ייתכן שדימה חזר לאחר מכן לזירה מוקשית בעיניי בעיקר בשל העובדה כי דימה לא היה תושב המקום ולענין זה נראה שמסתברת יותר הסברה שהעלה השופט לוי כי עד המדינה הוא שחזר למקום שבו הושלך האקדח ואסף אותו אם כי אין זו בוודאי הסברה היחידה האפשרית מכל מקום איני סבור כי תהייה זו במכלול פוגעת באופן בסיסי בעדות עד המדינה ואציין כי גם השופט לוי לא ראה באפשרות זו משום פגיעה ממשית בגרסתו היסודית של עד המדינה לגבי מעורבותם של המערערים במעשי הרצח 60 אמנם כן חלק מהראיות אכן מעורר תהיות ההסברים שניתנו להן בפסק הדין קמא שלעיקרם אני שותף כאמור אינו מפזר ולא יכול לפזר לחלוטין את הערפל הקיים ואולם השאלה שיש לשאול אינה האם נותרו תהיות או ספקות סתם באשר לעדות עד המדינה אלא השאלה היא האם מכלול התהיות הערפל שנותר הוא ""בעל משקל כזה שיש בו כדי לזעזע את המערך העובדתי נסיבתי כפי שהוצג על ידי התביעה עד שמערך זה לא יוכל עוד לעמוד על רגליו ולהניב מסקנה חד משמעית בדבר אשמת הנאשם"" ע""פ 6295 05 וקנין נ מדינת ישראל פסקה 49 25 1 2007 להלן ענין וקנין כאמור על רקע מכלול הראיות שהונחו בתיק זה עליהן עמדתי לעיל התשובה לכך היא לדעתי בשלילה מוחלטת התהיות השונות שנותרו אינן מהותיות והמכלול העולה מהן אינו מגבש תזה סבירה בעיניי כי המערערים לא היו מעורבים וכי עד המדינה ורוני הם אלה שביצעו את מעשי הרצח ניסיונם של המערערים להסביר כל ראיה באופן שונה מהכיוון הכללי שאליו מורה מכלול חומר הראיות דורש הסברים שונים בעלי הסתברויות התרחשות נמוכות והכול בעת ובעונה אחת לעומת זאת המסד הראייתי המרשיע מבוסס על עדותו של עד המדינה שנתמכת בראיות חזקות אשר נאספו ממקורות שונים ובלתי תלויים והוא מוצק ביותר אשר על כן הקביעות העובדתיות של בית המשפט המחוזי ומסקנתו בדבר מעורבות המערערים מקובלות עליי ואיני סבור כי התהיות שהציגו המערערים מעוררות ספק סביר 61 ולחתימת פרק זה יפים הדברים שנקבעו בענין וקנין הנזכר לעיל פסקה 40 ""כדי להתערב בקביעות הערכאה הדיונית בענין הערכת העדויות וקביעת העובדות אין די בהצבעה על שורה של תמיהות אפילו מי מהן נותרו בלא הסבר וגם אם נותרו חללים סתומים בפרשה שהוכחה שלא ניתן למלאם בתוכן השאלה היא האם ה יש הראייתי מספיק כדי לבסס מסקנה של אחריות הנאשם למעשה הפלילי והאם התמיהות והחללים הם בעלי משקל כזה המקעקע את מידת הביטחון והוודאות במעורבות הנאשם במעשה המיוחס לו ואמנם לא מספיק להצביע על שורה של תמיהות אפילו הן רבות אלא צריך שתהיינה עובדות המראות בעליל שלא יכול היה השופט להתרשם כפי שהתרשם ע""א 525 78 סנובסקי נ לבון פ""ד לד 4 266 270 ע""פ 993 00 נור נ מדינת ישראל פ""ד נו 6 205 220 222 "" 62 טענה נוספת שהעלו המערערים הקשורה לטענה בדבר אי מהימנותה של עדות עד המדינה הייתה כי לא היה מקום לכריתת הסכם עד המדינה טענה זו נשענת מטבע הדברים על ההנחה שעדותו של עד המדינה הייתה בלתי מהימנה ועל כן בעצם דחיית הנחה זו גלום עיקר המענה לטענה בכל זאת ראיתי להתייחס לטענה לפיה הסכם עד המדינה סתם את הגולל על החקירה כך שלא נבחנו אפיקים נוספים בית המשפט המחוזי הן שופטי הרוב והן שופט המיעוט לא מצא לקבוע כך היינו כי כריתת הסכם עד מדינה הייתה מבחינת חוקרי המשטרה ""סוף פסוק"" אשר בעקבותיו לא מוצו אפיקי חקירה נוספים בית המשפט קבע על סמך עדותו של ראש הצח""מ פינסקר שהעיד לפניו כי הסכם עד המדינה נכרת לאחר שבידי המשטרה כבר הייתה תשתית ראייתית שקישרה בין המעורבים בפרשה ומכאן שגרסתו של עד המדינה השתבצה היטב במסגרת האירועים שהיו בידיעת המשטרה קביעה זו מקובלת עליי ולא מצאתי מקום להתערב בה גם הטענה כי כריתת הסכם עד המדינה נעשתה בניגוד להנחיית היועץ המשפטי לממשלה דינה להידחות בעת כריתת הסכם עד המדינה ולמעשה גם בבחינת הדברים מנקודת זמן זו לא היה בסיס אמיתי לחשוד כי עד המדינה הוא המבצע העיקרי או מזמין מעשי הרצח וכי כריתת ההסכם עמו לא תוביל לאשמים האחרים שחלקם של חלק מהם משמעותי יותר והא ראיה ששבעה מתוך שמונת המעורבים בפרשה שהועמדו לדין במסגרת שני כתבי אישום הורשעו ממילא גם נקבעו בהסכם עד המדינה כמקובל סנקציות כמו ביטול ההסכם ושימוש במידע שמסר עד המדינה כנגדו למקרה שיתברר כי הוא המבצע בפועל של הרצח או בעל עניין או מזמין הרצח אך מעבר לכך גם אם הייתי סבור שנפל פגם כלשהו בכריתת הסכם עד המדינה כמו אי קבלת אישורו של פרקליט המדינה משום שעד המדינה הוא המבצע העיקרי של העבירות כפי שנטען ברי כי גם אז לא הייתה מתחייבת המסקנה שיש לייחס לעדותו של עד המדינה משקל אפסי מדובר בהנחיה פנימית שנועדה הן לגדור את הסיכונים הקיימים באופן מובנה בכריתת הסכם עם מי שהיה שותף לדבר עבירה ושייתכן שיש לו אינטרס להפליל אחרים במעשיו שלו והן לאזן בין שיקולים ציבוריים מתנגשים כמו הצורך והרצון לפענח פרשיות חמורות שלעתים ניתן לפענחן אך באמצעות שימוש ב""איש פנים"" אל מול הצורך והרצון להשיב לכל עבריין כגמולו וודאי לא לאפשר לעבריינים מרכזיים להיחלץ מעונש על מעשיהם אישור פרקליט המדינה לכריתת הסכם עם המבצע העיקרי נועד להגשים את התכלית השנייה דווקא ואין בו או למעשה בהעדרו כדי להעיד בהכרח על כשל בבחינת מהימנותו של עד המדינה על כן ברי כי סטייה מההנחיה לא תוביל וגם לא צריכה להוביל על דרך הכלל להקלה כלשהי עם הנאשם ב ראיות הסיוע 63 מכאן נפנה לטענות שהעלה דימה בערעורו בנוגע לראיות הסיוע בהיותה של העדות המרכזית עדות של עד מדינה נדרש בית המשפט לראיית סיוע כאמור בסעיף 54א לפקודת הראיות דימה טען בערעורו כי ראיות הסיוע עליהן עמד בית המשפט לאו ראיות סיוע הן בין היתר נטען כי הראיות לא נגעו לנקודות שנויות במחלוקת לא סיבכו את דימה במעשים שיוחסו לו לא היוו ראיה עצמאית או לא היו מהימנות דין טענות אלה להידחות בית משפט קמא עמד בפירוט רב על ראיות הסיוע נגד כל אחד מהמערערים פסקאות 651 595 להכרעת הדין עדותו של רוני לפיה הוא הסיע את המערערים לזירת האירוע דבר שהוכחש על ידי שלושתם והוא נוגע בנקודה ממשית השנויה במחלוקת משמשת ראיית סיוע עדותה של אולגה בעיקר בנוגע לכך שדימה אמר לה לראות חדשות והיא ראתה את הדיווח על הרצח הכפול עדותה הייתה מהימנה לדעת בית המשפט בין היתר בשל העדר אינטרס מצדה להעיד נגד אבי בתה בתיק פשע חמור הודגש כי עדות זו משמשת ראיית סיוע הן נגד דימה והן נגד איגור אשר טען כי בזמן הרצח ישנו הוא ודימה בדירת המסתור ובכך קשר את גורלו בגורלו של דימה שיחת ה""דווה פטרונה"" אשר מגלה כך לדעת בית המשפט כי דברי עד המדינה לגבי פירוק האקדח על ידי דימה והשארת שני הכדורים הם אמת והיא מפריכה את הטענה כי עד המדינה ורוני הם אלה שביצעו את מעשי הרצח זאת שכן אם לא היו הדברים אמת העלאתם באותה שיחה הייתה גורמת לדימה לחשוד ומסכנת את מעמדו של עד המדינה ככזה כן נקבע כי הסבריו של דימה כי השיחה נסבה על ענייני סמים היו בלתי מהימנים וכי במהלך עדותו הוא נאלץ להודות כי בשיחה דובר על אלף ""שטוקה"" ולא על אלף מנות סם ועל כדורי אקדח דווקא ""פטרונה"" ולא על כדורים במובן של תרופה כמו טבליות או שקיות קטנות שקרי המערערים בחקירה אשר נועדו להרחיקם מן הפרשה הודגש כי המערערים הודו בעדויותיהם בבית המשפט כי דבריהם במשטרה היו שקרים וכי אין לקבל את הסבריהם השונים לכך סרגיי כי הוא לא סמך על המשטרה דימה כי התקשה לזכור תגובתו המכחישה הייתה אינסטינקטיבית הוא חשש מהאשמה בעבירות סמים וסבר כי חקירתו בגין רצח נועדה לגרום לו להודות בעבירות קלות יותר וכי הוא נענה לקוד השתיקה הנהוג בעולם העברייני ואיגור כי רצה להגן על עצמו מפני האשמה בעבירות סמים בדומה לדימה שקריהם של סרגיי ואיגור בעדותם לפני בית המשפט כפי שהודו בכך במסגרת הסיכומים בית המשפט ראה בשקרים אלה סיוע נוסף לעדותו של עד המדינה ועמד על כך שסירובם של סרגיי ואיגור להעיד ולהיחקר נגדית על גרסתם זו מהווה אף שתיקה במשפט העולה אף היא כדי סיוע לפי סעיף 162 לחוק סדר הדין הפלילי קביעות אלה מקובלות עליי בהחלט ואציין כי גם השופט לוי היה שותף לעמדת שופטי הרוב בכל הנוגע לראיות הסיוע הגם שראה בחלקן סיוע לעצם המעורבות של המערערים בפרשה למצער כמסייעים ולאו דווקא כמבצעים בצוותא של מעשי הרצח עוד אוסיף באשר לטענה כי שיחת ה""דווה פטרונה"" היא לא ראיה עצמאית טענה שחזרה על עצמה גם במהלך הדיון לפנינו כי לדעתי מדובר בראיה עצמאית שמסבכת את דימה ושנוגעת לנקודה ממשית השנויה במחלוקת צפיתי בהקלטה ואכן השאלות מנוסחות על ידי עד המדינה וניכר כי הוא זה שמוביל את השיחה עם זאת ברי כי הסיוע שניתן למצוא בשיחה אינו מצוי בדבריו של עד המדינה כי אם בתגובותיו של דימה ובעיקר לדידי בתגובתו כי אחרי הגשמים הכול אבד וכי ""שום דבר לא נשאר עליה"" מכל מקום גם השיחה עם אולגה ועדותו של רוני שנמצאה מהימנה בכל הנוגע להסעת המערערים לנחל בקע כמו גם שקריו של דימה ושל המערערים האחרים אינם מותירים ספק כי אכן נמצאו די והותר ראיות סיוע לעדותו של עד המדינה כל זאת אף מבלי צורך לקבוע כפי שביקשה המדינה כי די בראיות הסיוע שהפריכו את יריעת המחלוקת הרחבה בין הצדדים לפני שצומצמה במשפט דוגמת מחקרי התקשורת שהצביעו על הגעתם של המערערים לבאר שבע ג טענה חלופית הרשעה כמסייעים לרצח המנוח בלבד 64 המערערים העלו כאמור טענה החלופית לפיה יש לאמץ את פסק דינו של שופט המיעוט אשר סבר שיש להרשיע את דימה ואיגור כמסייעים לרצח המנוח בלבד ולא ברצח המנוחה וכי יש להחיל עמדה זו גם על סרגיי גם טענה זו דינה להידחות כמתואר לעיל פסק דינו של השופט לוי מושתת על אימוץ עדותו של עד המדינה בחלקים הנתמכים בראיות חיצוניות בלבד איני שותף להלוך מחשבה זה ולדעתי אותה פירטתי לעיל ולא אחזור על הדברים כאן התשתית הראייתית הרחבה התומכת בעדותו של עד המדינה מובילה למסקנה כי עדותו היא אמינה ועל כן אין צורך לתמוך כל פרט ופרט בעדות בהעדר טעם מבורר בראיה חיצונית אך מעבר לכך אף אם מאמצים את דרך הניתוח של השופט לוי אשר קבע גם הוא כי המערערים נכחו בזירת האירוע באמצו את עדותו של רוני לפיה הסיע את המערערים אליה איני סבור כי ניתן להגיע למסקנה לפיה המערערים היו בבחינת מסייעים בלבד ולא מבצעים בצוותא רבות נכתב על ההבדל בין שתי הקטגוריות הללו וכך ניסח זאת הנשיא א ברק בע""פ 4389 93 מרדכי נ מדינת ישראל פ""ד נ 3 239 251 250 1996 להלן ענין מרדכי ""השוני בין המבצע בצוותא לבין המסייע מתבטא בכך שהמבצעים בצוותא משמשים גוף אחד לביצוע המשימה העבריינית כולם עבריינים ראשיים האחריות של כל אחד מהם היא ישירה כל אחד מהם נוטל חלק בביצוע העיקרי של העבירה תרומתו של כל אחד מהמבצעים בצוותא היא פנימית כל אחד מהם הוא חלק מהמשימה העבריינית עצמה ראה ש""ז פלר יסודות בדיני עונשין המכון למחקרי חקיקה ולמשפט השוואתי ע""ש הארי סאקר כרך ב תשמ""ז לעניין האחריות בצוותא אין נפקא מינה אם כל המעשים נעשו ביחד או אם נעשו מקצתם בידי אחד ומקצתם בידי אחר סעיף 29 ב לחוק העונשין אכן לעניין הביצוע בצוותא תיתכן חלוקת עבודה בין העבריינים באופן שהם יפעלו במקומות שונים ובזמנים שונים ובלי שכל אחד מהם מיצה את העבירה ובלבד שחלקו של כל אחד מהם הוא חלק פנימי של המשימה העבריינית המסייע בדומה למשדל הוא שותף עקיף ומשני הוא מסייע ביצירת התנאים לביצוע העבירה על ידי העבריין העיקרי או העבריינים העיקריים המבצעים בצוותא סעיף 31 לחוק העונשין תרומתו של המסייע היא חיצונית אין הוא חלק פנימי של המשימה העבריינית עצמה אין הוא היוזם אין הוא המחליט על הביצוע ואין הוא שולט על הביצוע אין הוא אדון לביצוע הוא מבצע מעשי עזר הנפרדים מביצוע העבירה על ידי העבריין העיקרי ושיש בהם כדי לאפשר את הביצוע להקל עליו או לאבטח אותו סעיף 31 לחוק העונשין "" 65 בענייננו אף אם נצעד בדרך שהתווה השופט לוי איני סבור כי ניתן לומר שהמערערים לא היו חלק מהמעגל הפנימי של המשימה העבריינית ולא נטלו חלק משמעותי במעשים כפי שטענה המדינה אין זה מתקבל על הדעת כי המערערים שלא היו תושבי העיר באר שבע ולא הכירו את הנפשות הפועלות בסכסוך הגיעו במיוחד לבאר שבע רק כדי "" לאפשר את הביצוע להקל עליו או לאבטח אותו "" לשון סעיף 31 לחוק העונשין וזאת אף אם כדבריו של השופט לוי יש ספק אם דימה היה היורה מעשיהם של המערערים אשר כאמור הגיעו לבאר שבע שהו יממה ומחצה בדירת המסתור היו מעורבים ברכישת הנשק ונכחו בזירת הרצח היו בעליל חלק מהמעגל הפנימי ומכאן שלא היה מקום להרשיעם כמסייעים בלבד יצוין כי למעשה גם השופט לוי היה מודע לקושי העולה מעמדתו לענין זה וכך הוא נימק את עמדתו ""341 אני מודע היטב לכך שמבחינה רציונלית גרידא ניתן להרשיע את נאשמים 4 3 לא רק בעבירה של קשירת קשר אלא גם בעבירה של רצח כמבצעים בצוותא ולא כמסייעים אלא שכפי שצוין לעיל המבחן לקיומו של ספק סביר אינו מבחן רציונלי טהור כי אם מבחן רציונלי בעיקרו שהוא למעשה מבחן משולב רציונלי וסובייקטיבי מצפוני לטעמי לפחות מבחינה סובייקטיבית מצפונית אין מקום להרשיע את נאשמים 4 3 כמבצעים בצוותא זאת למרות שברי כי על פי גרסת עד המדינה הנתמכת בין היתר בתוכן ת 77 האפשרות המסתברת ביותר היא כי נאשם 3 הוא זה שירה במנוחים כאשר נאשם 4 עמד בקרבת מקום על פי אפשרות מסתברת זו אין ספק כי היה מקום להרשיע לפחות את נאשם 3 כמבצע בצוותא של הרצח ואף גם את נאשם 4 כמבצע נוסף בצוותא "" 66 אוסיף גם כי איני שותף לקביעתו של השופט לוי לפיה אין להרשיע את דימה ואיגור ברצח המנוחה שכן לא נמצאה ראיית סיוע לעדותו של עד המדינה כי התריע בפני המערערים אודות האפשרות שיחד עם המנוח נמצאת בת זוגו עם ילדה הקטן וכי חלק זה של העדות לא היה מהימן משנקבע כי דימה היה היורה לא יכול להיות חולק כי ניתן להרשיעו ברצח המנוחה מכוח סעיף 300 א 4 לחוק העונשין שעניינו במי ש "" גורם למותו של אדם כשנעברה עבירה אחרת כדי להבטיח לעצמו או למי שהשתתף בביצוע אותה עבירה בריחה או הימלטות מעונש "" ואשר לסרגיי ואיגור דעתי היא כי בנסיבות המקרה ניתן היה לבסס את הרשעתם בהיותם מבצעים בצוותא ועל כן שותפים לתכנון כולו על אמרתו של עד המדינה בדבר אפשרות הימצאם של אנשים נוספים יחד עם המנוח אמנם אין בנמצא תמיכה ראייתית נוספת ספציפית לאמרה זו אולם במקרה זה די בראיות הסיוע שהונחו לפני בית המשפט המחוזי כדי להרשיעם גם ברצח המנוחה אכן מובן כי כאשר עסקינן בעבירות נפרדות נדרשת ראיית סיוע לכל אחת מהן אך גם ברור כי "" אין ראיית הסיוע ממצה את עצמה היינו כי אין עוד כל חפץ ושימוש בה אחרי שמצאו אותה כראויה להוות סיוע לאישום אחד יתכנו מצבים בהם זורקת ראית הסיוע אור על מספר אישומים וכפועל יוצא מכך ניתן גם להסיק כי יתכנו נסיבות בהן תשמש ראיה פלונית לאור תוכנה ומהותה כסיוע יחיד לגבי מספר אישומים ולאו דווקא לגבי אישום אחד בלבד"" ע""פ 396 78 זכאי נ מדינת ישראל פ""ד לג 3 581 587 1979 יש לבחון אפוא האם ראיית הסיוע יכולה לשמש סיוע עבור כל אחת מהעבירות בנפרד וכאשר קיימת בין העבירות זיקה פנימית או כאשר העבירות מהוות מסכת עובדתית אחת אין ברגיל קושי להשיב על כך בחיוב ע""פ 840 79 גבריאלי נ מדינת ישראל פ""ד לה 2 371 381 1981 ע""פ 2949 99 כהן נ מדינת ישראל פ""ד נו 1 636 647 646 2001 שעסק אמנם בראייה מסוג חיזוק אך הגיונם של הדברים הוא זהה ע""פ 3 10 אוחנה נ מדינת ישראל פסקאות 148 146 27 12 2012 בענייננו אין ספק כי מדובר במסכת עובדתית אחת ועל כן בהעדר טעם של ממש לחשוד כי דווקא חלק זה בעדותו של עד המדינה אינו אמיתי די בראיות הסיוע שהובאו כדי להביא להרשעת המערערים גם ברצח המנוחה בנסיבות אלה איני רואה צורך לעסוק בשאלה האם ניתן היה לבסס את הרשעתם של סרגיי ואיגור ברצח המנוחה מכוח הוראת סעיף 34א א 1 לחוק העונשין אפשרות המעוררת שאלות לא פשוטות ד הערעור כנגד העונש 67 נותרה אם כן טענתו החלופית של דימה בנוגע לעונש כאמור דימה טען כי היה מקום לחפוף את שני מאסרי העולם שנגזרו עליו שכן יש לראות את שתי העבירות כ ""אותו מעשה"" כמשמעות המונח בסעיף 186 לחוק סדר הדין הפלילי בטענה זו אין כל ממש וזאת גם בהתעלם מכך שהטענה נשמעה לראשונה במסגרת הערעור השאלה האם יש לראות מספר עבירות כ""אותו מעשה"" נידונה לא אחת בפסיקה ולצורך כך פותחו שני מבחני עזר עיקריים האחד המכונה גם ""המבחן הצורני עובדתי"" עניינו בשאלה האם מדובר בפעולות נפרדות עוקבות שניתן להפריד ביניהן או שהן בגדר פעולה יחידה מתמשכת והשני המכונה גם ""המבחן המוסרי"" נוגע לאינטרס של קורבן העבירה מבחן אחרון זה נוהג בעיקר בעבירות נגד גופו של אדם ובמסגרתו נבחנת בעיקר שאלת ריבוי הנפגעים ראו ע""פ 1742 91 פופר נ מדינת ישראל פ""ד נא 5 289 302 1997 להלן ענין פופר ע""פ 4910 13 ג אבר נ מדינת ישראל פסקה 24 לפסק דינו של חברי השופט י דנציגר 29 10 2014 להלן ענין ג אבר יוער כי גם לאחר חקיקת תיקון 113 לא נס ליחם של מבחנים אלה והם ישימים גם כיום ענין ג אבר פסקה 8 לפסק דינה של השופטת ד ברק ארז מכל מקום לפי כל מבחן אפשרי לא יכול להיות חולק כי בענייננו אין מדובר ב"" אותו מעשה "" במובן סעיף 186 לחוק סדר הדין הפלילי מדובר אמנם בקטילתם של המנוחים ב אותו אירוע אך הדבר בוצע באמצעות ירי של מספר לא מועט של כדורים בשני קורבנות שונים 68 בדין קבע אפוא בית המשפט קמא כי אין מקום לקבוע כי העונשים ירוצו בחופף במעשיהם נטלו המערערים חיים של שני בני אדם בצדק נקבע כי ""אף כי מעשה רצח של אדם בודד הוא כשלעצמו מעשה נפשע וחמור מאין כמותו גזירה של אותו עונש על מי שרצח אדם אחד ועל מי שרצח רבים עלולה להתפרש כהחלשה של משמעות ערך חיי האדם ואף עלולה לפגוע במידת ההרתעה שכן מה יעצור רוצח מלהרבות את קורבנותיו אם בגין הקורבנות הנוספים הוא לא יהיה צפוי לכל תוספת עונש "" ענין פופר בעמ 303 בענייננו הדברים האמורים אף מתחדדים נוכח כך שההרשעה ברצח המנוחה מבוססת על העבירה הקבועה בסעיף 300 א 4 לחוק העונשין אשר באופן מובנה היא חלק מרצף אירועים והיא נלווית לעבירה אחרת ה""גורם למותו של אדם כשנעברה עבירה אחרת "" אם נאמר כי יש מקום לחפיפת עונשים במקרה כגון דא ודאי חפיפה מלאה עלולים אנו להימצא כמי שנוטלים את העוקץ מן האיסור החמור הקבוע בהוראה זו בדין גזר אפוא בית המשפט המחוזי על המערערים מאסרים מצטברים עוד ראוי לציין כי גם אם בעבר הייתה נטייה לראות בחפיפת עונשים במקרה שבו הורשע נאשם במספר עבירות באותו משפט כברירת מחדל וגם זאת לא בכל המקרים הרי שכיום ודאי לאחר חקיקתו של תיקון 113 לחוק העונשין הנטייה היא הפוכה כפי שציינתי בענין אחר ""אכן הפסיקה בסוגיה זו של חפיפה והצטברות עונשים באותה פרשה או בפרשות נפרדות אינה אחידה ועקבית מכל מקום ההסדרים הנורמטיביים בסוגיה זו עברו בשנים האחרונות שינוי מובהק לכיוון של התרחקות מתפיסה פרשנית או מהותית של עונשים חופפים כברירת מחדל והענקת מעמד בכורה לתפיסה הבוחנת אירועים עברייניים נפרדים כל אחד בפני עצמו תוך הפעלת שיקול דעת פרטני באספקלריה של עקרון ההלימה אשר נקבע כעקרון המנחה בענישה סעיף 40ב ל חוק העונשין "" ע""פ 7907 14 ואזנה נ מדינת ישראל פסקאות 14 13 22 2 2015 69 אעיר לבסוף כי אמנם הוראת סעיף 40יג לחוק העונשין קובעת כי אם הרשיע בית משפט נאשם במספר עבירות המהוות אירוע אחד יקבע מתחם עונש הולם לאירוע כולו ויגזור ""עונש כולל לכל העבירות בשל אותו אירוע"" אלא שהוראה זו אינה חלה במקרה של הרשעה ביותר מעבירת רצח אחת ע""פ 1839 15 גטאהון נ מדינת ישראל פסקה 41 25 5 2016 סוף דבר 70 הגענו לסופה של הדרך נמצא כי אין לשנות ממסקנותיה של דעת הרוב בבית המשפט המחוזי הנשענות על בסיס ראייתי מוצק וכי אין להורות על נשיאת העונש"
HUGGINGFACE-029159f13383,2026-05-26T07:21:27+03:00,manual_review_no_defendant_relief,none,רתן יחד מצביעה על מסקנה הגיונית אחת ויחידה מעבר לספק סביר לפיה המערער הוא שרצח את המנוחות לא עלה בידו של המערער לבסס תרחיש חלופי אשר יש בכוחו לספק הסבר סביר אפשרי השולל את אשמו כאשר מכלול הראיות לא משאיר מקום לתזה מזכה חלופית גם לא כזו שהמערער לא טען לה כך גם אין מקום להתערב בהרשעת המערער בעבירות הנוספות שיוחסו לו שכן ממילא לא הוצגו בערעורו טענות של ממש לעניין זה לפיכך אין הצדקה להתערב בהכרעת דינו של בית המשפט המחוזי אכן אין לכחד כי נותרו תהיות ושאלות בלתי פתורות סביב הפרשה שבפנינו ואולם דומני כי אותם חלקים חסרים ומעורפלים אינם חיוניים להבנת התמונה הכוללת העולה ממכלול הראיות יפים לעניין ז
HUGGINGFACE-f281bc7d50f2,2026-05-26T07:21:27+03:00,manual_review_sentence_relief,sentence_relief_only,"ותר בעת ביצוע העבירה היה כאמור בן פחות מ 20 בעת האירוע היותו מאורס העובדה שזה מעצרו הממושך הראשון הודאתו החיסכון בזמן שיפוטי ובהעדת עדים העובדה שהתחרט ולקח אחריות למעשיו ועוד לשיטתו גם התסקיר בעניינו מלמד על היותו בעל אורח חיים נורמטיבי נוכח האמור מבקש עואג י להפחית את עונשו באופן ממשי כך שתקופת מאסרו תחפוף את התקופה אותה ריצה עד היום או לחלופין שיוטל עליו עונש זהה לזה שהוטל על אנואר 9 אנואר טוען באמצעות בא כוחו עו""ד אלי בניה כי בית המשפט שגה בקבעו מתחם ענישה העולה על מתחם הענישה שהוסכם בין הצדדים בהסדר הטיעון נטען כי קביעת מתחם הענישה כאמור הובילה להמרה בעונשו כמו כן נטען כי בית המשפט התעלם מן העובדה שמעשיו של אנואר קרובים לחריג הגנת בית מגורים הקבוע בסעיף 34 י 1 לחוק בנוסף נטען כי בית המשפט שגה בקבעו מתחם ענישה זהה לאנואר וליתר המערערים כאשר לפחות אחד מהם החזיק סכין בזמן האירוע ולשני עבר פלילי משמעותי לבסוף נטען כי בית המשפט שגה בהעמידו את עונשו של המערער ""סמוך לרף התחתון"" של מתחם העונש שקבע ולא ברף התחתון מבלי לנמק את החלטתו 10 מוניר טוען באמצעות באי כוחו עו""ד טל ארד עו""ד תמיר מרום כי כאשר מוצג על ידי הצדדים הסדר טיעון הכולל הסכמה לעניין העונש אין תחולה ישירה לתיקון 113 לחוק במובן זה שבית המשפט לא יידרש לקבוע מתחם עונש הולם ולנמק את גזר דינו על פי כללי תיקון 113 לחוק אלא יבחן את ההסדר על פי ההלכה הפסוקה בעניין הסדרי טיעון ולאחר מכן במקרה הפרטי של ""הסדרי טווח"" יגזור את הדין בתוך אותו טווח לפי שיקול דעתו לטענתו קביעת מתחם על ידי בית המשפט המחוזי החורג מהרף העליון עליו הסכימו הצדדים העלה באופן ממשי את רף הענישה בעניינו באופן המנוגד לרוח ההסדר בין הצדדים לשיטתו בית המשפט שגה כאשר התייחס בגזר דינו לתסקיר הראשון בעניינו של המערער במסגרת השיקולים לחומרה כן נטען כי בית המשפט המחוזי לא נתן די משקל לכך שעניינו עומד ""כפסע"" מהחריג של הגנת בית מגורים הקבוע בסעיף 34 י 1 לחוק זאת ועוד נטען כי גם בהתאם לתסקיר שירות המבחן יש להשית עליו עונש נמוך מזה שנקבע בבית המשפט המחוזי בנוסף נטען כי סיועו למעשה הוא ברף התחתון ועל כן היה מקום להקל בעונשו לטענתו בית המשפט זקף לחובתו את השיקולים לחומרה אך לא התחשב בשיקולים לקולה כמו למשל אורח חייו הנורמטיבי הכולל עבודה קבועה ומסודרת 11 בדיון שנערך לפנינו אישרה נציגת שירות המבחן למבוגרים גב ברכה וייס כי התסקירים המקוריים שהוגשו לבית המשפט המחוזי לא התבססו על כתב האישום המתוקן אלא על זה המקורי בנוסף צוין כי טרם ניתן גזר הדין על ידי בית המשפט המחוזי נערך מפגש בין נציגי שירות המבחן לבין מוניר וכי לקראת הדיון בערעור נוהלו שיחות טלפוניות עם עואג י ואנואר לדברי גב וייס לא ניתן לשלול את תוקפם של התסקירים לחלוטין על רקע הטעות שנפלה בהם לדבריה שלושת המערערים ""נמצאים במצב טוב וחיובי"" והם בעלי אופק שיקומי בהקשר זה ציינה גב וייס כי המאסר גרם למערערים לעשות חשבון נפש אשר בעקבותיו הם מגלים אמפטיה כלפי הקורבן ומצטערים על מעשיהם 12 בדיון שנערך לפנינו טענה המשיבה באמצעות באת כוחה עו""ד זוארץ לוי כי בניגוד לטענתו של בא כוחו של אנואר לשיטתה העונש שהושת על המערערים הוא לא העונש הראוי ואף מצוי ברף העונש הנמוך של מתחם העונש ההולם לעבירה בה הורשעו בהקשר זה הוטעם כי ההסדר שאליו הגיעו הצדדים נבע מהנסיבות הייחודיות של התיק מקשיים ראייתיים בהוכחת חלקו של כל אחד מן המערערים ומהעובדה שהנאשם 1 לקח אחריות לדקירתו של המנוח אשר לטענת המערערים כי בית המשפט המחוזי שגה כאשר קבע מתחם עונש הולם שהרף העליון שלו עולה על זה שנקבע במסגרת הסדר הטיעון נטען כי לפי פסיקתו של בית משפט זה ברי כי בית המשפט יכול ואף צריך לקבוע מתחם עונש הולם אף כאשר הוסכם בהסדר הטיעון מהו העונש המקסימלי שתבקש המדינה אשר לטענת המערערים כי בית המשפט המחוזי לא נימק את קביעתו בדבר מתחם העונש ההולם נטען כי בית המשפט נימק את קביעתו וכי בכל אופן העונש שנגזר מצוי בגדר המתחם שנקבע ועל כן היו נדרשות נסיבות מיוחדות כדי להצדיק דווקא סטייה מן העונש שהוסכם בהסדר הטיעון אשר לטענה כי מעשיהם של המערערים מתקרבים לסייג של הגנת בית מגורים נטען כי מדובר על סיטואציה שבה נשקו של המנוח נוטרל והוא נרדף על ידי חבורה אשר דקרה אותו דקירות רבות ועל כן צדק בית המשפט המחוזי כאשר דחה את הטענה הזו אשר לטענתו של עואג י כי הוא הופלה ביחס לאנואר נטען כי הסיבה לאבחנה ביניהם במישור העונש היא עברו הפלילי של עואג י לעומת עברו הנקי של אנואר נוכח כל האמור לעיל לטענת המשיבה אין מקום להתערבותו של בית משפט זה בגזר דינו של בית המשפט המחוזי דיון והכרעה 13 לאחר שעיינתי בקפידה בגזר הדין ובהודעות הערעור ולאחר ששמעתי את טיעוני באי כוח הצדדים בדיון שנערך לפנינו אציע לחברי לדחות את שלושת הערעורים 14 הלכה היא כי ערכאת הערעור אינה נוטה להתערב בגזר דינה של הערכאה הדיונית למעט במקרים חריגים בהם נפלה טעות בולטת או שהעונש שנגזר על ידה חורג במידה קיצונית מרמת הענישה המקובלת בנסיבות דומות ראו למשל ע""פ 1242 97 גרינברג נ מדינת ישראל פסקה 7 ב 3 2 1998 ע""פ 3091 08 טרייגר נ מדינת ישראל פסקה 11 29 1 2009 ע""פ 5960 13 מדינת ישראל נ עון פסקה 7 23 4 2014 הלכה זו מקבלת משנה תוקף כאשר מדובר בגזר דין המצוי בטווח הענישה המוסכם בהסדר טיעון ראו למשל ע""פ 512 13 פלוני נ מדינת ישראל פסקה 9 והאסמכתאות שם 4 12 2013 להלן ע""פ 512 13 בהקשר זה יודגש כי כל ה עונשים שבית המשפט המחוזי השית על המערערים במקרה דנן לא חרגו מהעונש שנקבע בהסדר הטיעון שהמדינה תהא רשאית לטעון לו וחלקם אף היו נמוכים ממנו איני סבור כי המקרה שלפנינו נופל בגדר אחד מן החריגים אשר מצדיקים את התערבותנו להלן אפרט את הסיבות שהביאוני למסקנתי זו 15 כידוע בית המשפט לא ידחה בנקל הסדר טיעון לעונש שמובא לאישורו זאת לנוכח קיומם של שיקולים כבדי משקל התומכים במוסד הסדרי הטיעון ובראשם האינטרס הציבורי שלא לכרסם במעמדו כמכשיר אכיפה והן כדי לא לפגוע באינטרס ההסתמכות של הנאשם החותם על הסדר השוו ע""פ 2021 17 מצגר נ מדינת ישראל פסקה 11 והאסמכתאות שם 30 4 2017 להלן מצגר יחד עם זאת בית המשפט אינו כבול להסכמות הצדדים בהסדר הטיעון לעניין העונש ובבואו לגזור את הדין הוא רשאי ואף חייב לבחון את נאותות הסדר הטיעון אשר הובא לפניו בע""פ 1958 98 פלוני נ מדינת ישראל פ""ד נז 1 577 605 2002 להלן ע""פ 1958 98 התוותה השופטת ד ביניש כתוארה אז את ""גישת האיזון הראוי"" לבחינת הסדרי טיעון לעניין העונש שאף אומצה על ידי כל חברי ההרכב המורחב על פי גישה זו על בית המשפט לבחון אם בהסדר שהוגש לפניו התקיים איזון "" בין טובת ההנאה הצומחת לנאשם מהסדר טיעון לעניין העונש לבין אינטרס הציבור כפי שהוא בא לידי ביטוי בעונש שבית המשפט גוזר"" שם בעמ 606 בהקשר זה הודגש כי על בית המשפט להתייחס להסדר הטיעון כשיקול מרכזי שעליו לשקול בעת גזירת העונש הן מטעמים של אינטרס הציבור בעריכת הסדרי טיעון והן על מנת להגן על ציפיותיו של הנאשם אשר בהודייתו מוותר על זכותו לניהול ההליך עד תומו השוו שם בעמ 607 ע""פ 3068 10 פלונית נ מדינת ישראל פסקה 40 1 11 2010 להלן פלונית בנוסף נקבע כי על מנת לקבוע אם התקיים האיזון הראוי על בית המשפט לבחון את העונש המוסכם בהסדר הטיעון אל מול העונש שהיה נגזר על הנאשם לולא הסדר הטיעון ומהי מידת ההקלה שניתנה לו עקב הסדר הטיעון לשם הערכת מידת ההקלה נדרש בית המשפט להתחשב במידת ויתורו של הנאשם נוכח סיכויי הרשעתו או זיכויו ללא ההסדר כמו כן נקבע כי בית המשפט יביא בחשבון במסגרת מבחן האיזון בין היתר את שיקוליה הפרטניים של התביעה בנסיבות המקרה את האינטרס הציבורי בהשגת הודיה ולקיחת אחריות של הנאשם על מעשיו וכן את האינטרס הציבורי הרחב שעניינו ביעילות מערכתית ראו למשל ע""פ 1958 98 בעמ 609 פלונית פסקה 44 16 בית משפט זה חזר פעמים רבות על כך ש הוראותיו של תיקון 113 לחוק העונשין התשל""ז 1977 שנחקק לאחר ע""פ 1958 98 אינן עומדות בסתירה לגישת האיזון הראוי דהיינו הערכאה הדיונית מוסמכת ואף נדרשת לבחון הסדרי טיעון על רקע מתחם הענישה ההולם שאותו יש לגבש בהתאם להוראות הקונקרטיות של תיקון 113 ע""פ 512 13 פסקה 18 עניין מצגר פסקה 16 וההפניות שם בהקשר זה ראוי לחזור ולהדגיש את ההבחנה בין טווח ענישה לבין מתחם ענישה ברמה המבנית טווח ענישה מוסכם נקבע בהסדר טיעון על ידי הצדדים ואילו מתחם ענישה נקבע על ידי בית המשפט בהתאם להוראות תיקון 113 לחוק ברמה המהותית טווח ענישה משקף את התוצאה של כוח המיקוח של כל אחד מן הצדדים להליך בנסיבות העניין ולעומת זאת מתחם ענישה משקף קביעה נורמטיבית של בית המשפט בדבר האיזון הראוי בין השיקולים הרלבנטיים הקבועים בחוק ע""פ 512 13 פסקה 17 17 על רקע זה יש לדחות את טענתם של באי כוח המערערים לפיה בית המשפט שגה בקבעו מתחם ענישה שחלקו העליון גבוה יותר מן העונש שהוסכם בהסדר הטיעון שהמדינה רשאית לטעון לו קבלת טענה זו משמעותה שלילת שיקול דעתו של בית המשפט לבקר ולדחות הסדרי טיעון עליהם הסכימו הצדדים אין בידינו לקבל טענה זו אשר מנוגדת להלכה הפסוקה בעניין בחינתם של הסדרי טיעון על ידי בית המשפט ולהגיון שעומד בבסיסה כמו כן יש לדחות את טענתו השגויה של בא כוחו של מוניר אשר לפיה כאשר הסדר טיעון לעניין העונש מובא לבחינתו של בית המשפט אין תחולה להוראות תיקון 113 לחוק ועל כן בית המשפט אינו נדרש לקבוע מתחם ענישה ולגזור את הדין בהתאם להוראות התיקון 18 אשר לטענתם של המערערים כי תסקירי שירות המבחן המקוריים שהוגשו לבית המשפט המחוזי לא התבססו על כתב האישום המתוקן ולטענתו של עואג י כי נפלה טעות בציון גילו במסגרת התסקיר סבורני כי יש צדק בטענתם זו וכי לא ניתן להתעלם מן השגגות שנפלו בתסקירים המקוריים יחד עם זאת בהתחשב בעובדה שטעויות אלה תוקנו בתסקירים המשלימים שהוגשו לבית משפט זה טרם הדיון בערעור וכי ביחס למוניר הוגש תסקיר משלים ומתוקן אף לבית המשפט המחוזי בהתחשב בכך שהעונשים שנגזרו על המערערים תואמים את טווח הענישה שהוסכם בין הצדדים בהסדר הטיעון בהתחשב בחומרת העבירה בה הורשעו המערערים ובתוצאתה הקשה והבלתי הפיכה ובשים לב לכך שמעיון בגזר הדין עולה כי בית המשפט שקל את כלל השיקולים לקולה ולחומרה בבואו לגזור את דינם של המערערים דעתי היא כי אין בפגמים אלו כדי להצדיק את התערבותנו בתוצאה אליה הגיע בית המשפט המחוזי 19 אשר לטענתו של עואג י כי הופלה ביחס לנאשם 1 היות ובית המשפט הפעיל את עונש המאסר המותנה בעניינו במצטבר ולעומת זאת אישר את הסדר הטיעון של הנאשם 1 הכולל חפיפה של 21 חודשי מאסר בפועל אין בטענה זו ממש בית המשפט המחוזי השית על הנאשם 1 עונש מאסר מכביד משמעותית בהשוואה לעונשים שהושתו על המערערים הואיל ומדובר במבצע העיקרי של העבירה נקבע כי עליו לרצות עונש מאסר כולל של 10 שנים ו 21 חודשים בגין תיק זה ובגין תיק אחר שאת עונש המאסר בו הוא ריצה במועד גזר הדין סבורני כי במקרה דנן העונש שהושת על המערערים כמי שהודו בעבירה של סיוע להריגה משקף איזון נאות אל מול עונשו של המבצע העיקרי זאת לאחר שנבחנו כהלכה כלל השיקולים הרלבנטיים משכך אין מקום להתערב בו 20 סוף דבר אציע לחברי לדחות את שלושת הערעורים ולהותיר את העונש שהושת על המערערים על כנו ש ו פ ט השופטת א חיות אני מסכימה ש ו פ ט ת השופט מ מזוז אני מסכים ש ו פ ט הוחלט כאמור בפסק דינו של השופט י דנציגר ניתן היום ג בסיון התשע""ז 28 5 2"
HUGGINGFACE-5754837de1ce,2026-05-26T07:21:27+03:00,manual_review_sentence_relief,sentence_relief_only,"ך חייב בתשלום פיצויים על הצד הנמוך בנסיבות אלו ההחלטה בדבר תשלום הפיצויים מבוססת ומוצדקת ואין עילה להתערב בה 55 ביום 13 11 2017 קיימנו דיון במעמד הצדדים ובסופו החלטנו כדלקמן ""לאחר שמיעת טיעוניהן של באות כוח הצדדים ולאחר שקיימנו התייעצות המלצנו לצדדים להסמיכנו להפחית בעונשו של המערער מכוח סמכותו של בית משפט על פי סעיף 300א א לחוק העונשין התשל""ז 1977 זאת בגין נסיבותיו המיוחדות של המקרה דנן באת כוח המשיבה תודיע לבית המשפט ולבאות כוח המערער בתוך שבעה ימים ממועד החלטה זו אם המלצתנו מקובלת על המשיבה ככל שהתשובה תהיה חיובית תודענה באות כוח המערער בתוך שבעה ימים מיום שהודעת המשיבה הגיעה אליהן אם המערער מקבל את המלצתנו"" ביום 16 11 2017 הגישה באת כוח המשיבה הודעה לפיה המשיבה שקלה בשנית את עמדתה אולם הגיעה לכלל מסקנה כי ""בנסיבות המקרה לא מתקיימים התנאים לתחולת סעיף 300א א "" באין הסכמה נדרשת הכרעה דיון והכרעה 56 ""הפסיכיאטריה כמו הרפואה בכלל אינה מדע מדויק אינה מתמטיקה ואינה באה בגדר פלט מחשב נבכי נפש האדם בחלקם הניכר עודם תורת הנסתר"" ע""פ 549 06 פלוני נ מדינת ישראל פסקה ב לחוות דעתו של השופט כתארו אז א רובינשטיין 15 5 2006 מלאכתו של בית המשפט בבואו לחקור כליות ולב דעת ונפש הריהי קשה מורכבת ובמידה מה ניתנה אמת להאמר אף יומרנית דא עקא במערכת המשפט האזרחית האנושית בגדרה אנו פועלים שומה על בית המשפט לחרוץ את דינו של הנאשם לשבט או לחסד יהא היקפן וטיבן של הראיות שלפניו אשר יהא ראו דברי בע""פ 4784 13 סומך נ מדינת ישראל פסקה 194 18 2 2016 כך נעשה אף אנו ומתוך שהארכנו בתיאור הרקע העובדתי התשתית הראייתית עיקרי הכרעת הדין וגזר הדין וטענות הצדדים לפנינו נוכל לקצר עתה בבואנו לדון ולהכריע 57 ראשית חכמה נזכור ונזכיר הטוען לקיומו של סייג לאחריות פלילית עליו הנטל להוכיחו משהודה אדנה בביצוע הרצח עליו הנטל לעורר ספק סביר שמא קיים סייג לאחריות פלילית בענייננו סייג אי שפיות הדעת המעוגן בהוראת סעיף 34ח לחוק העונשין כידוע על מנת לחסות בצלו של סייג זה על הנאשם לעורר ספק סביר ביחס לשלושה תנאים מצטברים הראשון מחלה נפשית או ליקוי בכושר השכלי השני חוסר יכולת של ממש להבין את הפסול שבמעשה או להימנע ממנו השלישי קשר סיבתי בין המחלה לבין חוסר היכולת כאמור נקדים ונעיר הצדדים חלוקים בשאלת סיווגה של ההפרעה הנפשית ממנה סבל אדנה האם סכיזופרניה כדברי ד""ר אור או שמא הפרעה דלוזיונלית מתמדת כדברי ד""ר שילד בדומה לבית המשפט המחוזי אינני רואה צורך להכריע בשאלה זו ""בהינתן שגם הפרעה דלוזיונלית מתמדת הגם שהיא קלה מסכיזופרניה היא עדיין הפרעה נפשית חמורה שיכולה לענות על ההגדרה דרישה של סעיף 34ח לחוק"" פסקה 13 1 להכרעת הדין ""הדעה המקובלת כיום שמה את הדגש על עוצמת התסמינים של המצב הנפשי והשפעתם על גיבוש המחשבה הפלילית של העושה"" ע""פ 6570 16 סופיצייב נ מדינת ישראל פסקה 10 18 12 2016 להלן עניין סופיצייב עלינו להתמקד אפוא בבחינת תסמיניה של ההפרעה הנפשית ממנה סבל אדנה ובאיזו מידה השפיעה הלכה למעשה על יכולתו להימנע מביצוע הרצח 58 על פי הערכתה של ד""ר שילד סבל אדנה בשעת ביצוע העבירה מהפרעה נפשית חמורה הפרעה זו כך לפי ד""ר שילד התפתחה והחמירה בששת החודשים שקדמו לאירוע והתבטאה בקיומן של מחשבות שווא פרנואידיות שפיתח אדנה ולפיהן טאגס מבקש להורגו אף על פי כן סברה ד""ר שילד כי בחינת התנהלותו המאורגנת והמחושבת של אדנה עובר לביצוע הרצח ולאחריו תומכת במסקנה כי היה בכוחו לשלוט בדחפיו התוקפניים ולהימנע מביצוע הרצח בית המשפט המחוזי אימץ את עמדתה של ד""ר שילד ואף הטיל ספק בדבר עצם האפשרות שאדנה סבל ממחשבות שווא לנוכח העובדה שד""ר שילד ""לא ביטאה עמדה חד משמעית בנושא"" פסקה 8 1 להכרעת הדין לשיטתו אפשר שאיומים אלו אכן התרחשו במציאות ו נופחו על ידי אדנה ולחלופין אפשר שאדנה בדה אותם מלבו על מנת להצדיק את מעשיו אין לכחד בנסיבות העניין תרחישים אלו אינם בלתי מתקבלים על הדעת ניתן להסיקם לכאורה ""באופן סביר והגיוני מן הראיות"" פסקה 8 5 להכרעת הדין כך במיוחד לנוכח דבריו החסרים והסותרים של אדנה בחקירותיו במשטרה ובבדיקותיו הפסיכיאטריות באשר להשתלשלות האירועים אדנה לא עורר אמון בחוקריו וברופאיו ובדין בחן בית המשפט המחוזי את דבריו בעיניים ספקניות 59 אולם ישנו תרחיש נוסף על פי תרחיש זה אשר ניתן להסיקו באופן סביר והגיוני מן הראיות אדנה פיתח מחשבות שווא שגרמו לו להאמין באמת ובתמים כי טאגס מבקש לפגוע בו ומחמתן עשה את אשר עשה תרחיש זה מעוגן בראש ובראשונה בחוות דעתה של ד""ר שילד כזכור המומחית מטעם בית המשפט אשר העידה מטעם התביעה שהעריכה כאמור כי בעת ביצוע הרצח סבל אדנה מהפרעה נפשית חמורה וכי ""יש קשר ישיר בין הפסיכופתולוגיה לעבירה הנ""ל פיתח מחשבות דלוזיונליות כלפי הקרבן "" מתוך חוות הדעת המשלימה השניה אמנם בעדותה הבהירה ד""ר שילד כי הניחה את קיומן של מחשבות השווא לטובתו של אדנה אולם אין בהבהרה זו כדי לגרוע מסבירותו של התרחיש בנסיבות העניין סוף סוף אין שום ראיה לכך שטאגס איים לפגוע באדנה אדרבה כשנשאל יונס אשר היה עד לוויכוח שהתרחש בין אדנה לבין טאגס יום לפני הרצח כמו גם למפגש האקראי ביניהם מספר שעות לאחר מכן האם ראה או שמע את טאגס מאיים על אדנה השיב בשלילה ת 18 עמודים 2 1 שורות 21 9 עמוד 3 שורות 49 41 לא בכדי יצאה גם המשיבה מנקודת הנחה שטאגס לא איים על אדנה ראו דבריה של באת כוח התביעה בסיכומיה עמוד 142 לפרוטוקול שורות 18 17 60 זאת ועוד למקרא עדויות העובדים במפעל מצטיירת תמונה מטרידה באשר למצבו הנפשי של אדנה סמוך לביצוע הרצח בולטים במיוחד בהקשר זה דבריו של אלי בנו של בעל המפעל שסיפר בהודעתו במשטרה על הוויכוח בין אדנה לבין טאגס יום לפני הרצח כמובא לעיל לאחר הוויכוח אמר אלי לאדנה כי אם יארע אירוע דומה בשנית הוא יפטר את טאגס אולם אדנה מצדו גיחך והשיב ""אחרי שטאגס יהרוג אותי אתה תפטר אותו"" לדבריו של אלי ""הוא כאילו היה לו לאדנה נ ס אולי איזה סכיזופרניה כזאת שהוא טאגס נ ס הולך לרצוח אותו"" ת 11ב עמוד 13 שורות 23 22 ודוק היטב הודעותיהם של עובדי המפעל במשטרה לא נמסרו לשם בחינת מצבו הנפשי של אדנה כי אם במטרה לאסוף ראיות על אודות האירוע ולהתחקות אחר עקבותיו התרשמותו הראשונית והאותנטית של אלי בדבר מצבו הנפשי של אדנה הגם שאינה מקצועית נמסרה על ידו מיוזמתו שעות ספורות בלבד לאחר הרצח כחמישה חודשים לפני שטענת אי השפיות באה לעולם אכן קשה להעריך על בסיס העדויות עד כמה חמורה ומשמעותית היתה ההדרדרות במצבו הנפשי של אדנה כפי שציין בית המשפט המחוזי ""דברי העדים אינם חד משמעיים ויכולים להתפרש לכמה מובנים"" פסקה 10 1 להכרעת הדין הספק בעניין זה צריך שיפעל לזכותו של אדנה לא לחובתו 61 יתר על כן בחינת השתלשלות העניינים ביממה שלפני הרצח הוויכוח בין אדנה לבין טאגס שבעקבותיו נקט אדנה צעד חריג ביותר וסגר את מכונות המפעל הדברים שסיפר ללוי ""בהיסטריה"" שעות אחדות לאחר מכן לפיהם ""נמאס בעבודה כי אריתראים מאיימים עליו באמצעות סכין"" ת 29 עמוד 1 שורות 16 15 החיפושים שערך יחד עם השוטר חסון שלאחריהם המתין כל הלילה על אחד הספסלים בתחנת המשטרה עד שנגבתה תלונתו כל אלו מתיישבים עם האפשרות שאדנה הונע על ידי מחשבות שווא פרנואידיות כלפי טאגס התפתחות העניינים לאחר מעצרו של אדנה דהיינו אשפוזו הממושך בבית החולים שער מנשה לאחר שנמצא בלתי כשיר לעמוד לדין כמו גם העובדה שאובחן שם על ידי הצוות הרפואי כסובל מסכיזופרניה מעוררת אף היא את השאלה עד כמה באמת היה אדנה מניפולטיבי באשר למצבו הנפשי ד""ר שילד העריכה כי ההדרדרות במצבו הנפשי של אדנה לאחר מעצרו התרחשה בעקבות גורמי דחק רבים סביב מעצרו יש להערכה זו על מה שתסמוך והיא מתיישבת עם השינוי שנצפה בהתנהגותו של אדנה החל מחקירתו השלישית יחד עם זאת קשה להתעלם מן הרושם המתקבל לנוכח התבוננות בהשתלשלות האירועים על ציר הזמן מנקודת מבט רחבה אחריתו של אדנה מעידה ולו במקצת על ראשיתו קרי על מצבו הנפשי בעת ביצוע העבירה ראו ע""פ 5570 01 מיכאלי נ מדינת ישראל פסקה צ""ב 5 2 2007 להלן עניין מיכאלי 62 הנה כי כן לצד התרחישים שאימץ בית המשפט המחוזי ולפיהם הגזים אדנה בתיאור איומים שהשמיע כלפיו טאגס במציאות ולחלופין בדה אותם מלבו במטרה להצדיק את מעשיו ישנו תרחיש נוסף זה שהוצג על ידי ההגנה על פי תרחיש זה אדנה פעל מתוך מחשבות שווא פרנואידיות אשר גרמו לו להאמין כי טאגס מבקש לפגוע בו יודגש אין פירוש הדבר כי מחשבות השווא הן בגדר עובדה מוכחת ומבוררת שאין להרהר אחריה לא ניתן לשלול את התרחישים על פי הכרעת הדין של בית המשפט המחוזי ברם ובכך עיקר מקום בו ניתן להעלות על הדעת מספר תרחישים עובדתיים אפשריים ולכולם יש אחיזה של ממש בחומר הראיות להבדיל מתרחישים מרוחקים ותיאורטיים יש להעדיף את התרחיש המקל עם הנאשם בהיקש מדיני הראיות הנסיבתיות על בית המשפט לשקול ""כל תרחיש אפשרי ורק אם המסקנה המרשיעה העולה מן הראיות הנסיבתיות היא המסקנה האחת והיחידה העולה מן העובדות שנקבעו יוכל בית המשפט להרשיע"" ע""פ 3372 11 קצב נ מדינת ישראל פסקה 147 10 11 2011 ההדגשה במקור נ ס ראוי להזכיר בהקשר זה את הוראת סעיף 34כא לחוק העונשין הקובעת כי אם ""ניתן דין לפירושים סבירים אחדים לפי תכליתו יוכרע הענין לפי הפירוש המקל ביותר עם מי שאמור לשאת באחריות פלילית לפי אותו דין"" הגיונם של הדברים יפה בשינויים המחוייבים גם לענייננו 63 אם כנים דברינו הרי שעלה בידו של אדנה לעורר ספק סביר אולי אף למעלה מכך באשר לקיומן של מחשבות שווא פרנואידיות שמחמתן רצח את טאגס אולם בכך לא סגי על מנת להקים את סייג אי שפיות הדעת על אדנה לעורר ספק סביר גם ביחס לטענתו כי בשל מחשבות השווא היה חסר יכולת של ממש להימנע מביצוע הרצח כאמור ההגנה לא חלקה על כך שאדנה הבין את הפסול במעשהו בהתאם להלכה המקובלת אין צורך להצביע על שלילה מוחלטת של היכולת להימנע מביצוע המעשה ""די בגריעה ממשית פגיעה מסיבית ועמוקה ביכולת ההבנה או הרצייה של הנאשם"" ע""פ 7010 09 אבשלומוב נ מדינת ישראל פסקה 22 5 7 2012 להלן עניין אבשלומוב 64 על פי הערכתה של ד""ר שילד התנהלותו של אדנה לפני ביצוע הרצח ולאחריו מלמדת כי היה בכוחו לשלוט בדחפיו התוקפניים אמנם כן כפי שנפסק זה מכבר ""תכנון וארגון אינם שוללים את האפשרות שאדם פעל תחת שליטה של דלוזיה חולנית"" ע""פ 8220 02 ברוכים נ מדינת ישראל פ""ד נח 5 724 766 2004 אולם יש בהם כדי להקים ""סברה לחובתו של הנאשם ועליו להציג נתונים לסתור"" ע""פ 8287 05 בחטרזה נ מדינת ישראל פסקה 31 11 8 2011 להלן עניין בחטרזה בענייננו כפי שקבע בית המשפט המחוזי התנהלותו המאורגנת של אדנה מקימה חזקה עובדתית לכך שהיה בכוחו לשלוט במעשיו ועליו להציג אפוא נתונים לסתור אדנה עורר אמנם ספק סביר בדבר האפשרות שמחשבות שווא פרנואידיות הן אלו שהביאוהו לרצוח את טאגס נתון שיש בו כדי לסתור במידה מסוימת את החזקה שקמה לחובתו זאת ועוד מעשה הרצח בוצע לכאורה באופן ספונטני מבלי שקדמו לו תכנון וארגון מבעוד מועד באופן המתיישב עם טענתו של אדנה כי פעל מתוך דחף בלתי נשלט השוו למשל לע""פ 3243 95 צאלח נ מדינת ישראל פ""ד נב 1 769 1998 להלן עניין צאלח לע""פ 7926 00 דיפני נ מדינת ישראל פ""ד נט 1 817 2004 ולעניין אבשלומוב ברם לא עלה בידו של אדנה לספק מענה מניח את הדעת לשורה של תמיהות באשר ליכולתו להימנע לכאורה מביצוע הרצח אם אמנם פחד מטאגס מדוע החליט אדנה להגיע למפעל בבוקרו של יום הרצח מדוע נכנס לחדר המכונות שם עבד באותה שעה מדוע התלבט היסס והמתין לכאורה ל שעת כושר עד שיוותר עם טאגס לבדו בחדר המכונות מדוע לא נמלט לשטחי הרשות הפלסטינית או לכל מקום אחר לפני ביצוע הרצח אכן בנסיבות העניין כאשר הנטל לעורר ספק סביר בדבר קיומו של הסייג מוטל על כתפיו של אדנה ""הייתה חשיבות ראייתית רבה מאוד לשמוע את עדות אדנה ולקבל את התייחסותו ואת זווית הראייה שלו למכלול של עובדות ונסיבות רלוונטיות שנותרו במשפט ללא מענה"" פסקה 11 1 להכרעת הדין 65 ההגנה ביקשה להיבנות מדברי ד""ר אור בעדותו שסבר כי יש קושי לבחון את מעשיו של אדנה במשקפיים רציונליות כשנשאל בחקירתו הנגדית כיצד הוא מסביר את התנהלותו המחושבת של אדנה השיב ד""ר אור כדלקמן ""אני אינני יודע אבל יכול להיות למשל שהוא מרגיש שגם אם הוא יברח החוצה הוא יותקף הוא מרגיש שהוא בסכנה הניסיון להסביר משהו באופן רציונלי לא עומד נכון עם המקרים האלה כפי שמתנהגים במציאות ניסיתי להסביר את זה קודם אנשים הם אובדניים יש להם מחשבות שווא והזיות ויש רגעים שהם לא עושים את זה כי באותו רגע נותנים ארוחת צהריים ויש רגעים שפתאום הם עושים את זה למה זה בדיוק קרה בעולם הפנימי קשה לדעת אף אחד לא באמת יודע את מציעה מחשבה ברורה שהייתה לו בעולמו הפנימי ואני אומר ייתכן שהיו לו מחשבות אחרות כמו למשל אותה מחשבה שבגינה הוא ברח מתל אביב הוא הרגיש לא מוגן יכול להיות שהוא הרגיש באותו רגע שהוא יכול להסתדר ואם אותה מחשבה במפעל גרמה לו להבין שאף אחד לא יגן עליו והוא חייב לקחת את העניין לידיו אחרת הוא ימות"" עמודים 123 122 לפרוטוקול 66 גישתו של ד""ר אור אפשר שנימוקיה עמה במישור הפסיכיאטרי אך קשה לקבלה במישור המשפטי כפי שקבע בית המשפט המחוזי דבריו של ד""ר אור מטשטשים את ""האבחנה בין חוסר יכולתו של החולה להתנתק ממחשבות השווא ולהימנע מהן לבין חוסר יכולתו של החולה להימנע מביצוע העבירה ואין הדברים זהים"" פסקה 13 4 להכרעת הדין ההדגשות במקור נ ס כמו כן בבסיס גישתו של ד""ר אור ניצבת ההנחה שלפיה ""די בכך שאדם יהיה לוקה במחלה הפרעה פסיכוטית קשה שמלווה במחשבות שווא בכדי שנאמר עליו שהוא היה חסר יכולת להימנע מעשיית המעשה פרשנות כזו אינה עולה בקנה אחד עם לשונו של סעיף 34ח ועם המצב המשפטי הנוהג על ההגנה מוטל להקים ספק סביר שמא הנאשם המסוים שלפנינו במובחן מכל חולה שלוקה בסכיזופרניה המתבטאת במחשבות שווא היה במצב נפשי כזה שהייתה אצלו פגיעה משמעותית ומאסיבית ביכולתו להימנע מהמעשה"" שם 67 הנה כי כן אדנה הוא זה אשר היה בכוחו יותר מכל אדם אחר להאיר להבהיר ולהסביר את הלך רוחו ואת ההחלטות השונות שקיבל לאורך הדרך להחלטה שלא להעיד את אדנה נודעת חשיבות רבה במיוחד בנסיבות דנן לנוכח העובדה שלא הובאו ראיות מוצקות על עברו הפסיכיאטרי השוו למשל לעניין סופיצייב שם הציג המערער ראיות ברורות על עבר פסיכיאטרי משמעותי ובשים לב לכך שבחקירותיו במשטרה סירב להתייחס דווקא לשאלות הקשורות באירועי יום הרצח ראו פסקה 13 לעיל משנמנע אדנה מלהעיד אף שהיה כשיר לעמוד לדין והותיר את התמיהות העובדתיות האמורות לעיל על כנן אזי המסקנה המתבקשת היא כי לא עלה בידו לעורר ספק סביר באשר לטענתו כי מחשבות השווא בהן לקה פגעו פגיעה ממשית מסיבית ועמוקה ביכולתו להימנע מביצוע הרצח ממילא לא עלה בידו לעורר ספק סביר שמא נתקיים בעניינו סייג אי שפיות הדעת האם יש להשית על אדנה עונש מופחת 68 משנדחתה טענתו של אדנה לקיומו של סייג אי שפיות הדעת יש להידרש לטענתו החלופית כי נתקיימו בעניינו התנאים להשתת עונש מופחת בהתאם להוראת סעיף 300א א לחוק העונשין על פי סעיף זה במצב שבו הפרעה נפשית חמורה הגבילה במידה ניכרת אך לא עד כדי חוסר יכולת של ממש את יכולתו של נאשם להימנע מעשיית המעשה ניתן להטיל עליו עונש קל ממאסר עולם ""השוני העיקרי בין ההקלה שבסעיף 300א א להגנה שבסעיף 34ח לחוק הינו שוני כמותי ולא שוני איכותי"" דנ""פ 2156 98 צאלח נ מדינת ישראל פסקה 4 18 6 1998 הבדל מהותי בין סעיף 34ח לבין סעיף 300א עניינו בנטל ההוכחה כך בעוד שביחס לסייג אי שפיות הדעת די לו לנאשם לעורר ספק סביר הרי שעל מנת לבוא בגדרו של סעיף 300א עליו להוכיח את התקיימותם של התנאים ב מאזן הסתברויות 69 מדי דברנו בהוראת סעיף 300א א זכור נזכור זהירות רבה יש לנהוג בקביעת עונש מופחת ""הטעם המובן מאליו הוא קדושת חיי אדם הנוטל חיי הזולת לא במהרה יופחת עונשו מזה שקבע המחוקק לרצח מאסר עולם"" עניין מיכאלי פסקה ע""ט לא בכדי נשתרשה אפוא בהלכה הפסוקה הגישה שלפיה הוראת סעיף 300א נועדה לאותם מצבים גבוליים שבהם הגיע נאשם אל ספו של סייג אי שפיות הדעת אך לא חצה אותו ""גישה זו התופשת את ההגבלה הניכרת ככזו הניצבת מרחק פסע בלבד מחוסר יכולת של ממש משקפת את עמדתה המחמירה של הפסיקה ביחס לפרשנות הראויה של התנאים הקבועים בסעיף 300א לחוק"" ע""פ 10669 05 מטטוב נ היועץ המשפטי לממשלה פסקה 14 7 2 2008 70 האם עלה בידי אדנה להוכיח ב מאזן הסתברויות כי יכולתו להימנע מביצוע הרצח הוגבלה במידה ניכרת תשובתי על כך לא בלי התלבטות היא בחיוב ""לא בא סעיף 300א אלא לאפשר לבית המשפט לחרוג מעונש החובה במקרים יוצאי דופן שבהם תחושת הצדק מחייבת שלא לגזור מאסר עולם על הרוצח אף שהוא רוצח"" עניין צאלח עמוד 789 ההדגשה הוספה נ ס כזה הוא כמדומני הנדון דידן אין לכחד חוסר שיתוף הפעולה מצדו של אדנה בחקירותיו במשטרה ובבדיקותיו הפסיכיאטריות הימנעותו מלהעיד העדר ראיות ברורות על עברו הפסיכיאטרי כל אלו הותירו סימני שאלה משמעותיים שבגינם באתי לכלל מסקנה כי לא עלה בידו של אדנה לעורר ספק סביר שמא היה חסר יכולת של ממש להימנע מביצוע הרצח 71 לצד זאת כאמור אדנה הציב לפנינו שורה של נתונים מהם עולה כי בעת ביצוע הרצח סבל מהפרעה נפשית חמורה שהתבטאה בקיומן של מחשבות שווא פרנואידיות כלפי טאגס מחשבות אשר הניעו אותו ככל הנראה לעשות את אשר עשה חוות דעתה של ד""ר שילד שקבעה כי אדנה סבל בשעת ביצוע הרצח מהפרעה נפשית חמורה וכי ""יש קשר ישיר בין הפסיכופתולוגיה לעבירה"" ה ספונטניות המאפיינת לכאורה את מעשה הרצח הודעותיהם ועדויותיהם של העובדים במפעל המלמדות על שינוי במצבו הנפשי של אדנה עובר לאירוע הודעתו של נפתלי לוי במשטרה לפיה אדנה סיפר ""בהיסטריה שנמאס בעבודה כי אריתראים מאיימים עליו באמצעות סכין"" השתלשלות העניינים ביממה שלפני הרצח שיש בה כדי ללמד לכאורה על עוצמתן של מחשבות השווא אשפוזו הממושך של אדנה לאחר מעצרו כשנתיים שבמהלכו אובחן כסובל מסכיזופרניה כל אלו נתונים אשר בהצטברותם והצטרפותם זה לזה מטים את הכף במאזן הסתברויות שמא מחשבות השווא שאפפו את אדנה הגם שלא פגעו באופן ממשי מסיבי ועמוק ביכולת הרצייה שלו הגבילו במידה ניכרת את יכולתו להימנע מביצוע הרצח גזר הדין 72 משבאתי לכלל מסקנה כי יש להטיל על אדנה עונש מופחת חלף מאסר העולם שנגזר עליו התלבטתי שמא יש מקום להחזיר את הדיון בתיק לבית המשפט המחוזי לשם גזירת עונשו בסופו של דבר סברתי כי די באשר הונח לפנינו על חומרת מעשהו הרע של אדנה אשר נטל באכזריות חיי אדם רוב מילים אך למותר לצד זאת מצבו הנפשי של אדנה בשעת המעשה כמפורט לעיל בהרחבה בנסיבות העניין ובשים לב לרמת הענישה הנהוגה בכגון דא עד כמה שניתן להשוות בין עניין אחד לאחר ראו ת""פ י ם 312 98 מדינת ישראל נ מיכאלי פסקה 8 14 5 2007 סבורני כי יש לגזור את דינו של אדנה ל 20 שנות מאסר עונש ההולם את חומרת המעשה מחד גיסא ומשקף את מידת אשמו של אדנה מאידך גיסא אשר לחיובו של אדנה בתשלום פיצויים לטובת אמו של טאגס לא מצאתי עילה לשנות מהחלטת בית המשפט המחוזי בעניין זה בפרט לנוכח העובדה שהללו נפסקו על הצד הנמוך סוף דבר 73 לו תישמע דעתי אציע לחברי לקבל את הערעור באופן חלקי לקבוע כי נתקיימו בעניינו של אדנה התנאים "
HUGGINGFACE-5e188c654f5c,2026-05-26T07:21:27+03:00,manual_review_no_defendant_relief,none,"טיו של ד""ר אשר גופר להלן ד""ר גופר סגן מנהלת המעבדה לא נמצא כי היה בהתנהלות זו כדי לעורר חשש שהדגימה שהתייחסה לדמו של המערער ניטלה למעשה מאדם אחר 7 באשר לאופן קרות התאונה שלל בית המשפט המחוזי את טענת המערער כי רכב הפורשה התנגש ברכבו בעת שנסע בנתיב האמצעי נמצא שאין כל ראיה של ממש התומכת בגרסת המערער בהקשר זה גרסה שהייתה מתפתחת ובלתי עקבית כמו כן נשלל התרחיש לפיו רכב הפורשה התלקח עוד לפני קרות התאונה בית המשפט בחן את חוות דעתו של המהנדס אשר סלוצקי להלן המהנדס סלוצקי שהוגשה מטעם המערער ונטען בה כי השריפה נגרמה כתוצאה מקצר חשמלי ברכב הפורשה בית המשפט העדיף את עדויותיהם של אנשי המקצוע מטעם המשיבה לפיהם התאונה היא זו שגרמה להצתה שהובילה לשריפה אף צוין כי גם אם הייתה מתקבלת טענת המערער כי ברכב הפורשה נפל כשל כלשהו שהיה בו כדי לתרום לאופן שריפתו לא היה הדבר מסייע למערער נוכח מבחני הקשר הסיבתי המקובלים בפסיקה 8 בהמשך להרשעתו בדין ביום 6 1 2016 גזר בית המשפט המחוזי את דינו של המערער בית המשפט קבע כי בהתחשב בחומרתן של נסיבות ביצוע העבירה נהיגתו של המערער בשכרות ובחריגה מתנאי הדרך באופן שיצר סיכון משמעותי לסביבה והנזק החמור שנגרם כתוצאה מכך יש להעמיד את מתחם העונש ההולם בטווח שבין 5 לבין 12 שנות מאסר בית המשפט לקח בחשבון לקולא את העובדה שהמערער אינו בעל עבר תעבורתי כבד ואת היותו אב לילד שהוא מחויב במזונותיו אך בהתחשב בכלל הנסיבות שאינן קשורות בביצוע העבירה ובין היתר בעוצמת הפגיעה במנוח בגיא ובבני משפחתם בכך שהמערער לא נטל אחריות על מעשיו ושיקר בחקירתו במשטרה ובמגמת ההחמרה בענישה בעבירות האמורות נגזרו על המערער העונשים שפורטו לעיל טענות הצדדים בערעור 9 בהודעת הערעור המערער טען כי התגלו סתירות מהותיות הנוגעות לממצאים בעלי משקל משמעותי ביותר לעניין ההרשעה באשר לקביעה כי נהג בשכרות נטען כי לא הוכח כי נטילת דגימת הדם ממנו בוצעה עם חומר חיטוי שאינו מכיל כוהל כי לא הוכח שבוחן התנועה שקיבל את המבחנה מהאחות בבית החולים אכן קיבל את דגימת הדם שלו ולא של אדם אחר וכי גם לא הוכח שדגימת הדם שהתקבלה במעבדה הינה שלו עם זאת יצוין כי בעיקרי הטיעון שהוגשו ובשונה מהודעת הערעור התמקד המערער בטענה בדבר פגם בשרשרת העברת דגימת הדם במעבדה כשהוא זונח למעשה את שאר הטענות שהעלה בקשר לקביעה כי נהג בשכרות 10 בנוסף העלה המערער טענות שונות באשר לקביעות בית המשפט המחוזי לגבי אופן התרחשות התאונה בהודעת הערעור שטח המערער טענות שונות באשר לאופן בו נבחנו ונדחו חוות הדעת שהוגשו מטעמו בעוד שהכרעתו של בית המשפט המחוזי כך נטען הושתתה על הנחות שהניח בוחן התנועה ללא שהוצגה תשתית אובייקטיבית ברורה המוכיחה הנחות אלו בעיקר נטען כי נדחתה שלא בצדק טענתו כי רכב הפורשה התלקח באש עוד קודם להתרחשות התאונה וכי רכב הפורשה הוא זה שפגע ברכב ה BMW עוד לפני ההתנגשות שהתרחשה מאוחר יותר בעיקרי הטיעון התמקד המערער בטענה כי מדברי העדים לתאונה עולים סתירות שונות ולא ניתן היה לקבוע מהם לשיטתו כי נהג ברכבו במהירות מופרזת או מסוכנת עוד נטען כי יש בעדויות אלה כדי לחזק את המסקנה כי רכב הפורשה עלה באש לפני התאונה והוא גם זה אשר פגע ברכב ה BMW עוד קודם להתנגשות ביניהם עוד טען המערער כי לא הוכח קיומו של היסוד הנפשי הנדרש לצורך הרשעה בעבירות הריגה וגרימת חבלה חמורה שכן לכל היותר נמצא בסיס לקיומה של עבירת גרם מוות ברשלנות 11 באשר לגזר הדין ולערעור המשיבה נטען כי אין כל מקום לטענת המשיבה כי מתחם הענישה שנקבע על ידי בית המשפט המחוזי הוא נמוך מידי שעה שהמשיבה עצמה הציעה מתחם ענישה דומה מכל מקום נטען כי המתחם שנקבע הינו גבוה מידי ומחמיר עם המערער יתר על המידה 12 מנגד המשיבה סמכה ידיה על הכרעת הדין נטען כי הרשעת המערער התבססה היטב על חומר הראיות שהובא לפני בית המשפט המחוזי ועל ממצאי עובדה ומהימנות אשר ככלל אין ערכאת הערעור נוטה להתערב בהם המשיבה דחתה את הטענות בדבר אי הוכחת שרשרת דגימת הדם הן לאור העובדה שטענה זו לא בא זכרה לפני בית המשפט המחוזי ואף לא בהודעת הערעור והן לגופה שעה שדגימת דמו של המערער הועברה למעבדה כשהיא נתונה במעטפה סגורה ועל המבחנה עצמה הייתה מודבקת מדבקה הנושאת את פרטי המערער כן הדגישה המשיבה כי המסקנה בדבר שכרותו של המערער התבססה על שורה ארוכה של ממצאים עובדתיים נוספים 13 כן דחתה המשיבה את טענות המערער כי מעדויות הראיה עולה כי המערער לא נהג במהירות גבוהה מהמותר או בצורה מסוכנת מהעדויות עולה באופן חד משמעי כי המערער נהג במהירות מופרזת ועבר בין נתיבי הנסיעה בצורה חדה ומסוכנת תוך סיכון חיי הנוהגים בכביש עדויות אלה תומכות בתרחיש שהוצג על ידי בוחן התנועה וגם ניתן לשלול על בסיסן את הטענה כי רכב הפורשה הוא זה שפגע קודם לתאונה ברכב ה BMW 14 באשר ליסוד הנפשי הנדרש להוכחת יסודות העבירה נטען כי משנסע המערער כשבגופו שיעור גבוה של אלכוהול קמה נגדו חזקה שלפיה הייתה בשכרות זו כדי להשפיע על יכולתו לנהוג ברכב במידת הזהירות הנדרשת לעניין משנמצא בחומר הראיות תימוכין לכך שלשכרותו גם הייתה השפעה על נהיגתו במהירות מופרזת באופן שהיווה סכנה לחי אדם די בכך כדי להרשיע את המערער בעבירות שיוחסו לו 15 בערעורה טענה המשיבה כי העונש שהוטל על המערער אינו עולה בקנה אחד עם החומרה הרבה שבמעשיו בהתחשב במגמת ההחמרה בענישה בעבירות אלה על מנת לסייע במיגור תאונות הדרכים ותופעת הנהיגה בשכרות היה צריך להחמיר בעונשו של המערער כאשר לא הובהר מדוע זה הועמד בחלקו הנמוך של המתחם ללא שהוכחו נסיבות המצדיקות זאת בקשה להוספת ראיות 16 לשלמות התמונה יצוין כי המערער הגיש ביום 6 10 2016 בקשה ""לתיקון הודעת הערעור וכן בקשה לצירוף ראיות חדשות"" במסגרתה ביקש להוסיף את הטענה כי לא הוכחה שרשרת העברת הדם בתוך המעבדה לצורך הוכחת טענה זו התבקשה גם העדתם של ד""ר גופר וד""ר שלמך פעם נוספת ביום 4 7 2017 דחינו את בקשת המערער נקבע כי המערער לא הצביע על פגם כלשהו המקים חשש לפגם בשרשרת הראייתית הקשורה לדגימת הדם וכי לא נמצא שמדובר בראיה שהמערער לא יכול היה להשיגה ולחקור בעניינה במסגרת ההליך לפני בית המשפט המחוזי באשר למשקל הפוטנציאלי הגלום בראיה המבוקשת נקבע כי לא קיימת הצדקה לאפשר את המבוקש על ידי המערער בדרך של פתיחת ההליך מחדש זאת שעה שלא נמצא כי המערער מחזיק בתשתית ראייתית כלשהי שיש בה כדי להטיל ספק בממצא העובדתי שנקבע בעניין שיעור האלכוהול בדמו בהתחשב גם במארג הראיות הכולל שהוצג לפני בית המשפט המחוזי 17 ברם המערער לא השלים עם ההחלטה האמורה וביום 28 1 2018 ערב הדיון בערעורו הוא הגיש בקשה לעיון חוזר בהחלטה בבקשה התבקש פעם נוספת צירופן של ראיות חדשות לערעור ונטען כי בית משפט זה בהחלטתו מיום 4 7 2017 לא נתן דעתו די הצורך לנטען בעניין מדבקות הזיהוי בהן מופיעות פרטי הנבדק שהודבקו על תעודות עובד הציבור המצביעות על קבלת דגימת הדם במעבדה כך בעוד שתעודת עובד הציבור בעניינו של המערער נשאה את המספר הסידורי 14200750 ותעודת עובד הציבור בעניינו של המנוח נשאה את המספר הסידורי 14200751 תעודת עובד הציבור אשר נחתמה פעם נוספת בעניינו של המערער נשאה גם היא את המספר הסידורי הראשון מביניהם היינו זה שספרותיו האחרונות הן 750 כך נטען כי יש באופן המספור האמור כדי לעורר את הצורך בהעדתם של ד""ר שלמך וד""ר גופר פעם נוספת בהחלטה מאותו יום נקבע כי אין בבקשה כדי להצדיק עיון חוזר בהחלטה לא זו אף זו העובדה כי תעודת הציבור שהוצאה בעניין דגימת דמו של המערער נושאת מספר סידורי שונה מתעודת עובד הציבור בעניין דגימת דמו של המנוח אך תומכת בעדויותיהם של ד""ר שלמך וד""ר גופר ומחזקת את הטענה כי לא היה כל בלבול בין דגימת דמו של המערער לבין זו של המנוח מכאן לערעור שלפנינו לגופו של עניין דיון והכרעה 18 משזנח המערער את מרבית הטענות שפורטו בהודעת הערעור מצטמצם ערעורו אפוא למספר חזיתות עיקריות החזית האחת באשר ל אי הוכחת שרשרת העברת הדם במעבדה החזית השנייה באשר ל אופן התרחשות התאונה ובעיקר נגד קביעת בית המשפט המחוזי כי המערער נהג במהירות גבוהה ומסוכנת החזית השלישית באשר ל יסוד הנפשי הנדרש לצורך הרשעה בעבירת הריגה וגרימת חבלה חמורה 19 באשר לטענות בדבר שרשרת העברת הדם במעבדה כאמור בקשתו של המערער לתיקון הודעת הערעור בנקודה זו כמו גם בקשתו לצירוף ראיות ובעיקר העדתם פעם נוספת של עובדי המעבדה באשר לאופן העברת הדם נדחו זה מכבר ויובהר במרכזה של טענת המערער כי נפל פגם בשרשרת העברת הדם במעבדה ניצבות שתי תעודות עובד ציבור שמרבית הפרטים הכתובים בכל אחת מהן זהים בשתיהן מצוין שם המערער תעודת הזהות שלו ובשתיהן החתום עליהן מאשר כי בתאריך 19 5 2013 התקבלה דגימת דם במבחנה פלסטית של 5 מ""ל הנושאת תווית ובה פרטים נוספים מהשוטר שלמה מזרחי בשתי התעודות מצוין בכתב יד כי ""הדגימה הגיעה במעטפה על המבחנה מדבקת בית חולים עם פרטי הנבדק"" בשולי הטופס חתומה אותה חתימה בדיוק ההבדלים היחידים בין שתי התעודות באים לידי ביטוי בציון שמו של ""עובד הציבור"" המודפס על התעודה בציון שעת מסירת הדגימה ובכיתוב נוסף בכתב יד המופיע רק על התעודה הראשונה כך בעוד שבתעודה האחת נ 3 בחלק שבו מצוינים פרטי ""שם עובד הציבור"" מודפסים פרטיו של ד""ר גופר בתעודה השנייה ת 24 מודפסים פרטיה של ד""ר שלמך כמו כן בתעודה הראשונה נ 3 מצויינת שעת מסירת הדגימה 08 35 ובתעודה השניה ת 24 מצויינת השעה 01 35 בנוסף על פני הראשונה מתנוסס כיתוב בכתב יד אשר כפי שעולה מעדותו של ד""ר גופר המדובר בכתב ידו עמ 167 לפרוטוקול הדיון בבית המשפט המחוזי להלן הפרוטוקול "" תע""צ זה נשלח והוחלף בהמשך כי אסתר השתמשה בדף שלי "" 20 ויודגש ד""ר שלמך וד""ר גופר העידו במסגרת ההליך בבית המשפט המחוזי ולא נשאלו כלל על אופן הטיפול בדגימה במעבדה זאת בעוד שההסברים שניתנו על ידיהם באשר לאופן שבו נוצרה בשוגג תעודת עובד ציבור ""כפולה"" באשר לדגימת דמו של המערער מניחים את הדעת כפי שהסבירה ד""ר שלמך נפלה טעות בטופס שאותו מילאה כך שכאשר הגיעה דגימת דמו של המערער לידיה במקום לקחת את הטופס עליו מודפס שמה היא השתמשה בטופס שמודפס עליו שמו של ד""ר גופר עמ 161 לפרוטוקול רק מאוחר יותר כאשר הסב ד""ר גופר את תשומת לבה לכך הבחינה כי מילאה טופס שבו מודפסים פרטיו של ד""ר גופר ולא שלה עמ 162 לפרוטוקול או אז מולא הטופס בשנית והפעם כאשר פרטיה של ד""ר שלמך הם אלו שמודפסים על התעודה לכך גם מצטרפת עדותו של ד""ר גופר אשר העיד על השתלשלות הדברים באופן דומה עמ 167 168 לפרוטוקול 21 מכל מקום אין בדברים אלו כדי לעורר חשש כלשהו כי דגימת דם אחרת היא זו אשר הגיעה לידי המעבדה תחת מדבקת פרטיו של המערער דגימת הדם הועברה כשעל המבחנה מודבקת מדבקת בית חולים ובה פרטי המערער בלבד לא פרטי המנוח לא פרטיו של מאן דהוא אחר אלא פרטי המערער עצמו העובדה שלאחר מכן נחתמו שתי תעודות עובד ציבור בכפל בשוגג אין בה כדי להשליך דבר על עובדה זו כפי שקבענו גם בהחלטה שניתנה ערב הדיון ביום 8 1 2018 טענת המערער כי העובדה שעל שתי תעודות עובד הציבור הכפולות זו שהוצאה בטעות וזו שתוקנה מופיע מספר סידורי זהה שספרותיו האחרונות 750 מלמדת על שיבוש נוסף אינה יכולה להתקבל אף ההיפך הוא הנכון שעה שאין חולק כי תעודת עובד הציבור שהוצאה בעניין דגימת דמו של המנוח נשאה מספר סידורי שונה שספרותיו האחרונות 751 הרי שאופן המספור האמור אך מחזק את הקביעה כי שתי דגימות הדם אכן הופרדו זו מזו כהלכה 22 כמו כן לא מצאתי כי יש בטענות המערער אשר נותרו בגדרי הודעת הערעור בלבד ולא בא זכרן בעיקרי הטיעון כי נעשה שימוש בחומר חיטוי המכין כוהל או כי חלו שיבושים נוספים בלקיחת דגימת דמו של המערער כדי להביא לתוצאה שיש בה כדי לשנות מהכרעת בית המשפט המחוזי בית המשפט המחוזי נדרש למכלול העדויות הרלוונטיות לעניין עדותה של האחות תמר שטטלנדר שלקחה את דגימת הדם מהמערער עדותו של רס""ב אלי צמח אשר קיבל את דגימת הדם של המערער מבית החולים ומסרה לבוחן התנועה רס""ב שלמה מזרחי עדותו של רס""ב שלמה מזרחי אשר העביר את דגימת דמו של המערער למעבדה נתן דעתו לטענותיו של המערער בהקשר זה והכריע בהתבסס על מכלול חומר הראיות הרלוונטי כי לא נפל פגם בנטילת דגימת הדם או בזיהויה לא נמצאה אפוא כל עילה להתערב גם בקביעה מבוססת זו 23 זאת ועוד כפי שציינו כבר בהחלטה מיום 4 7 2017 וכפי שנטען על ידי המשיבה הקביעה בדבר שכרותו של המערער התבססה על אדנים נוספים וביניהם עדויותיהם של שוטרים בדבר ריח האלכוהול שנדף מפיו של המערער עדותו של המערער עצמו כי שתה שני בקבוקי בירה בסמוך למועד שבו התרחשה התאונה והתרשמות בית המשפט המחוזי כי אף בכך ניסה להמעיט בכמות האלכוהול שצרך מכאן כי בהעדר חשש לקיומו של פגם בשרשרת העברת הדם במעבדה אין כל עילה להתערב בקביעה בדבר שכרותו של המערער 24 חזית נוספת בה מיקד המערער טיעוניו היא כאמור באשר ל אופן התרחשות התאונה בעניין זה בית המשפט המחוזי קבע כאמור כי בהתבסס על מכלול עדויות הראייה עולה כי המערער נהג במהירות גבוהה כשהוא סוטה לכיוון הנתיב השמאלי וחוזר באופן מהיר לכיוון הנתיב הימני באופן שיצר סיכון לנהגי המכוניות בכביש המערער ביקש להסתמך על קטעים מתוך אותן עדויות ועל סתירות שונות שעלו מהן לכאורה שיש בהן כדי להחליש את המסקנה בדבר נהיגה מסוכנת מצדו של המערער אלא שלא מצאתי כי יש לקבל טענות אלה טענותיו של המערער בהקשר זה נסובות נגד ממצאי מהימנות על בסיס שמיעתם של עדים ובחינת הראיות אשר ככלל אין זה מדרכה של ערכאת הערעור להתערב בהם ע""פ 6411 98 מנבר נ מדינת ישראל פ""ד נה 2 150 165 2000 ע""פ 433 13 מדינת ישראל נ פלוני 2 6 2014 ע""פ 604 16 בדארנה נ מדינת ישראל פסקה 8 22 1 2017 אדרבה לאחר בחינת מכלול העדויות כמו גם הציטוטים הספציפיים אליהם הפנה המערער הגעתי לכלל מסקנה כי אין מקרה זה נמנה בגדר אותם מקרים חריגים המצדיקים סטייה מהכלל האמור 25 כך מפנה המערער לעדותו של מר יוסי עמרני להלן מר עמרני אשר העיד כי המערער עקף את רכבו באופן מסוכן ובפראות עמ 15 לפרוטוקול המערער ביקש להתמקד בכך שמר עמרני העיד כי היה פער של 10 מטרים בין רכבו לבין רכב ה BMW באופן שאינו יכול כך לשיטת המערער להצביע על נהיגה פרועה מצד המערער אלא שאין ממש בטענה זו מר עמרני סיפר והרחיב באופן מפורט כיצד רכב ה BMW נסע במהירות גבוהה כשהוא סוטה לכיוון הנתיב השמאלי במהירות כזו שדרשה ממנו לבלום בלימת חירום עמ 15 לפרוטוקול שורות 28 30 מר עמרני גם פירט כי המרחק בינו לבין ה BMW היה לא רב ובמילותיו שלו ""הוא חתך ביני לבין הרכב וממש הקרבה בינינו הייתה כזו הוא עשה הייתה היה פער של מטרים עשר מטר משהו בסגנון הזה זה לא המון אבל לא משהו שממש מאפשר להשתחל בין רכבים בבטחה"" עמ 15 לפרוטוקול שורות 30 34 מר עמרני גם פירט באופן חי ובהיר כי רכב ה BMW ""חתך"" את נתיב הנסיעה שבו נסע רכבו שלו במהירות רבה ובאופן שבו הוא נאלץ לבלום באופן מיידי העובדה כי מר עמרני ציין מרחק של ""10 מטרים"" איננה מפחיתה מתיאור זה מאומה בהינתן העובדה שמדובר בציון יחיד של המרחק המשוער בין כלי הרכב לעומת תיאור מפורט וברור באשר לאופן נסיעתו של המערער בעניין זה מקובלת עלי אפוא קביעת בית המשפט המחוזי כי יש גם בעדות זו כדי לתמוך בקביעה בדבר אופן ומהירות נסיעתו של המערער 26 המערער גם ביקש להסתמך על קטעים אחרים מתוך עדותו של מר עמרני מהם ניתן ללמוד לכאורה על אופן נהיגתו של המנוח ברכב הפורשה לפני התאונה זאת שעה שמר עמרני העיד במשטרה כי רכב הפורשה ""זגזג"" בין הנתיבים גם בעניין זה מקובלת עלי קביעת בית המשפט המחוזי כי אין לתת משקל לביטוי בודד בתוך מכלול הדברים שנמסרו על ידי מר עמרני במשטרה ועל דוכן העדים זאת שעה שבית המשפט נתן דעתו לכך שמר עמרני הבהיר היטב כי באומרו שרכב הפורשה ""זגזג"" על הכביש התכוון רק לכך שרכב הפורשה עבר בין הנתיבים עמ 23 לפרוטוקול שורות 31 34 עמ 24 לפרוטוקול שורה 1 27 באשר לעדותו של מר יעקב אלי להלן מר אלי עד ראיה נוסף אשר ראה את התאונה מגשר הולכי הרגל שמעל הכביש מתוך עדות זו ביקש המערער ללמוד כי רכב ה BMW נסע במהירות נורמלית עמ 30 לפרוטוקול שורות 28 34 עמ 31 לפרוטוקול שורות 10 11 לטענת המערער בית המשפט התעלם מכך והתייחס רק לדבריו של עד זה לפיהם הוא אינו מחזיק ברישיון נהיגה ולכן התקשה להעריך מהירות נסיעה של כלי רכב בנסיעה עמ 32 לפרוטוקול שורה 5 אלא שגם טענה זו אין לה כיצד להועיל למערער מר אלי העיד כי ראה את החלק האחרון של התאונה ממש לפני שהתנגש רכבו של המערער במעקה הבטיחות הימני הוא תיאר כיצד הבחין ברכב ה BMW כאשר הוא כבר ""נכנס עם הקדימה שלו בגדר מסתובב מתהפך ומסתובב"" עמ 28 לפרוטוקול שורה 15 מכאן כי אומדן מהירות נסיעתו של רכב ה BMW באותם רגעים ממש שבהם התנגש במעקה הבטיחות הימני אינו יכול ללמד על נהיגתו של המערער ברגעים שקדמו להתנגשות ולאופן הנהיגה אשר הביא את הרכב לכדי התנגשות עם מעקה הבטיחות שלצד הכביש 28 עוד טען המערער כי מר אלי העיד כי רכב ה BMW נסע גם הוא בנתיב הימני עמ 28 לפרוטוקול שורות 12 13 עמ 29 לפרוטוקול שורה 9 באופן המתיישב לכאורה כך נטען עם גרסתו של המערער עצמו אלא שטענת המערער כי העדות בדבר נסיעתו בנתיב הימני תומכת בגרסתו שלו אינה ברורה המערער טען בהודעותיו במשטרה כי נסע בנתיב השמאלי ביותר לפני שאיבד את השליטה על רכב למשל הודעה במשטרה מיום 19 5 2013 ת 41ב עמ 5 שורות 23 ו 21 הודעה במשטרה מיום 3 6 2013 ת 42א עמ 5 שורות 3 4 גם על דוכן העדים טען כי הוא סבר שנסע בנתיב השמאלי אבל יתכן שנסע בנתיב האמצעי כפי ששמע מהעדים לאירוע עמ 176 לפרוטוקול שורות 17 18 גם בהודעת הערעור פורט כי המערער נסע בנתיב השמאלי עמ 13 להודעת הערעור על כן כלל לא ברור כיצד רכיב זה בעדותו של מר אלי לפיו נסע המערער בנתיב הימני מסייע למערער למעלה מכך עדותו של מר אלי התמקדה ברגעים שבהם התנגש רכב ה BMW במעקה הבטיחות הימני כאשר אין כל מחלוקת כי רכב ה BMW סטה בסופו של יום אל הנתיב הימני והתנגש שם במעקה הבטיחות על כן אין לעדות זו השפעה על ההכרעה בשאלה באיזה נתיב נסע הרכב ברגעים שקדמו לתאונה ולפני שסטה לנתיב הימני ביותר 29 כן נטען על ידי המערער כי בית המשפט המחוזי שגה בכך שהסתמך על עדותו של מר יואל פרידמן להלן מר פרידמן אשר נהג ברכבו בזמן התאונה בנתיב האמצעי לעניין מהירות נסיעתו של המערער לטענת המערער מר פרידמן עצמו נסע לפי דבריו במהירות של כ 70 עד 80 קמ""ש ועל כן גם אם המערער נסע במהירות של 100 קמ""ש מהירות זו עשויה הייתה להיראות למר פרידמן כמהירות ""מופרזת"" גם טענה זו אינה יכולה להתקבל כפי שגם התייחס לכך בית המשפט המחוזי כאשר עומת מר פרידמן במהלך חקירתו הנגדית עם השאלה האם יתכן שהמערער נהג במהירות שבין 90 ל 100 קמ""ש עמד מר פרידמן על כך שהמערער נהג במהירות ""מאוד מפורזת"" עמ 78 לפרוטוקול שורה 2 מר פרידמן חזר על כך שמהירות הנהיגה ב BMW גם הסבה את תשומת לבו באופן מיוחד והוא שוחח על כך עם אביו שישב לידו במהלך הנסיעה עמ 78 לפרוטוקול שורות 5 7 מכאן כי גם בהקשר זה לא נמצא כי יש בדבריו של מר פרידמן כדי לסייע למערער 30 יצוין כי לעדויות אלו מצטרפת עדות נוספת של גב טרייסי עמרני להלן גב עמרני אשתו של מר עמרני אשר העידה כי רכב ה BMW נסע במהירות מופרזת ""פשוט טס"" בין הנתיבים עמ 6 לפרוטוקול שורות 28 29 סיכומו של דבר לא נמצא כי יש במכלול העדויות האמורות כמו גם בציטוטים אליהם הפנה המערער כדי להחליש מהמסקנה בדבר נהיגה פרועה במהירות מופרזת מצד המערער ויש לדחות את טענות המערער בנקודה זו 31 טענות נוספות מלבד הטענה הנוגעת למהירות נסיעתו של המערער בדבר התרחיש אשר לדעת המערער הביא להשתלשלות התאונה נשמטו כמעט כולן מעיקרי הטיעון של המערער חרף זאת אתייחס גם לטענות אלו בקצרת האומר ואציין כי לא נמצא גם בהן ממש כך לא נמצא כי יש להתערב בקביעת בית המשפט המחוזי השוללת את התרחיש שהציג המערער על שני חלקיו האחד כי רכב הפורשה הוא זה אשר פגע ב BMW בפינה האחורית ימנית של הרכב ופגיעה זו הביאה לאובדן השליטה ב BMW והשני כי רכב הפורשה הוא הרכב הראשון שהתלקח באש וזאת בשל כשל פנימי ברכב 32 קביעתו של בית המשפט המחוזי כי לא הוכחה פגיעה של רכב הפורשה ברכב ה BMW בצדו הימני אחורי ברגעים לפני שסטה רכב ה BMW בין הנתיבים השונים מעוגנת היטב בחומר הראיות בממצאיו של בוחן התנועה ובעדויות הראיה השונות בית המשפט המחוזי גם נדרש לחוות דעתו של מומחה מטעם ההגנה מר דורון פת אשר טען כי הממצאים תומכים בפגיעה בפינה האחורית ימנית של רכב ה BMW בית המשפט נימק בהרחבה מדוע לא ניתן לקבל את התזה המוצעת על ידי המומחה ואת המסקנה הנובעת מחוות דעתו וזאת בין היתר לאחר עיון בתמונות מהן עולה כי הנזק שנגרם לצידו הימני אחורי של רכב ה BMW היה מוגבל 33 כך גם לגבי שלילת התזה שהציג המערער לפיה מקור השריפה היה ברכב הפורשה גם בעניין זה בית המשפט המחוזי הגיע למסקנה כי מקור השריפה לא היה בתא הנוסעים של רכב הפורשה לאחר שנדרש היטב לחומר הראיות לעדויות השונות ולחוות הדעת הסותרות שהוגשו בית המשפט התייחס בהרחבה לחוות הדעת של המהנדס סלוצקי שהוגשה מטעם המערער שבמסגרתה נטען כי השריפה פרצה ברכב הפורשה במנותק מהתאונה וקודם ההתנגשות בין שני כלי הרכב וזאת בהסתמך על כך שלטענתו התגלו ""שרידי חומר שבער במיקום שבין המושבים"" הקדמיים נ 5 עמ 8 לחוות דעתו של המהנדס סלוצקי פסקה 3 4 אלא שדחיית מסקנה זו בדין נעשתה בקצרה ייאמר כי בעדותו של טפסר רן שלף ראש מחלקת חקירות בנציבות כבאות והצלה הובהר כי לאחר שבחן מקרוב את סימני השריפה שנטען כי נמצאו בין המושבים הקדמיים נמצא כי מדובר בשרידי שמשה וחלקי בד שנפלו מהתקרה עמ 101 לפרוטוקול שורות 27 32 ותו לא זאת ועוד מערכת החשמל ברכב הפורשה נמצאה תקינה עמ 102 לפרוטוקול שורות 6 10 גם לא נמצאו עדויות לכך שהתרחשה שריפה בחלק התחתון של הרכב לאחר שנמצא כי האיזור שמתחת לשמשה הקדמית של הרכב היה נקי מפיח עמ 102 לפרוטוקול שורות 14 22 גם דו""ח של רפ""ק וקס ת 11 ראש המעבדה הניידת לזירת העבירה מגלה כי לא נמצא כל סימן לשריפה שהחלה בתחתית הרכב מכאן כי גם בעניין זה לא נמצאה כל עילה להתערב בשלילת תזת המערער שבדין נעשתה 34 טענות המערער כי מעדויותיהם של עדי הראיה השונים עולה כי לא ניתן לקבוע בוודאות את אופן התרחשות התאונה גם באשר לשני עניינים אלה לעניין האפשרות כי רכב הפורשה הוא זה אשר פגע ברכב ה BMW וכי רכב הפורשה הוא הרכב אשר התלקח ראשון אינה ניתנת להתקבל גם בעניין זה לא נמצאה כל עילה להתערב בקביעתו של בית המשפט המחוזי באשר לממצאים הנובעים מהערכת עדויותיהם של עדים יתר על כן בית המשפט המחוזי הגיע לכלל מסקנה באשר לאופן התרחשות התאונה בהתייחס למכלול הממצאים הרלוונטיים לעניין ובעיקר לחוות הדעת שהוגשו ולא רק בהתבסס על העדויות 35 מכל מקום ולמעלה מן הצורך יצוין כי גם עיון בעדויות האמורות אינו מעלה כי יש בהן כדי להפריך את התרחיש שאומץ על ידי בית המשפט המחוזי ראשית אף אחד מהעדים ואף לא אלכסיי שישב לצדו של המערער העידו על פגיעה כלשהי שפגע רכב הפורשה ב BMW באופן שגרם למערער לאבד שליטה ברכב כפי שנטען שנית מכלל העדויות עולה כי האש פרצה לאחר ההתנגשות בין שני כלי הרכב גם בעדותו של מר פרידמן עליה מבקש המערער להסתמך לפיה האש פרצה קודם ברכב הפורשה הובהר כי ההתנגשות קדמה להתלקחות האש עמ 71 לפרוטוקול כך גם מעדותו של אלכסיי עולה כי האש פרצה לאחר ההתנגשות בין כלי הרכב עמ 91 לפרוטוקול ובמובן מסוים כך עולה אף מעדות המערער עצמו עמ 201 ו 209 לפרוטוקול מכאן כי אף אם היה מוכח כי לאחר ההתנגשות האש פרצה קודם בפורשה ולאחר מכן ב BMW כפי שנטען לא היה בכך כדי לסייע למערער 36 כמו כן וכפי שגם ציין בית המשפט המחוזי אף אם היה מוכח כי נפל כשל באחת ממערכות רכב הפורשה שהיה בו כדי לתרום בדרך כלשהי לאופן השריפה הדבר לא היה מסייע למערער זאת נוכח העובדה שלצורך הרשעת המערער בעבירות שיוחסו לו התנהגותו צריכה הייתה להיות בעלת תרומה הכרחית להתרחשות התוצאה הקטלנית אך היא אינה צריכה הייתה להוות הסיבה היחידה לה ע""פ 9647 10 פלוני נ מדינת ישראל פסקאות 14 15 לפסק דינה של השופטת ע ארבל 3 1 2013 והאסמכתאות שם על כן אף אם היה מוכח קיומו של כשל כאמור לא היה בקיומו של כשל מעין זה לנתק את הקשר הסיבתי בין התנהגותו של המערער לבין התאונה שהתרחשה שכן אלמלא אותה התנהגות לא הייתה מתרחשת אותה תוצאה עגומה וראו ע""פ 467 09 זילברמן נ מדינת ישראל פסקאות 16 18 2 2 2010 37 כאמור עוד טען המערער כי לא היה מקום להרשיעו בעבירת הריגה או בגרימת חבלה חמורה שכן לכל היותר ניתן היה לראותו כבעל יסוד נפשי של רשלנות אלא שגם טענה זו לא ניתן לקבל הן באשר לעבירת הריגה והן באשר לעבירת גרימת חבלה חמורה די בהוכחת יסודותיה העובדתיים של העבירה ובפזיזות כלפי התוצאה זאת כאשר חזקה על מי שנוהג בשכרות שהוא מודע לנהיגתו כשהוא שיכור לסכנה שהוא יוצר בדרך נהיגה זו ולאפשרות הממשית כי כתוצאה מהנהיגה תיגרם פגיעה קטלנית באדם ראו גם ע""פ 7066 13 אלמליח נ מדינת ישראל פסקאות 78 79 22 12 2015 כאמור בית המשפט המחוזי קבע שהמערער נהג בהיותו שיכור כשהוא נוסע במהירות מופרזת תוך שהוא סוטה בצורה חדה בין הנתיבים השונים אופן התרחשות התאונה גם מלמד כי שכרותו של המערער השפיעה באופן מהותי על דרך הנהיגה אשר גרמה לפגיעה ברכב הפורשה אשר התלקח באש והביאה למותו של המנוח ופציעתו באופן קשה של גיא בנסיבות העניין ובהינתן נהיגתו המסוכנת של המערער כשהוא בגילופין ניתן לראות בו כמי שלקח על עצמו ביודעין סיכון של אפשרות ממשית שנהיגתו עלולה להסתיים בתוצאה טרגית סיכון אשר התממש במלוא עוצמתו ראו גם ע""פ 5323 12 אבו ליל נ מדינת ישראל פסקה 63 17 6 2014 38 סיכומם של דברים לא נמצאה כל עילה להתערבות בהכרעת דינו המפורטת והמנומקת של בית המשפט המחוזי ועל כן אציע לחבריי לדחות את ערעור המערער על הכרעת הדין ולהותיר את הרשעתו על כנה הערעור על גזר הדין והערעור שכנגד 39 כלל ידוע כי אין זו מדרכה של ערכאת הערעור להתערב בעונשים אשר השיתה הערכאה הדיונית אלא במקרים חריגים שבהם נפלה טעות מהותית בולטת בגזר הדין או כאשר העונשים שנגזרו חורגים באופן קיצוני ממדיניות הענישה הנהוגה בנסיבות דומות ע""פ 1630 14 אבו שנדי נ מדינת ישראל 4 12 2014 ע""פ 2358 14 פלוני נ מדינת ישראל 21 5 2014 לאחר בחינת כלל נסיבות העניין וטענות הצדדים לא מצאתי כי מקרה זה מצדיק התערבותה של ערכאת הערעור לא נמצא כי נפלה טעות מהותית בגזר הדין או כי העונשים שהוטלו חורגים ממדיניות הענישה המקובלת 40 בגזר דינו התייחס בית המשפט המחוזי לשיקולי הענישה השונים בעבירות דומות בית המשפט עמד על הנסיבות הקשורות בביצוע העבירה לעניין קביעת מתחם העונש ההולם וכן על הנסיבות שאינן קשורות לביצוע העבירה וביניהן עוצמת הפגיעה במנוח בבנו ובבני המשפחה שעולמם התהפך עליהם העובדה שהמערער שיקר בחקירתו ולא נטל אחריות על מעשיו ובמגמת ההחמרה בענישה בעבירות מעין אלו לצד זאת נתן בית המשפט המחוזי את דעתו גם לנסיבות האישיות של המערער ובכלל זאת לעובדה שהוא אב לילד שהוא חב במזונותיו ולהיעדר עבר פלילי מכביד בתחום התעבורתי בהתחשב במכלול נסיבות העניין ניתן לומר כי העונש שנגזר על המערער על כלל רכיביו אינו בעל חומרה מיוחדת ואף רחוק מכך הוא אינו חורג ממדיניות הענישה המקובלת בעבירות דומות באופן המצדיק התערבותנו ראו והשוו ע""פ 4498 14 גרידיש נ מדינת ישראל 13 5 2015 ע""פ 8748 08 ברכה נ מדינת ישראל 10 10 2011 ע""פ 7901 13 סלוטה נ מדינת ישראל 9 6 2015 יתר על כן בהתחשב במעשיו של המערער אשר בשכרותו קיפח חייו של אדם וגרם לשינוי מסלול חייו של צעיר לבלי היכר מבלי שנטל כל אחריות למעשים הקשים נראה כי במידת מה נגזר דינו של המערער לקולא כפסע היה אפוא מלהחמיר בעונשו ולקבל את ערעור המשיבה אך בשל התחשבות בנוהג לפיו אין ערכאות הערעור נוטה למצות את הדין עם נאשם אציע לחבריי להותיר את העונש על כנו לסיכום לא מצאתי מקום להתערבותנו לא בהכרעת הדין ולא בגזר הדין אמליץ אפוא לחבריי לדחות את ערעור המערער על שני חלקיו כמו גם את ערעור המשיבה על גזר הדין ש ו פ ט הנשיאה א חיות אני מסכימה ה נ ש י א ה השופט ג קרא אני מסכים ש ו פ ט הוחלט כאמור בפסק דינו של השופט ד מינץ ניתן היום י""ז באדר התשע""ח 4 3 2018 ה נ ש י א ה ש ו פ ט ש ו פ ט ______________________"
HUGGINGFACE-9a8bd90ec85a,2026-05-26T07:21:27+03:00,manual_review_no_defendant_relief,none,"ירי ולדבריו היא אמרה לו שאינה יודעת מי היורים עוד מצביע המערער על מחדל חקירתי בכך שדו""ח רס""מ וולדניצקי לפיו סארה אמרה שזיהתה את המערער כבר מיד לאחר האירוע נכתב רק חודש לאחר האירוע ואינו תואם את עדויות השוטרים האחרים שנכחו במקום וכן את עדות אלעוברה אני סבור כי אין מקום להתערב בקביעתו של בית משפט קמא לפיה עדותה של סארה המזהה את המערער כמבצע הירי הינה מהימנה ועקבית אכן עשוי להתעורר חשש מפני זיהום עדות של עד אם מתברר שאדם אחר מסר לו את הדברים ברם בענייננו חשש זה אינו משמעותי ברמה הפוגעת במהימנות באופן חמור בין היתר מאחר שגרסת סארה אינה תואמת את הדברים האחרים שאמר לה המתלונן כך למשל זיהתה סארה"
HUGGINGFACE-68a058065bfc,2026-05-26T07:21:27+03:00,manual_review_sentence_relief,sentence_relief_only,"ים במובהק ממילא ברור שהחלתם של שיקולי שיקום בעניינה של המערערת אינה אמורה להיחסם בשל כך 31 את יובל ז""ל לא ניתן להשיב מי שהורשע בהריגתו נשלח למאסר ממושך חרף קטינותו ובדין כך נעשה הוקעת המעשים והצער נותרים בעינם 32 סוף דבר אם תישמע דעתי נקבל את הערעור במובן זה שיופחת עונשה של המערערת לששה חודשי מאסר שירוצו בדרך של עבודות שירות ככל שהמערערת תימצא מתאימה לכך וכן יינתן צו מבחן לתקופה של שנה וחצי למען הסר ספק הימים שבהם שהתה המערערת במעצר מאחורי סורג ובריח לא ינוכו מהעונש שנקבע כאן שאר מרכיבי העונש כמפורט בפסקה 10 לעיל יישארו בעינם בהתאם לכך הממונה על עבודות שירות יגיש את חוות דעתו בעניינה של המערערת עד ליום 7 5 2018 עד להחלטה אחרת לא יהא שינוי בתנאים המגבילים שבהם נתונה המערערת ש ו פ ט ת השופט י אלרון 1 עיינתי בחוות דעתה של חברתי השופטת ד ברק ארז ואיני מסכים עמה טענתה העיקרית של המערערת הינה כי יש לסטות לקולא ממתחם העונש שנקבע בעניינה בשל שיקולי שיקום שכן היא משתתפת בהצלחה בהליך טיפולי השתלבה במעגל העבודה וחידשה את הקשרים עם בני משפחתה באופן המפחית סיכון להישנות התנהגות עבריינית מצידה בהקשר זה הדגישה המערערת במיוחד את המלצותיו של שירות המבחן בעניינה כפי שבאו לידי ביטוי הן בתסקיר שהוגש בהליך בבית משפט קמא הן בתסקירים שהוגשו בהליך הערעור לפיהן יש סיכוי גבוה לשיקומה של המערערת ועל כן מומלץ שלא להורות על מאסרה מאחורי סורג ובריח חברתי השופטת ד ברק ארז סבורה כי יש לקבל טענה זו ולקבוע כי נסיבותיה של המערערת ובפרט הליך השיקום בו היא מצויה מצדיקות חריגה ממתחם הענישה וזאת בהתאם להוראותיו של סעיף 40ד א לחוק העונשין התשל""ז 1977 להלן החוק כן סבורה חברתי כי לא מתקיימים התנאים לתחולתו של סעיף 40ד ב לחוק וכי אף אם מתקיימים תנאים אלו חל בעניינה של המערערת החריג המנוי בסעיף זה המאפשר בכל זאת חריגה לקולא ממתחם העונש בשל ""נסיבות מיוחדות ויוצאות דופן"" 2 אני חולק על שתי קביעותיה אלו של חברתי לטעמי בענייננו מתקיימים התנאים לתחולתו של סעיף 40ד ב לחוק ולא מתקיים החריג להחלתו ומשכך בדין נהג בית משפט קמא כשלא חרג ממתחם העונש שנקבע למעשיה של המערערת יתירה מזאת אני סבור כי אף אם לא חל בענייננו סעיף 40ד ב לחוק המורה על נסיבות שבהן אין לחרוג לקולא ממתחם הענישה הרי שלא מתקיימות בעניינה של המערערת נסיבות המצדיקות הקלה בעונשה לפי הוראותיו של סעיף 40ד א מטעמים אלו איני סבור כי יש להקל בעונשה של המערערת מעבר להקלה שכבר הקל עמה בית משפט קמא בעת גזירת עונשה להלן אבאר שני טעמים אלו כסדרם 3 סעיף 40ד לחוק שכותרתו ""שיקום"" מאפשר חריגה לקולא ממתחם הענישה שנקבע בעניינו של נאשם בהתקיים התנאים המנויים בו וקובע כדלקמן "" א קבע בית המשפט את מתחם העונש ההולם בהתאם לעיקרון המנחה ומצא כי הנאשם השתקם או כי יש סיכוי של ממש שישתקם רשאי הוא לחרוג ממתחם העונש ההולם ולקבוע את עונשו של הנאשם לפי שיקולי שיקומו וכן להורות על נקיטת אמצעי שיקומי כלפי הנאשם לרבות העמדתו במבחן לפי סעיפים 82 או 86 או לפי פקודת המבחן נוסח חדש התשכ""ט 1969 ב היו מעשה העבירה ומידת אשמו של הנאשם בעלי חומרה יתרה לא יחרוג בית המשפט ממתחם העונש ההולם כאמור בסעיף קטן א אף אם הנאשם השתקם או אם יש סיכוי של ממש שישתקם אלא בנסיבות מיוחדות ויוצאות דופן לאחר שבית המשפט שוכנע שהן גוברות על הצורך לקבוע את העונש במתחם העונש ההולם בהתאם לעיקרון המנחה ופירט זאת בגזר הדין"" לשון הסעיפים מלמדת כי סעיף קטן ב מהווה סייג לתחולתו של סעיף קטן א כלומר בהתקיים האמור בסעיף קטן ב ובהיעדר החריג המנוי בו לא ניתן לעשות שימוש בסעיף קטן א לנוכח זאת אפנה תחילה לבחון האם חלות בענייננו הנסיבות המנויות בסעיף קטן ב 4 סעיף 40ד ב קובע על פי לשונו כי על אף שיקומו של נאשם או קיומו של סיכוי לשיקומו לא יחרוג בית המשפט ממתחם הענישה ההולם מקום בו מעשה העבירה ומידת אשמו של הנאשם הם בעלי חומרה יתרה כאמור בפסקה 20 לחוות דעתה של חברתי ההלכה הפסוקה טרם גיבשה אמות מידה כוללות ומחייבות המעידות על קיומה של ""חומרה יתרה"" מעבר להתייחסות ספציפית לסוג מסוים של עבירות כגון עבירות מין ראה רע""פ 2341 18 פלוני נ מדינת ישראל בפסקה 14 27 3 2018 לשיטתה של חברתי מדובר בשני תנאים מצטברים קרי כדי להיכנס לגדריו של הסעיף נדרש שהן ""מעשה העבירה"" הן ""מידת האשם"" יהיו בעלי חומרה יתרה ראה לענין זה גם יניב ואקי ויורם רבין ""הבניית שיקול הדעת השיפוטי בענישה תמונת מצב והרהורים על העתיד לבוא"" הפרקליט נב 413 447 2013 יורם רבין ויניב ואקי דיני עונשין 1495 1496 מהדורה שלישית 2014 5 לטעמי אין מדובר בשני תנאים מצטברים השווים במשקלם אלא יש לבחון את קיומם של תנאים אלו מעשה העבירה ומידת האשם של הנאשם כמכלול אחד באופן שבו מתקיים יחס של מקבילית כוחות בין שני התנאים ככל שיש לייחס חומרה רבה יותר ליסוד של מעשה העבירה כך נדרוש חומרה יתרה בדרגה פחותה יותר ליסוד של מידת האשם ואילו ככל שמידת האשם חמורה יותר כך נדרוש חומרה יתירה בדרגה פחותה יותר למעשה העבירה כשלעצמו לא מן המותר לציין בהקשר זה כי גם בשלב קביעת מתחם הענישה אין הפרדה בין שיקולים הקשורים לחומרת מעשה העבירה לבין שיקולים הקשורים במידת אשמו של הנאשם אלא גורמים אלו משוקללים יחד בין היתר משום שלעיתים קשה להפריד ביניהם ראה אורן גזל אייל ""חריגה ממתחם העונש ההולם"" ספר דורית ביניש 539 549 6 ועוד לדידי אין לקבוע קריטריונים חד משמעיים להגדרת מידת ""החומרה היתרה"" הנדרשת וזאת כדי להותיר שיקול דעת לבית המשפט לקבוע האם זו התקיימה בכל מקרה לפי נסיבותיו ראו והשוו ע""פ 8622 14 רז ג רבי נ מדינת ישראל בפסקה 10 16 07 2015 רע""פ 2569 14 גורפינקל נ מדינת ישראל בפסקה 10 24 06 2014 כך למשל מקום בו העבירה גרמה לפגיעה חמורה מאוד בערכים המוגנים כגון אדם שגנב סכום כסף משמעותי ממוסד ציבורי או מקום בו העבירה גרמה לתוצאות חמורות מאוד כגון שהעבירה הביאה לתוצאה הקשה של מותו של אחר כבמקרה דנן ניתן לקבוע כי מכלול נסיבות העבירה מקיימות חומרה יתרה וזאת מבלי לשקול באופן נקודתי רק את סעיף החוק בו הורשע הנאשם או את מידת אשמו 7 בענייננו אני סבור כי מתקיימת חומרה יתרה במכלול השלם של מעשה העבירה ומידת אשמתה של המערערת המערערת יצרה קשר עם המנוח ושידלה אותו באופן אינטנסיבי החל משעות הבוקר ועד לשעות הלילה להיפגש עמה תוך שידעה שבכוונתו של אחר לפגוע בו מעשה זה של המערערת הביא בסופה של שרשרת האירועים למותו של המנוח אף שהמערערת עצמה לא הורשעה בהריגתו של המנוח ואף שלא ידעה על כוונתו של הקטין להמיתו תרמו מעשיה של המערערת לתוצאה המצערת של מותו של המנוח משכך יש לייחס חומרה יתרה למעשיה של המערערת ולמידת אשמתה וזאת אף אם העבירות שהורשעה בהן אינן דומות בחומרתן לעבירות שהוכרו בפסיקה כעבירות בעלות חומרה יתרה ואינן מצויות ברף הגבוה של הענישה הפלילית 8 כאמור בפסקה 21 לחוות דעתה סבורה חברתי כי חל בעניינה של המערערת החריג הקבוע בסעיף 40ד ב המאפשר חריגה לקולא ממתחם העונש שכן לשיטתה התקיימו בעניינה של המערערת ""נסיבות מיוחדות ויוצאות דופן"" אף על מסקנה זו אני חולק כאמור בסעיף הנזכר על נסיבות אלו להיחשב חריגות באופן הגובר על הצורך לקבוע את העונש במתחם העונש ההולם בהתאם לעיקרון המנחה הוא עקרון ההלימה לטעמי לא הרימה המערערת את נטל ההוכחה להוכיח כי נסיבותיה האישיות נחשבות כה מיוחדות ויוצאות דופן עד כדי החלת החריג לכלל ואין די בהמלצת שירות המבחן בלבד כדי לקיים נטל זה במלואו משנכנס המקרה שבפנינו בנסיבותיו של סעיף 40ד ב ולא מתקיים החריג הקבוע בסעיף זה אני סבור כי לא ניתן להחיל את סעיף 40ד א ולאפשר חריגה לקולא ממתחם העונש שנקבע למעשים שהורשעה בהם המערערת 9 אף אם הייתי סבור כחברתי השופטת ד ברק ארז שבנסיבות הענין לא מתקיימים התנאים הנדרשים לתחולתו של סעיף 40ד ב לחוק שכן מעשיה של המערערת או מידת אשמה אינם מבטאים ""חומרה יתרה"" או שתנאים אלו מתקיימים אך לצידם מתקיים גם החריג של ""נסיבות מיוחדות ויוצאות דופן"" עדיין לטעמי אין לאפשר הקלה נוספת בעונשה של המערערת לפי סעיף 40ד א מעבר להקלה שכבר הקל עמה בית משפט קמא בגזר דינו 10 על פי לשונו של סעיף 40ד א לחוק שצוטט לעיל רשאי בית המשפט לחרוג ממתחם העונש אם מצא שהנאשם השתקם או כי יש סיכוי של ממש שישתקם לשון הסעיף ""רשאי"" מלמדת כי סמכות זו של בית המשפט היא סמכות שבשיקול דעת ואין בית המשפט מחויב לפעול על פיה גם אם התקיים התנאי הקבוע בסעיף ע""פ 3102 14 פלוני נ מדינת ישראל בפסקה 21 17 11 2014 ע""פ 5936 13 פלוני נ מדינת ישראל בפסקאות 5 4 14 1 2015 מנעד הנסיבות שרשאי בית המשפט להתחשב בהן לצורך הקביעה בדבר שיקומו של הנאשם הוא רחב ובין היתר יילקחו בחשבון עברו של הנאשם שיתוף פעולה מצידו עם רשויות החוק קיומה של תמיכה והתגייסות משפחתית הבעת חרטה כנה על מעשיו ועוד ראו רע""פ 7683 13 פרלמן נ מדינת ישראל בפסקה 10 23 2 2014 וראו גם ההפניות בפסקה 24 לחוות דעתה של חברתי תסקיר המבחן עשוי לשמש אף הוא ראיה חשובה להוכחת שיקומו של הנאשם כפי שביקשה לטעון המערערת במקרה זה 11 אולם בענייננו הליך השיקום שבו מצויה המערערת אינו מצדיק לטעמי חריגה לקולא ממתחם הענישה זאת מכיוון שבית משפט קמא כבר התחשב במפורש בשיקולי השיקום בעת שגזר את דינה ומטעם זה השית עליה עונש המצוי ברף הנמוך של מתחם הענישה שנקבע לעבירות שהורשעה בהן אמנם שני התסקירים המשלימים שהוגשו לנו במהלך הערעור המתארים את התמדתה של המערערת בהליך השיקום ומחויבותה אליו לא עמדו לפני בית המשפט קמא אך גם בתסקיר שהוגש לבית משפט קמא ניתן דגש רב להליך השיקום המשמעותי של המערערת ולמוטיבציה הגבוהה שהפגינה יתירה מזאת המלצת שירות המבחן כפי שהובאה בפנינו בתסקירים המשלימים להימנע משליחתה של המערערת למאסר מאחורי סורג ובריח נכללה גם בתסקיר הראשון שהוגש לבית משפט קמא בית משפט קמא שקל את המלצתו של שירות המבחן ואת הערכתו החיובית ביחס להליך השיקום של המערערת והביא זאת בחשבון במנין השיקולים באופן שהביא להפחתת העונש שהשית על המערערת כך עולה במפורש מגזר הדין ""ער אני לעובדה כי הנאשמת עברה הליך שיקומי מסוים כפי שעלה מתסקיר שירות המבחן אולם הליך שיקומי זה אינו יכול למחוק כליל את המעשים החמורים בהם היא הורשעה הליך זה יש בו כדי להביא להקלה בעונש של הנאשמת וישליך על מיקומו של עונש זה בתוך המתחם אך אין בו כדי להצדיק את אימוץ המלצות שירות המבחן וסטייה ממתחם העונש שנקבע לצורכי שיקום ביחס לענישה בתוך המתחם בשים לב להתרשמות שירות המבחן מקיומה של ירידה במסוכנות ונכונותה להשתלב בהליך טיפולי להבעת החרטה ולנטילת האחריות ולגילה של הנאשמת סבורני כי יש למקם את עונשה של הנאשמת קרוב לרף הנמוך של מתחם העונש ההולם"" מששקל בית המשפט את הנסיבות הקשורות להליך השיקום של המערערת וקבע כי יש בהן כדי להקל בעונשה של המערערת איני סבור כי יש מקום להקלה נוספת בעונשה בהליך הערעור 12 ועוד זאת תסקיר שירות המבחן אינו חזות הכל על אף המקצועיות הרבה של שירות המבחן אין לראות בהמלצתו קביעה חד משמעית ראו ע""פ 6341 14 בן אישטי נ מדינת ישראל בפסקה 13 8 7 2015 על בית המשפט היושב בדין לשקול שיקולים נוספים בנוסף להמלצתו של שירות המבחן בהתחשב במכלול נסיבות הענין המובא בפניו ותוך ראיית התמונה הרחבה שיקול השיקום אינו השיקול היחיד שיש להביא במנין השיקולים לצורך גזירת דינו של נאשם הקלה בעונשו של נאשם בשל שיקולי שיקום מהווה חריג לכלל העומד ביסוד תיקון 113 לחוק העונשין שעל פיו ""העיקרון המנחה בענישה הוא קיומו של יחס הולם בין חומרת מעשה העבירה בנסיבותיו ומידת אשמו של הנאשם ובין סוג ומידת העונש המוטל עליו"" סעיף 40ב לחוק 13 בחינת מכלול השיקולים בענייננו מביאה למסקנה כי בדין קבע בית משפט קמא שאין לאמץ את המלצתו של שירות המבחן במלואה המערערת נקטה פעולות אקטיביות כדי לפתות את המנוח להיפגש עמה תוך שימוש ""ברמיזות מיניות ברורות"" כלשון כתב האישום המתוקן כל זאת תוך עדכון רציף של הקטין בהתכתבויות בינה לבין המנוח ותוך שיתוף פעולה הדוק עם הקטין לצורך הוצאה לפועל של תכניתו אף שלא היתה מודעת לפרטיה בעובדות כתב האישום המתוקן בהן הודתה המערערת נכתב במפורש כי המערערת ידעה שהקטין ""עומד לתקוף את המנוח"" ועל אף זאת פעלה תוך אדישות לגורלו והשקיעה מאמצים רבים כדי להביאו בעורמה למקום המפגש עם הקטין תוך מודעות לסכנה המרחפת מעל ראשו לאחר מכן פעלה על פי הוראותיו של הקטין ומחקה בצוותא עמו את כל ההתכתבויות בינה לבין המנוח תוך שיבוש מהלכי משפט נסיבות אלו מלמדות על החומרה שיש לייחס למעשיה של המערערת אף במנותק מן התוצאה הטרגית של מות המנוח בנסיבות אלו איני סבור כי מקרה זה מצדיק הפעלתה של סמכות הרשות המוקנית לבית המשפט על מנת להקל עוד בעונשה של המערערת 14 מסקנה זו מתחזקת לנוכח העובדה שהמערערת לא הוכיחה כי מתחם הענישה והעונש שנגזר עליה סוטים באופן מהותי ממדיניות הענישה הנוהגת כאמור בפסקה 17 לחוות דעתה של חברתי ההיפך הוא הנכון כאמור לעיל חסד עשה עמה בית משפט קמא משהטיל על המערערת עונש המצוי ברף הנמוך של מתחם הענישה שנקבע בעניינה וגם בשל כך אין מקום להתערב בעונשה 15 לנוכח כל האמור דעתי היא כי אין הצדקה להקלה בעונשה של המערערת מעבר להקלה שכבר הקל עמה בית משפט קמא לו תשמע דעתי יידחה אפוא הערעור ש ו פ ט השופט ע פוגלמן מצטרף אני לחוות דעתה של חברתי השופטת ד ברק ארז בין חבריי נפלה מחלוקת בשני עניינים מרכזיים האחד אם יש להקל בעונשה של המערערת נוכח קיומו של ""סיכוי של ממש"" לשיקומה כאמור בסעיף 40ד א לחוק העונשין השני אם גם בהתקיימו של סעיף זה אין להקל בעונשה נוכח הוראת סעיף 40ד ב הקובעת כי אף אם בהתקיים סעיף 40ד א אין לסטות לקולה ממתחם הענישה אם ""מעשה העבירה ומידת אשמו של הנאשם בעלי חומרה יתרה"" בשאלה הראשונה שותף אני לדעתה של חברתי השופטת ד ברק ארז כמפורט בחוות דעתה המערערת מצויה בעיצומו של תהליך שיקומי משמעותי ומקיף הנותן אותותיו בכל תחומי חייה ניכר כי המערערת מישירה מבט אל אירועי הפרשה המצערת שלפנינו מביעה חרטה כנה על חלקה בה ומבקשת לתקן את דרכיה מאז החל ההליך הפלילי בעניינה השתתפה המערערת בכמה מסגרות טיפוליות שבכולן הפגינה רצינות מחויבות ועקביות זאת גם כאשר הדבר חייבה למאמץ משמעותי זאת ועוד כחלק מהתהליך השיקומי חידשה המערערת את קשריה עם משפחתה המשמשת לה כיום גורם תומך ומחזק נראה אפוא כי המערערת מצויה בצומת דרכים משמעותי בחייה והיא עושה כל שבידה כדי לשקמם ולהשתלב בחברה לכך יש לצרף את גילה הצעיר של המערערת את עברה הנקי את נסיבות חייה עובר לביצוע העבירות ואת העובדה ששהותה מאחורי סורג ובריח מהווה עבורה גורם מרתיע נוכח כל אלה סבורני קיים ""סיכוי של ממש"" לשיקומה של המערערת כאמור בסעיף 40ד א וכי במכלול נסיבות העניין מוצדק לסטות לקולה ממתחם הענישה שנקבע בעניינה ולקבוע את עונשה כמפורט בסעיף 32 לחוות דעתה של חברתי השופטת ד ברק ארז עתה לשאלה השנייה היא תחולתו של סעיף 40ד ב הנזכר לעיל חברתי השופטת ד ברק ארז נוטה לדעה כי הסעיף אינו חל בענייננו וכי גם אם חל וישנה חומרה יתרה במעשי המערערת הרי שמתקיים האמור בסיפא שלפיו ישנן ""נסיבות מיוחדות ויוצאות דופן"" המצדיקות הקלה בעונשה של המערערת על אף האמור לעומתה חברי השופט י אלרון סבור כי הסעיף מתקיים שכן יש במעשי המערערת חומרה יתרה וכי לא ניתן לראות בהליך השיקומי שהיא עוברת כמקים ""נסיבות מיוחדות ויוצאות דופן"" המצדיקות הקלה בעונשה אף מעבר לגבולו התחתון של המתחם שנקבע בעניינה כשלעצמי לא שוכנעתי כי יש במעשה העבירה שביצעה המערערת או במידת אשמה חומרה יתרה ולכן איני סבור כי חל סעיף 40ד ב להשקפתי שאלת החומרה היתרה צריכה להיבחן בהתחשב בעבירות הקונקרטיות שבהן הורשעה המערערת במסגרת הסדר הטיעון שהושג עמה כך המערערת הורשעה בעבירות של סיוע לחטיפה לפי סעיף 369 בצירוף סעיף 31 לחוק העונשין התשל""ז 1977 להלן חוק העונשין או החוק ובסיוע לתקיפה הגורמת חבלה של ממש לפי סעיפים 380 ו 31 לחוק זה בצד הרשעתה בעבירות נוספות שפורטו בפסקה 6 לחוות דעתה של חברתי השופטת ד ברק ארז בסופו של יום לא יוחס למערערת סיוע לאילו מעבירות גרימת המוות המנויות בחוק ומתחם הענישה כמו גם העונש בתוכו נקבעו בהתאם לכך לפיכך איני סבור כי ניתן לייחס למעשי המערערת שאין חולק כי הם חמורים כשלעצמם חומרה יתרה הנובעת מהיותם חלק ""משרשרת האירועים שהביאו למותו של המנוח"" או בכך שבמעשיה תרמה ""לתוצאה המצערת של מותו"" כפי שציין חברי השופט י אלרון בפסקה 7 לחוות דעתו משכך ומשלא מצאתי כי ישנו טעם אחר לקבוע כך דעתי היא כי אין תחולה לסעיף 40ד 2 בענייננו נוכח עמדתי זו איני רואה להידרש למחלוקת שנפלה בין חבריי בשאלת היחס בין החומרה הנדרשת בנוגע לשני מרכיבי רישת סעיף 40ד ב מעשה העבירה ומידת האשם או לשאלה אם גם בהינתן חומרה יתרה כאמור בעניינו מתקיימות ""נסיבות מיוחדות ויוצאות דופן"" המתירות הקלה בעונשה של המערערת סיכומם של דברים גם לדידי יש להשית על המערערת 6 חודשי מאסר בפועל שמהם לא ינוכו ימי המעצר שירוצו בדרך של עבודות שירות בצד קביעת צו מבחן בן שנה וחצי כל יתר מרכיבי העונש יוותרו על כנם כמפורט בפסקה 32 לחוות דעתה של חברתי אירוע הרה אסון אכזרי ואלים שבגינו קיפח המנוח את חייו בדמי ימיו הוא העומד במוקד הפרשה שלפנינו ובגין כך מי שהורשע בהריגה נושא עונש מאסר ממושך מאחורי סורג ובריח את כאבה של המשפחה לא יוכל איש לרפא אין לי אלא להצטרף לדבריה הנכוחים של חברתי בכל האמור בהוקעת המעשים והבעת צער עמוקה על אשר אירע ש ו פ ט אשר על כן הוחלט כאמור בפסק דינה של השופטת ד ברק ארז כנגד דעתו החולקת של השופט י אלרון ניתן היום ג באייר התשע""ח 18 4 2018 ש ו פ ט ש ו פ ט ת ש ו פ ט ______"
HUGGINGFACE-8ba2be519bec,2026-05-26T07:21:27+03:00,manual_review_no_defendant_relief,none,"אוי בין מכלול השיקולים הרלבנטיים בהתחשב בחומרה היתרה הגלומה בעבירות שבביצוען הודה המערער באת כוח המשיבה 1 ציינה בנוסף כי על אף הסכם ""הסולחה"" שנחתם בינתיים בין הצדדים יש להותיר את הפיצוי על כנו דיון והכרעה 18 לאחר עיון במכלול החומר ושמיעת טיעוני באי כוח הצדדים החלטנו לדחות את הערעור הטעמים לכך יובאו בקצרה להלן 19 כידוע ערכאת הערעור תימנע ככלל מלהתערב בעונש שגזרה הערכאה הדיונית אלא אם כן העונש חורג במידה קיצונית מרמת הענישה המקובלת בעבירות דומות או כאשר מתגלית על פני הדברים טעות מהותית בגזר הדין ראו למשל ע""פ 2775 12 עזאם נ מדינת ישראל 18 3 2013 והאסמכתאות הנזכרות שם בפיסקה 12 כך בפרט כאשר העונש נג"
HUGGINGFACE-6c81389226fc,2026-05-26T07:21:27+03:00,manual_review_sentence_relief,sentence_relief_only,"ע הרצח והמניע לביצועו מביאה למסקנה לפיה מעגל הראיות המפלילות סוגר על המערער ומוכיח את אשמתו מעבר לכל ספק סביר 57 לאור האמור אציע כי נדחה את ערעורו של המערער על הרשעתו ברצח המנוחה 58 באשר לסכום הפיצוי בו חוייב המערער לאור הסכמת בא כוח המשיבה וההלכה בדנ""פ טוויק יועמד סך הפיצוי על הסך 258 000 ש""ח תחת הסך של 498 000 ש""ח ש ו פ ט השופט בדימ י דנציגר אני מסכים ש ו פ ט בדימ השופט מ מזוז אני מסכים לפסק דינו המקיף והממצה של חברי השופט ג קרא ולמסקנותיו ש ו פ ט הוחלט כאמור בפסק דינו של השופט ג קרא ניתן היום ג בסיון התשע""ח 17 5 2018 ש ו פ ט בדימ ש ו פ ט ש ו פ ט _________________________ העותק כפוף לשינויי עריכה וניסוח 16011930_"
HUGGINGFACE-e9bd0a79f4e4,2026-05-26T07:21:27+03:00,manual_review_sentence_relief,sentence_relief_only,"לטחון את הרעל ולהכניסו באוכל ובשתייה של המתלונן וכי הוא היה שותפה בכל הרעלה גם בקביעות אלה הנשענות על האמון שנתן בעדותה של ארוא אין דרכה של ערכאת ערעור להתערב אמנם בית המשפט דחה את החלק בעדותה של ארוא המייחס למערער את היוזמה והדומיננטיות במעשים אך אין בכך כדי להפחית מחלקו וממעורבותו עד כדי קביעה כי הוא סיפק את הרעל ותו לא המערער קיים קשר רומנטי אינטנסיבי עם ארוא אך הכחיש קיומו של קשר אינטימי בניגוד לטענתה של ארוא לא למותר להזכיר בהקשר זה את קביעתו העובדתית של בית משפט קמא כי המערער שלח את ש לפתות את המתלונן ולהקליט את ""דיסק הסחיטה"" מושא האישום הראשון בכתב האישום בית המשפט דחה את גרסתו של המערער בעניין זה וקיבל את עדויותיהם המצטברות והמהימנות של ש המתלונן וחברו בילאל שהשתתף במעשה הפיתוי יש בדברים כדי להצביע על עניין אישי של המערער ביחסים בין ארוא למתלונן ועל מוטיבציה בהרעלות זאת ועוד המערער לא הכחיש כי היה מודע לניסיונות של ארוא לפגוע במתלונן אך בחקירתו במשטרה ת 3 שורות 39 36 ובעימות עם ארוא ת 5 עמ 10 שורות 15 10 הכחיש כי ידע בזמן אמת כי היא מרעילה את המתלונן שינה מגרסתו זו בעדותו ואישר שהבין שהיא זו העומדת מאחורי ההרעלות עמ 195 לפרוטוקול שורות 4 3 43 כל אלה תומכים בהחלטתו של בית משפט קמא לאמץ את גרסתה של ארוא לפיה חלקו של המערער היה מעבר להספקת רעל כמפורט לעיל כמו כן על אף הקושי המסויים בגרסתה בעניין מועד ההרעלה האחרונה ומספר הפעמים בהם הרעילה את המתלונן בחקירותיה הראשונות ציינה כי הרעילה את המתלונן 4 3 פעמים ורק בהמשך טענה כי היו יותר הרעלות ""לא יכולה להגיד אם זה 10 או 20 פעמים"" ת 122 שורה 366 בעדותה בבית המשפט ציינה כי הודתה בכתב האישום שלה בחמישה אירועים ו ""כל פעם שהמתלונן הגיע לבית החולים היה כתוצאה מההרעלה"" עמ 137 לפרוטוקול שורות 32 31 כפי שכבר צוין הסתירות בעניין זה כמו גם טענתה בחקירה כי היו מקרים שהמתלונן לקה בתסמינים על אף שלא הרעילה אותו ת 122א עמ 53 51 נבעו מרצון לצמצם מחלקה במעשים ולא שוללות את המהימנות שייחס לה בית משפט קמא על כן אין להתערב בקביעה כי ארוא הרעילה את המערער לפחות בתשעת המקרים המתוארים בכתב האישום ובהם אושפז וכי חלקו של המערער היה מהותי ופנימי לביצוע המעשים כך שיש לראותו כמבצע בצוותא בתשע עבירות לניסיון לרצח הערעור על גזר הדין 44 בחלקו האחרון של הערעור הלין המערער על עונש המאסר שהושת עליו כשלשיטתו השוואת חלקו במעשים לזה של ארוא שיקולי צדק ונסיבותיו האישיות מצדיקים כולם להפחית מעונשו כזכור נקודת המוצא היא כי ערכאת הערעור לא מתערבת בחומרת העונש שקבעה הערכאה הדיונית אלא במקרים חריגים ע""פ 3091 08 טרייגר נ מדינת ישראל בפסקה 11 29 1 2009 ע""פ 9308 12 עיסא נ מדינת ישראל בפסקה 90 30 7 2015 בהתאם לא מצאתי כי יש מקום להתערבותנו בעונש שהושת על המערער 45 אין צורך להכביר במילים על החומרה הרבה בעבירת ניסיון לרצח והערך המוגן והחשוב מכל העומד בבסיסה בית משפט קמא עמד על הנסיבות הקשורות בביצוע העבירות התכנון המוקדם והתחכום שבמעשים מסכת האירועים שנמשכה זמן רב מבלי שהרופאים הצליחו להבין שמדובר בהרעלה הנזק שנגרם למתלונן וחלקו של המערער במעשים עליו עמדתי בהרחבה לעיל מתחם העונש ביחס לתשע העבירות של ניסיון לרצח הועמד על 8 עד 15 שנות מאסר ובתחשב בנסיבותיו האישיות לרבות העדר עבר פלילי ותרומתו החיובית למדינה ולחברה נגזר עונשו של המערער ל 10 5 שנות מאסר 46 נזכיר כי ארוא הורשעה על פי הודאתה בכתב אישום מתוקן במסגרת הסדר טיעון בעבירה אחת של ניסיון לרצח ובארבעה מקרים של חבלה וסיכון חיים באמצעות רעל מסוכן ונגזרו עליה 9 5 שנות מאסר כפי שציין בית משפט קמא עונשה של ארוא נגזר לפי הודאתה בעבירות קלות יותר במספר מקרים מועט יותר ובהתחשב בחלקה המופחת במעשים כיוון שהמערער הוצג כמי שהיה דומיננטי ויזם את ההרעלות לעומת זאת לאחר שמיעת הראיות בפני בית משפט קמא נקבעה מסכת עובדתית שונה מזו שעל בסיסה נגזר דינה של ארוא ולו הדברים היו עומדים בפני בית המשפט שגזר את דינה היה עונשה שונה וחמור יותר אמנם בית משפט קמא ציין כי ייתכן שחלקה המוסרי והמעשי של ארוא חמור מזה של המערער אך הוא לא מיצה עימו את הדין והעונש שקבע עומד בחלקו התחתון של המתחם בסופו של יום הנני סבור כי העונש שהושת על המערער הולם את העבירות בהן הורשע מביא לידי ביטוי את ההתחשבות בעונש שנגזר על ארוא ואת הנסיבות לקולא בעניינו של המערע"
HUGGINGFACE-1924b8bf45bc,2026-05-26T07:21:27+03:00,manual_review_sentence_relief,sentence_relief_only," בסמים כולל בהרואין במשך מספר ימים עובר למסירת ההודיה על ידי המערער המדובב עצמו הוא נרקומן אשר טען כי נגמל מסמים אך כאמור חזר לעשות בהם שימוש בתא המעצר אין בידי לומר כי הדבר נעשה במכוון על מנת להחליש את מעצוריו של המערער להגביר את מידת האמון בינו לבין המדובב ולהקל על קבלת ההודיה ממנו ואולם אין ספק כי פעילות זו בתא המעצר נצפתה על ידי החוקרים והם לא עשו דבר כדי לקטוע אותה בעודה באיבה המשיבה מסרה אמנם כי המדובב נחקר באזהרה בנושא זה אך לא ידוע אם ננקטו נגדו צעדים משפטיים כלשהם יש לראות בחומרה רבה התנהלות זו המנוגדת לכללים בסיסיים של חקירה ואין צריך לומר כי המטרה אינה מצדיקה את כל האמצעים אין זה מתקבל על הדעת כי בידיעת גורמי החקירה התבצע שימוש מסיבי בסמים בתא המעצר כולל בסמים קשים ומלבד דיווח לראש הצח""מ לא נעשה על ידי צוות החקירה דבר אציין לעניין זה כי אין כל נפקא מינא לשאלה האם המערער הוא שהחדיר את הסם או שמא עשה כן המדובב כפי שטוענת ההגנה מתשובות המדינה ניתן להבין כי הנוהלים בנושא זה חודדו וכיום נאסר להשתמש בנרקומנים כמדובבים וחל איסור מפורש על שימוש בסמים בתא המעצר נושא נוסף שיש לתת עליו את הדעת נוגע לפעילותו של המדובב כדי לשכנע את המערער להיעזר בשירותיו של עו""ד אביגדור פלדמן תוך שהוא מוליך אותו שולל ביודעו כי אין כל ממש בהבטחותיו לפיהן הלה יגיע לבית המשפט אף כאן נעשה הדבר תחת עינם הפקוחה של גורמי החקירה אשר לא זו בלבד שלא פעלו על מנת להבטיח את התייצבותו של עורך הדין שהתבקש על ידי המערער הם גם לא מנעו את המניפולציה החמורה בה נקט המדובב והותירו הלכה למעשה את המערער לנפשו עוד יש לראות בחומרה את דבריו של המדובב לפיהם עורך הדין אינו יכול לפגוש את המערער בבית המעצר אלא באישור בית המשפט דבר שכידוע אינו נכון ויש בו כדי להטעות את המערער המשיבה הבהירה בהקשר זה כי על פי הנוהלים הקיימים כיום וכעולה מטופס התחייבויותיו של המדובב "" המדובב לא ישפיע על החשוד ולא ישכנעו בכל הקשור לבחירת עורך דין ולא ישכנעו כנגד עורך דין זה או אחר "" ובסעיף אחר לכתב ההתחייבות נאמר כי "" המדובב לא ייעץ לחשוד כל עצה הקשורה בייעוץ משפטי כזה או אחר אם מניסיונו או מידע כללי שלו "" נושא אחרון אך לא פחות חשוב נוגע לתגמול שקיבל המדובב ונזכיר בהקשר זה את טענת ההגנה לפיה ניתן למדובב להבין כי אם הוא ישיג הודאה מפיו של המערער הוא יזכה להקלה משמעותית במשפט הצפוי לו למחרת היום עיינתי בתמלילי השיחה בין המדובב לבין ר הצח""מ בנושא זה ולמרות שאין מדובר בהבטחה מפורשת ניתן להבין מדברי ר הצח""מ כי יש קשר בין השגת ההודאה עוד באותו ערב לבין ההקלה הצפויה למדובב במבחן התוצאה המדובב השיג את ההודיה המקווה וזכה למחרת היום להקלה מפליגה בעונשו אין צריך לומר כי מתן תגמול מיוחד ומשמעותי למדובב בגין הצלת הודיה מפי נחקר יוצרת כר נרחב לניגוד עניינים ומעודדת פעילות בלתי חוקית של המדובב וברי כי הדבר פסול בתכלית כפי שנקבע בפסיקתו של בית משפט זה עם זאת עולה מהנוהלים החדשים התקפים כיום כי "" החוזה עם המדובב מתנה את התגמול בעבודה ולא בהבאת ראיות מפלילות והתגמול מוגבל "
HUGGINGFACE-2e816273ed86,2026-05-26T07:21:27+03:00,manual_review_no_defendant_relief,none,"ין לא מצאתי להידרש לכלל הטענות באשר בסופו של יום התוצאה אליה הגיע בית המשפט קמא משקפת את מכלול שיקולי הענישה אל מול התוצאה הקשה ואובדן חיי אדם ומידת האשם שנושא המערער במעשיו ולשם השוואה ראו ע""פ 5466 14 גלפונד נ מדינת ישראל 17 2 2016 83 אשר על כן לו תישמע דעתי יידחה הערעור על שני חלקיו ש ו פ ט השופט בדימ א שהם אני מסכים ש ו פ ט בדימ השופט י אלרון אני מסכים ש ו פ ט לפיכך הוחלט כאמור בפסק דינו של השופט ג קרא המערער יתייצב לריצוי עונשו בימ""ר קישון ביום 25 11 2018 עד לשעה 10 00 שברשותו תעודת זהות על המשיב לתאם את הכניסה למאסר כולל האפשרות למיון מוקדם עם ענף אבחון ומיון של שב""ס טלפונים 08 97"
HUGGINGFACE-81fb7c34cc29,2026-05-26T07:21:27+03:00,manual_review_sentence_relief,sentence_relief_only,"יר של המערער בעת ביצוע העבירה 18 ו 4 חודשים העדרו של עבר פלילי למעט עבירה שביצע בהיותו קטין שהסתיימה ללא הרשעה ובעיקר מצבו הנפשי המורכב כעולה מהמפורט בתמצית בפסקה 3 לעיל מצדיק גזירת עונש מאסר בפועל שאינו קרוב לעונש המרבי בעבירת ההריגה 13 אשר על כן אנו מחליטים להעמיד את עונשו של המערער על 16 שנות מאסר לריצוי בפועל כאשר שאר רכיבי גזר הדין יוותרו על כנם ניתן היום ט""ז בטבת התשע""ט 24 12 2018 ש ו פ ט ש ו פ ט ש ו פ ט ת _________________________ 17100450_B06 doc אב מרכז מידע טל 077 2703333 אתר אינטרנט supreme court gov il"
HUGGINGFACE-f566cc01d722,2026-05-26T07:21:27+03:00,manual_review_no_defendant_relief,none,"ערכת יחסים אלימה עקרון ההלימה מחייב אף הוא את דחיית הערעור שכן יש לשמור על הלימה בין עוצמת הפגיעה במתלוננת לעוצמת הענישה כלפי המערער והדבר נכון ביתר שאת עת מדובר בעבירות חמורות שגרמו פגיעה קשה למתלוננת דיון והכרעה 12 לאחר שעיינתי בטענות הצדדים הגעתי למסקנה כי דין הערעור להידחות הלכה מושרשת היא כי ערכאת הערעור אינה נוטה להתערב בעונש שנקבע על ידי הערכאה הדיונית אלא במקרים חריגים בהם נפלה טעות מהותית בגזר הדין או כשמדובר בסטייה ממדיניות הענישה המקובלת ע""פ 2470 15 פלוני נ מדינת ישראל 25 10 2015 ע""פ 2331 13 פלוני נ מדינת ישראל 13 10 2015 במקרה דנן לא מצאתי כי העונש שנגזר על המערער חורג בצורה מהות"
HUGGINGFACE-2c6186d24c78,2026-05-26T07:21:27+03:00,manual_review_sentence_relief,sentence_relief_only,"וחנה נ מדינת ישראל פסקה 35 19 9 2017 ע""פ 2166 18 פלוני נ מדינת ישראל פסקה 10 17 5 2018 86 עוד אנו סבורים כי יש מקום לייחס משקל נוסף לקביעתו של בית המשפט המחוזי עצמו כי מדובר בארגון המצוי ב""רף הבינוני"" מבט כולל על רף הענישה בעניינם של ארגוני פשיעה מחייב אף הוא הפחתה מסוימת ומצומצמת בהיקפה ברף הענישה שאומץ על ידי בית המשפט המחוזי כל זאת מבלי לגרוע מן התפיסה העקרונית של גישה מחמירה ביחס לפעילותם של ארגוני פשיעה 87 גרימברג מצאנו לנכון להעמיד את גזר דינו של גרימברג על 16 שנות מאסר בפועל בניכוי ימי מעצרו יובהר כי קביעה זו משקפת הן הפחתה מסוימת בעונש והן הוראה על חפיפה מלאה בת שנתיים נוספות של עונשי המאסר המותנה שהופעלו בעניינו שאר רכיבי העונש שגזר בית המשפט המחוזי על גרימברג וכן שמונה חודשי מאסר נוספים שהוטלו על גרימברג חלף תשלום הקנס שנגזר עליו בשיעור של 250 000 שקלים ייוותרו על כנם כמו כן בהתאם לסעיף 5 לחוק המאבק בארגוני פשיעה וסעיף 21 לחוק איסור הלבנת הון ונוכ"
HUGGINGFACE-67884dea231c,2026-05-26T07:21:27+03:00,manual_review_sentence_relief,sentence_relief_only,"ון ""ניתן"" הפחתת העונש על רקע סעיף זה איננה איפוא אוטומטית והדבר הובהר בפסיקה כי גם בהתקיים התנאים שפורטו בסעיף רשאי עדיין השופט להפעיל את שיקול דעתו ולקבוע הן אם נסיבות המקרה מצדיקות את הפחתת העונש והן במידה שהתשובה על השאלה הראשונה חיובית באיזו מידה יש להפחית את העונש ראו עניין גדליה פיסקה 30 עתה ניישם את היסודות הנ""ל על ענייננו מן הכלל אל הפרט 7 האם יש להטיל על המערער בנסיבות המקרה כאן עונש מופחת לפי סעיף 300א א ל חוק העונשין כדי לענות על שאלה זו יש לתת תוכן לתנאי הסעיף ולקבוע את היקף התפרסות המושגים שמופיעים בו בתוך כך יש לקבוע האם הפרשנות הראויה לסעיף 300א א לחוק העונשין היא פרשנות מצמצמת שלפיה הסעיף יחול רק על מקרים שהיו קרובים מאוד להיכנס לגדרי סעיף 34ח או שמא ראוי לפרשו בדרך רחבה יותר על פי לשונו ותכליתו 8 לגישתו של חברי השופט י אלרון אין תחולה בנסיבות העניין לסעיף 300א א ל חוק העונשין ומשכך יש להותיר על כנו את עונש מאסר העולם שהטיל בית המשפט המחוזי הנכבד על המערער בחוות דעתו חברי מציין את תנאי הסעיף ואת קרבתו לסעיף 34ח ל חוק העונשין אולם חברי מוסיף כי הנחת היסוד העקרונית ביחס לתחולת סעיף 300א א ל חוק העונשין היא כי הסמכות להפחית עונש לפי הסעיף נועדה רק למקרים קיצוניים ביותר שבהם מצבו הנפשי של הנאשם פגע ביכולת ההבנה או הרצון שלו במידה שנמוכה אך במעט מהרף הדרוש לצורך תחולת סייג ""אי שפיות הדעת"" להלן הפרשנות המצמצמת בלשונו של חברי "" ענישה מופחתת מכוח סעיף 300א שמורה לאותם מקרים גבוליים ונדירים שבהם עמד נאשם על ספו של סייג אי שפיות הדעת שעשוי היה לפטור אותו מאחריות פלילית למעשיו ותחושת הצדק מחייבת שלא לגזור עליו מאסר עולם מצבים אלו כל כך חריגים עד כדי כך שהמרווח בין סעיף 34ח לסעיף 300א לחוק הוא מרחק פסע בלבד מחוסר יכולת של ממש "" פיסקה 72 לחוות דעתו של חברי והאסמכתאות שהובאו שם ועוד לשיטתו של חברי אין לקבל את העמדה שהובעה בפסיקה שלפיה סעיף 300א א ל חוק העונשין פורש בצמצום רב מדי חברי סבור כי בהפעלת שיקול דעתו של בית המשפט האם להפחית את עונשו של נאשם יש לנקוט בזהירות רבה נוכח ערכו של ערך קדושת החיים שנפגע ממעשה הרצח וכי על השופט להיצמד בדווקנות לתנאיו המפורשים של הסעיף לגופו של עניין זה חברי קובע כי המערער לא היה מצוי כפסע מחוסר יכולת של ממש להבנת מעשהו או להבנת הפסול בו ומשכך ממילא לא התקיימו בו תנאי סעיף 300א א 9 אין בידי להצטרף לגישתו הנ""ל של חברי ביחס ל פרשנות המצמצמת שהוא נותן לסעיף 300א א ל חוק העונשין מן הטעמים שאבהיר להלן עמדתי היא כי כללי הפרשנות המקובלים בפלילים מביאים אותנו לתובנה כי תחולת סעיף 300א א ל חוק העונשין איננה צריכה להיות מוגבלת רק למקרים ולנסיבות חריגים ביותר וככל שמתקיימים באדם תנאי הסעיף הוא יכול לבוא בשעריו גישתי זו מביאה אותי למסקנה כי בנסיבות מקרה זה יש להפחית את עונשו של המערער ולהעמידו על 20 שנות מאסר ארחיב ואנמק גישתי זו מיד בסמוך פרשנות הדין הפלילי 10 סעיף 34כא ל חוק העונשין המתווה את דין הפרשנות הנוהג בפלילים קובע כדלקמן ""ניתן דין לפירושים סבירים אחדים לפי תכליתו יוכרע העניין לפי הפירוש המקל ביותר עם מי שאמור לשאת באחריות פלילית לפי אותו דין"" בהתאם לכך נפסק כי הפרשנות שחלה בפלילים היא פרשנות תכליתית וכי חוק פלילי מפורש על פי לשונו ועל פי תכליתו כמקובל ביחס לכל חוק ראו ע""פ 6696 96 כהנא נ מדינת ישראל פ""ד נב 1 535 550 549 1998 להלן ענין כהנא בכפוף להוראת סעיף 34כא הנ""ל לפיכך בהליך של פרשנות הוראה פלילית מקובל להבחין בין שני שלבים בשלב הראשון יש לבחון את לשון הדין ותכליתו נקודת המוצא לפרשנות החוק היא כמובן הלשון הפרשנות שמעניק הפרשן לחוק חייבת להתיישב עם לשונו בבחינת לשון ההוראה יש לבדוק את כל המשמעויות שלשון הטקסט יכולה לאצור אם לשון החוק ""סובלת"" אך ורק מובן לשוני אחד מלאכתו של הפרשן באה לכדי סיום אולם לשון החוק היא תנאי הכרחי ולא תמיד תנאי מספיק ""חוק פלילי כמו כל חוק אחר אין לפרשו לא על דרך הצמצום ולא על דרך ההרחבה אלא על דרך מתן משמעות הגיונית וטבעית ללשון החוק כדי להגשים את מטרת החקיקה מלותיו של החוק אינן מבצרים שיש לכבשם בעזרת מילונים אלא עטיפה לרעיון חי המשתנה על פי נסיבות הזמן והמקום לשם הגשמת מטרתו הבסיסית של החוק"" ראו ע""פ 787 79 מזרחי נ מדינת ישראל פ""ד לה 4 421 427 1980 בצד לשון החוק עומדת תכליתו אם מבחינה לשונית אפשריים מספר מובנים לשוניים על הפרשן לבחור במובן המגשים את תכליתה של הנורמה לאור עקרונות השיטה וערכיה בשלב השני אם שני פירושים או יותר הם אפשריים מבחינה לשונית וגם מגשימים את תכלית החוק על הפרשן לבכר את ""הפירוש המקל ביותר עם מי שאמור לשאת באחריות פלילית לפי אותו דין"" ראו ע""פ 7128 16 פלוני נ מדינת ישראל פיסקה 10 לחוות דעתו של השופט ע פוגלמן 16 05 2018 בש""פ 4206 16 מדינת ישראל נ טחימר פיסקה 41 לחוות דעתי 03 11 2016 להלן עניין טחימר עניין כהנא בעמ 550 549 כפי שכבר ציינתי ב עניין טחימר הנ""ל בו אמנם הייתי בדעת מיעוט לעניין התוצאה אין כל מניעה להחיל את כלל הפרשנות הנ""ל אף ביחס להוראת חוק שעוסקות בענישה עתה נחיל עקרונות אלו על סעיף 300א א ל חוק העונשין לשון סעיף 300א א לחוק העונשין 11 לשון סעיף 300א א ל חוק העונשין תהווה עבורנו את נקודת הפתיחה בבואנו לעמוד על אופן פרשנותו הראויה לשון הסעיף מצביעה על קיומה של סמכות ענישה חלופית קלה יותר מזו הקבועה במסגרת עבירת הרצח שבסעיף 300 זאת כאמור בכפוף להתקיימות תנאי הסעיף ובהתאם לשיקול דעת בית המשפט אחד מתנאי הסעיף משמיע כי צריכה להתקיים הגבלה של יכולת ההבנה או הרצון של הנאשם "" במידה ניכרת אך לא עד כדי חוסר יכולת של ממש כאמור בסעיף 34ח "" המילים שצוטטו מצביעות כאמור במפורש על קיומו של קשר בין הסעיפים 300א א ל 34ח ומשמעותן הלשונית היא שדי בהגבלה ""חלשה"" יותר בעניין סעיף 300א א בהשוואה להגבלה הנדרשת בסעיף 34ח אינני סבור כי מלשון התנאי עולה כי לעניין סעיף 300א א נדרשת הגבלה ""חלשה"" רק במעט מזו הנדרשת בסעיף 34ח מסקנתי זו מתחזקת נוכח לשון סעיף 300א ב אשר קובע כדלקמן "" ב במצב שבו מעשהו של הנאשם חרג במידה מועטה בנסיבות הענין מתחום הסבירות הנדרשת לפי סעיף 34טז לשם תחולת הסייג של הגנה עצמית צורך או כורח לפי סעיפים 34י 34יא 34יב"" ההדגשות אינן במקור ח""מ הנה כי כן בדומה לסעיף 300א א גם סעיף 300א ב מאפשר להקל בעונשו של המורשע ברצח ועוד בדומה למצב של תחולת סעיף 300א א גם בלשון סעיף 300א ב קיים ""קישור"" לסעיף אחר הנוגע לסייגים לאחריות פלילית במקרה של סעיף 300א ב המדובר בסעיף 34טז ל חוק העונשין סעיף המוציא מתחולת סעיפים 34י 34יא ו 34יב מעשים שנקיטתם לא הייתה סבירה "" בנסיבות העניין לשם מניעת הפגיעה"" יחד עם זאת מבחינה לשונית ""נוסחת הקשר"" המופיעה בסעיפים 300א א ו 300א ב היא שונה לשון סעיף 300א ב משמיעה כי "" מעשהו של הנאשם חרג במידה מועטה בנסיבות העניין מתחום הסבירות הנדרשת לפי סעיף 34טז "" בעוד שלשון סעיף 300א א משמיעה כי ההגבלה הנפשית היא "" במידה ניכרת אך לא עד כדי חוסר יכולת של ממש כאמור בסעיף 34ח "" סבורני כי אילו רצונו של המחוקק היה להגביל את תחולת סעיף 300א א למקרים החורגים אך במעט מתנאי סעיף 34ח חזקה עליו שהיה נותן לכך ביטוי מפורש כפי שעשה כן במסגרת סעיף 300א ב משלא עשה כן ונקט בלשון שונה מוקשית בעיני המסקנה כי מלשונו סעיף סעיף 300א א עולה באופן טבעי כביכול הפרשנות המצמצמת לתמיכה משלימה בנקודה זו ראו את ""נוסחת הקשר"" המקורית שהוצעה במסגרת הצעת חוק תיקון 41 ה""ח 475 בעמ 476 להלן הצעת חוק תיקון 41 "" א על אף סעיף 300 גרם אדם למות זולתו בהיותו במצב של אחריות מופחתת לא יורשע בעבירה חמורה מעבירת הריגה ב לעניין סעיף זה ""אחריות מופחתת"" אחריותו של אדם שהיה בעת עשיית העבירה באחד מאלה 1 במצב הגובל אך אינו בגדר אי שפיות הדעת לפי סעיף 34ח "" ההדגשות אינן במקור ח""מ 12 מעבר לכך הפרשנות המצמצמת איננה נקייה מספקות מבחינה לשונית אף משיקול נוסף הקשר בין סעיף 300א א לבין סעיף 34ח אינו נוגע מבחינה לשונית לסעיף 300א א כולו אלא רק לתנאי המחייב קיומה של הגבלה ""במידה ניכרת"" המחוקק לא כרך איפוא את הפניה לסעיף 34ח לסעיף 300א א כולו ואף לא כרך את ההפניה לסעיף 34ח לתנאי האחר המנוי בסעיף תנאי ה""הפרעה הנפשית החמורה"" מבחינה לשונית לפיכך יחסי הגומלין הקיימים בין שני הסעיפים נוגעים רק לתנאי המחייב הגבלה ""במידה ניכרת"" 13 לשיטתי די באמור לעיל כדי להשמיט את הבסיס מתחת ל פרשנות המצמצמת שהוענקה לסעיף 300א א ע""י מי שמצדד בכך מסקנה זו מתבקשת כבר מלשון הסעיף ואולם היא אף מתחייבת לשיטתי מתכלית החוק כפי שאראה בהמשך 14 להשלמת הניתוח הלשוני עליי להתייחס עתה לשאלות נוספות והן מה משמעות הביטויים ""הפרעה נפשית חמורה"" ו הגבלה ב""מידה ניכרת"" בהוראת סעיף 300א א ל חוק העונשין לביטויים אלה ייתכנו מובנים רבים לא מדובר בהגדרות חד משמעיות לא הרי משמעותן בלשון הפסיכולוגים או הפסיכיאטרים כהרי משמעותן אצל המשפטן או השופט ואף המומחים השונים היו ערים לאבחנה זו לכן המלצת ועדת הפסיכיאטרים המחוזיים האחרונה כי ראוי להחיל על המערער את הוראת סעיף 34ח ל חוק העונשין איננה מחייבת אותנו בהכרח כמו גם שדעת מי מהמומחים כי יש לשלול את חלופת סעיף 300א א ל חוק העונשין איננה מכתיבה בהכרח תוצאה זו בהקשר שלנו מוכן אני להניח איפוא שמדובר בהגדרה משפטית שקשה מבחינה לשונית לקבוע בה מסמרות ולכן ניתן להסתפק בשלב זה בהיבט האמור בדברים הכלליים הבאים ברור כי אין לפרש מבחינה לשונית את התיבה ""הפרעה נפשית חמורה"" באופן מצמצם כדי כך שמושג זה יכלול רק ""מחלה שפגעה ברוחו"" של הנאשם קרי מחלת נפש של ממש הדבר עולה מן השוני שבין הסעיפים 34ח ו 300א א ל חוק העונשין ההפרעה אמנם איננה צריכה להיות קרובה ל קו הפסיכוזה של סעיף 34ח אך לא ניתן להסתפק בהפרעה נפשית גרידא על תסמיניה של ההפרעה להיות חמורים דבר שמוציא מגדר תחולת הסעיף את ההפרעות הנפשיות הקלות ראו עניין בחטרזה פיסקה 14 ד לחוות דעתו של השופט י עמית חומרת ההפרעה נבחנת לאור תסמיניה ולא בהכרח לאור סיווגה הפסיכיאטרי ועליה לפגוע לכל הפחות באופן מהותי בנפשו התנהגותו או תפקודו של הנאשם הנה כי כן אינני סבור כי יש להוציא מגדר תנאי זה הפרעה נפשית אשר מותירה לנאשם תחומי תפקוד מסוימים כך גם ברור כי מבחינה לשונית תיאור ההגבלה ""במידה ניכרת"" "" אין פירושו שלילה מוחלטת של היכולת אלא גריעה ממשית ממנה פגיעה מסיבית ועמוקה ביכולת ההבנה או הרצייה"" ראו עניין בחטרזה פיסקה 14 ה לחוות דעתו של השופט י עמית ההדגשות אינן במקור ח""מ מהבדלי הנוסח שבין סעיף 300א א לבין סעיף 34ח עולה איפוא כי הגבלה ב""מידה ניכרת"" היא הגבלה משמעותית אך כזו שעשויה להשאיר לנאשם מידה נמוכה שאינה בהכרח מבוטלת של רצון או הבנה תכלית סעיף 300א א לחוק העונשין 15 מה תכליתו של ההסדר שבסעיף 300א א ל חוק העונשין כידוע קביעת תכלית הדין מבוססת על שני אדנים תכלית סובייקטיבית ו תכלית אובייקטיבית ראו אהרן ברק פרשנות תכליתית במשפט 134 133 2003 להלן ברק פרשנות תכליתית 16 תכלית סובייקטיבית של דבר חקיקה מייצגת את ""כוונת המחוקק"" קרי את "" המטרות והערכים שהמחוקק ביקש להשיג"" באמצעות החוק ראו אהרן ברק ""על פרשנותה של הוראה פלילית"" מחקרי משפט יז 347 349 2002 להלן ברק פרשנותה של הוראה פלילית על תכליתו הסובייקטיבית של הסעיף ניתן ללמוד מההיסטוריה החקיקתית שלו הסעיף בו אנו עוסקים הוצע במסגרת הצעת חוק תיקון 41 בנוסחה המקורי הצעה זו קבעה כי ""על אף הוראות סעיף 300 גרם אדם למות זולתו בהיותו במצב של אחריות מופחתת לא יורשע בעבירה חמורה מעבירת הריגה"" ההצעה קבעה כי אחד המצבים שייחשבו כ""אחריות מופחתת"" הוא מצב שבו האדם שהמית אחר היה בעת ביצוע העבירה ""במצב הגובל אך אינו בגדר אי שפיות הדעת לפי סעיף 34ח"" ראו הצעת חוק תיקון 41 בעמ 476 מטרתו המקורית של הסעיף שהוצע הייתה לקבוע כי קיימים מקרים שבהם מבוצעים מעשי המתה אשר בשל נסיבותיהם ראויים להתחשבות במישור האחריות הפלילית קרי הסעיף בלשון שהופיעה בהצעה נדרש בשלב קביעת האשמה ומבוסס על ההבנה כי ליקויו הנפשי של הנאשם מפחית מאחריותו הפלילית בעבירת הרצח כך נכתב בדברי ההסבר להצעה ""השינוי המוצע מבטא תפיסה חברתית שלפיה אדם הפועל במצבי הלחץ המפורטים בסעיף אף כי עליו לתת את הדין למעשה המתת אדם שעשה אין הוא עומד מהבחינה המוסרית בדרגה אחת עם רוצח במצבים אלה מחייבת תחושת הצדק להפחית מאחריותו של האדם למעשהו ולאפשר לבית המשפט לגזור את דינו במידה התואמת את נסיבות עניינו"" הצעת חוק תיקון 41 בעמ 476 ההדגשות שלי ח""מ דברי ההסבר להצעת החוק משמיעים לנו אפוא כי בבסיס התיקון עומדת ההבנה כי תחולת עבירת הרצח הייתה באותה עת רחבה מהרצוי בהתאם לכך עמדת המציע הייתה כי קיימות נסיבות שבהן מוצדק להטיל אחריות מופחתת על נאשם ולהרשיע אותו בעבירה חמורה פחות הסעיף שהוצע ביסס למעשה עבירת המתה נוספת אשר נראה כי הייתה מאפשרת לבית המשפט להתאים בצורה יותר טובה את חומרת מעשיו של הנאשם לחומרת העבירה שבה יורשע גישה זו זכתה עתה לגושפנקא של המחוקק במסגרת תיקון מס 137 לחוק העונשין שאייחד עליו מספר הערות בפיסקאות 25 22 שלהלן ואולם בסופו של דבר הנוסח שאומץ על ידי המחוקק היה שונה הסעיף שהתקבל עניינו בענישה מופחתת להבדיל מאחריות מופחתת הוא נוגע לעונש שיוטל על נאשם שהורשע ברצח להבדיל מהסעיף בנוסחו המוצע אשר ביקש ""לפעול"" במישור האחריות הפלילית תכליתו של הסעיף במתכונת שהתקבלה היא לאפשר איפוא לבית המשפט להפחית מעונשו של המורשע ברצח בנסיבות המצדיקות זאת מבלי להפחית מהאחריות הפלילית של המורשע ברצח משעמדתי על התכלית הסובייקטיבית אעבור עתה לבחינת התכלית האובייקטיבית 17 תכליתו האובייקטיבית של הסעיף מיועדת לקדם את האינטרסים המטרות הערכים המדיניות והיעדים של הענישה בחברה דמוקרטית ראו ברק פרשנות תכליתית בעמ 134 כאמור הוראת סעיף 300א א ל חוק העונשין היא הוראה משלימה שעניינה ב ענישה שמוטלת על המורשע ברצח היא קובעת את הנסיבות שבהן רשאי בית המשפט להטיל על המורשע ברצח עונש קל ממאסר עולם 18 שיטת המשפט הישראלית בכל הנוגע לענישה העלתה על נס את עקרון ההלימה שלפיו קיימת התאמה בין חומרת העבירה ונסיבות ביצועה המעשים והאשם בנסיבות העניין לבין חומרת התגובה החברתית טיב ומידת העונש שתופעל נגד הנאשם בתוך כך עקרון ההלימה מורה כי ככל שהנסיבות חמורות יותר מבחינת מאפייני העבירה המעשה והאשם הכרוכים בו יוטל עונש חמור יותר העיקרון בא עתה לידי ביטוי מפורש בחקיקה במסגרת תיקון מס 113 לחוק העונשין בגדרו נקבע כי עיקרון ההלימה הוא העיקרון המנחה בענישה וכי משמעותו היא ""קיומו של יחס הולם בין חומרת מעשה העבירה בנסיבותיו ומידת אשמו של הנאשם ובין סוג ומידת העונש המוטל עליו "" ראו סעיף 40ב ל חוק העונשין 19 ענישת חובה שמוטלת מעצם התקיימות העבירה לא מאפשרת מטבעה לשופט גוזר העונש להתחשב בנסיבות נוספות מעבר לקביעתו שהתקיימו יסודות העבירה מכאן שענישת חובה פוגעת ככלל ב עקרון ההלימה שכן מדובר בעונש קבוע הצמוד לעבירה ולא ניתן להתאימו לנסיבות המיוחדות של כל מקרה ומקרה קרי לחומרת מעשהו ואשמו של הנאשם הספציפי על רקע זה קראו שופטים רבים טרם שנחקק סעיף 300א ל חוק העונשין לשינוי גישת האחריות והענישה בעבירות ההמתה עיינו ע""פ 553 77 תומא נ מדינת ישראל פ""ד לב 3 141 151 1978 ""כשלעצמי אין דעתי נוחה מהתוצאה אליה הגעתי מכוח גזירת הדין תוצאה המחייבת לאשר למערער גזר דין של מאסר עולם אילו הוחלה בישראל הלכת האחריות המופחתת הייתי מקל עם הנאשם בהרבה במה שנוגע לתקופת המאסר שראוי הוא לשאת"" ע""פ 870 80 לדאני נ מדינת ישראל פ""ד לו 1 29 39 1981 ע""פ 687 85 קיסר נ מדינת ישראל פ""ד מא 1 347 1987 ע""פ 747 86 אייזנמן נ מדינת ישראל פ""ד מב 3 447 1988 פגיעה זו בעקרון ההלימה מצטמצמת מקום שבית המשפט מוסמך לסטות מענישת החובה שקבע המחוקק בנסיבות מסוימות אין זה מפתיע איפוא למצוא מנגנונים נורמטיביים ב חוק העונשין שתכליתם לצמצם את הפגיעה בעקרון ההלימה באמצעות הסטייה מענישת החובה בנסיבות מסוימות כך סעיף 35א ל חוק העונשין קובע כי בית המשפט רשאי לסטות לקולא מעונש החובה בהתקיים נסיבות מקלות הסעיף מחריג בין השאר את עבירת הרצח לפי סעיף 300 למעט מקרים המפורטים בסעיף 300א סעיף 300א א מתייחס באופן ספציפי לעבירת הרצח סעיף זה מרחיב את שיקול הדעת של השופט על אף קיומו של עונש חובה בעבירת הרצח ומאפשר לבית המשפט להתחשב בנסיבות מסוימות ""חיצוניות"" לעבירה הקשורות במעשה או בנאשם עצמו אשר מפחיתות מחומרת מעשיו של הנאשם מכוח הסעיף האמור השופט רשאי להטיל עונש שיהלום בצורה טובה יותר את המקרה הקונקרטי שלפניו חומרת המעשה ואשמו של הנאשם תלויים ביחס הנפשי שלו למעשה ובמידה שבו הוא שולט במעשיו וביצריו ובמידה שהללו נפגעו במידה ניכרת הרציונל גורס כי אין טעם ואין הצדקה להטיל על הנאשם עונש אחיד וקשה על דרך של חובה השוו סעיפים 40ט א 6 9 ל חוק העונשין 20 כידוע תכלית החוק נקבעת תוך איזון ראוי בין שתי התכליות הסובייקטיבית ו האובייקטיבית ראו ברק פרשנותה של הוראה פלילית בעמ 349 במקרה כמו זה שלפנינו אני סבור לפיכך כי התכלית של סעיף 300א א ל חוק העונשין היא לאפשר לבית המשפט בנסיבות המתוארות בסעיף להטיל עונש שהולם את נסיבות המקרה שלפניו תוך חריגה מעונש החובה הקבוע לעבירת הרצח תכלית זו תוגשם באופן מיטבי רק אם בבואנו להחיל את הסעיף נשים דגש על חומרת מעשיו ומידת אשמו של הנאשם השוו עניין עוקב אני סבור לפיכך כי העמדה שלפיה יש לעשות שימוש בסעיף זה רק במקרים קיצוניים ביותר שנמצאים כ""פסע"" מסייג ""אי שפיות הדעת"" לא מגשימה את תכליתו באופן ראוי והיא עלולה אפילו לסכל אותה 21 חברי השופט י אלרון תומך את מסקנתו שלפיה יש להחיל את סעיף 300א א ל חוק העונשין רק במקרים חריגים במיוחד לאור הפגיעה בערך החברתי המוגן בעבירת הרצח וכך הוא כותב "" בבוא בית המשפט להכריע אם התקיימו התנאים באופן המצדיק הטלת עונש מופחת על נאשם עליו לשוות לנגד עיניו את הערך של קדושת חיי אדם שהופר ונרמס במעשה הרצח ולנהוג במידה כפולה ומכופלת של זהירות בטרם ישית עונש מופחת על נאשם"" ראו פיסקה 74 לחוות דעתו גישתי ביחס לערך של קדושת חיי האדם ולקלון שבמעשה הרצח אינה שונה מגישת חברי עבירת הרצח טומנת בחובה הפרה חמורה של ערך חברתי חשוב ביותר ההגנה על חיי אדם רצח הוא העבירה החמורה מבין עבירות ההמתה שב חוק העונשין והיא נבדלת מעבירות ההמתה האחרות ביסודותיה שמשקפים את החומרה היתרה שבמעשים ובאשמה משכך עבירת זו כוללת את המקרים החמורים ביותר מבין אלה שתוצאתם הייתה קטלנית בהתאם לכך גם העונש שמוטל כברירת מחדל על אדם שביצע רצח הוא החמור ביותר שבעונשי המאסר ואולם לא עלה בידי להגיע למסקנתו של חברי כי יש לנקוט בפרשנות מצמצמת באשר לסעיף 300א א ולא להחילו אלא במקרים חריגים שבחריגים שכן נקודת המוצא שלי היא שונה בהקשר לפרשנות סעיף 300 א א לחוק העונשין עלינו לתת את הדגש לשיטתי לכך שאיננו עוסקים בפרשנות של האיסור הפלילי על רצח אלא בפרשנות של סעיף החיצוני לאיסור הפלילי על רצח ונלווה לו במימד הענישה בלבד סעיף 300א א איננו בבחינת נורמה אוסרת מדובר בו בקביעה הנוגעת להליך הענישה בגין רצח ותכלית הסעיף היא כאמור לאפשר לבית המשפט להפחית את העונש ככל שמתקיימים התנאים והדבר הולם את הנסיבות משזו תכלית הסעיף על בית המשפט להעניק ללשון הסעיף את המשמעות שמגשימה את תכליתו באופן מיטבי וגישה זו מובילה לתוצאה המוצעת על ידי אחר הדברים הללו אקדיש מספר מילים ל תיקון מס 137 לחוק העונשין שאמור להיכנס לתוקף בקרוב הערות ביחס לתיקון מס 137 לחוק העונשין 22 בתאריך 10 01 2019 פורסם ברשומות תיקון מס 137 שתחילתו בתאריך 10 07 2019 שמטרתו להביא לשינוי יסודי בעבירות ההמתה הקבועות ב חוק העונשין המשותף לעבירות אלה הוא כעולה משמם התוצאה הקטלנית של המעשה הנידון בהן אולם הן שונות זו מזו תכלית שוני כך למשל מבחינת חומרת העבירות עבירת הרצח כאמור היא שאמורה לכלול את מקרי ההמתה החמורים ביותר דוגמא לעבירות שאמורות לכלול מקרים חמורים פחות היא עבירת ההריגה ועבירת גרימת מוות ברשלנות סעיפים 298 ו 304 ל חוק העונשין העבירות השונות נבדלות גם ביסודות העובדתי והנפשי שבהם מותנית התקיימות העבירות הן גם נבדלות בעונש שמוטל בגינן על רצח העונש הוא מאסר עולם בעוד שהעונש המוטל על הריגה ועל גרימת מוות ברשלנות הוא מאסר שלא יעלה על 3 ו 20 שנים בהתאמה קיומן של עבירות המתה שונות נדרש כדי לשקף באופן ראוי יותר את אחריות הנאשם מבחינת טיב וחומרת מעשיו ומידת אשמתו עבירות המתה שונות נדרשות גם כדי שהחומרה המשתנה של העבירה תהלום את העונש שמוטל על עובר העבירה 23 מקור נוסח עבירות ההמתה שב חוק העונשין מצוי ב פקודת החוק הפלילי 1936 אולם עם חלוף הזמן נוסח זה שלא עבר תיקונים מהותיים היה נתון לביקורת תוך שנשמעה קריאה למחוקק לערוך שינוי בהסדר הנורמטיבי שדן בעבירות ההמתה ראו למשל דנ""פ 1042 04 ביטון נ מדינת ישראל פ""ד סא 3 646 2006 דנ""פ 404 13 פלוני נ מדינת ישראל פיסקה 41 לפסק דינו של הנשיא בדימ א גרוניס 15 04 2015 טענה מרכזית שעלתה בהקשר זה הייתה בפשטות כי נוסחן והאופן שבו העבירות נוסחו ופורשו בפסיקה לא קיימו מדרג נורמטיבי ראוי עקב ביקורת זו מינה בשנת 2007 שר המשפטים דאז פרופ דניאל פרידמן צוות לבחינת יסודות עבירות ההמתה ב חוק העונשין ו תיקון מס 137 מבוסס על המלצותיו בגדרו של השינוי שהביא בחובו תיקון מס 137 בוטלו בין היתר עבירת ההריגה וסעיפים 300א ו 301 שעוסקים בענישה מופחתת ובכוונת תחילה נקבע כי עבירת הרצח לפי סעיף 300 תכלול רק מקרים שבהם אדם גרם למותו של אדם בכוונה או אדישות וכי העונש בגינה יעמוד על מאסר עולם כעונש מירבי לצד זאת נוספו העבירות הבאות עבירת רצח בנסיבות מחמירות שהעונש בגינה יעמוד על מאסר עולם כעונש חובה עבירת המתה בנסיבות של אחריות מופחתת שהעונש בגינה משתנה ולא יעלה על 20 שנות מאסר ועבירת המתה בקלות דעת שהעונש בגינה לא יעלה על 12 שנות מאסר 24 השינוי החקיקתי הנ""ל מעלה שאלה ביחס לתחולתו של השינוי על מעשים שקדמו לחקיקת התיקון כדוגמת מעשיו של המערער בענייננו היקף תחולתן של נורמות בדיני העונשין במישור הזמן נקבע במסגרת תיקון מס 39 לחוק העונשין בהוראות המצויות בחלק המקדמי של חוק העונשין עקרון היסוד בהקשר זה עוגן בסעיף 3 ל חוק העונשין שכותרתו ""אין עונשין למפרע"" לפי הסעיף העוסק במקרה של שינוי חקיקה המחמיר את מצבו של הנאשם עבירה חדשה שנחקקה ועבירה שהעונש שבצידה הוחמר לא יחולו ביחס למעשים שנעשו לפני יום פרסום החקיקה או יום תחילתה לפי המאוחר ראו יורם רבין ויניב ואקי דיני עונשין כרך א 97 92 מהדורה שלישית 2014 מעבר לכך הוראות שעוסקות בחקיקה מקלה נקבעו במסגרת סעיפים 5 4 ל חוק העונשין סעיף 5 הוא זה שלכאורה רלוונטי לענייננו נוגע למקרה של שינוי חקיקה שנערך לאחר עשיית העבירה וקובע באילו נסיבות שינוי חקיקה מקל יחול למפרע הסעיף קובע קו גבול במועד שבו הופך פסק הדין כנגד הנאשם לחלוט ומבחין בין טיב השינוי החקיקתי שנעשה ביחס למקרה שבו טרם הפך פסק הדין לחלוט קובע סעיף 5 א כי נורמה מקלה שכוללת ""שינוי בנוגע להגדרתה של העבירה ח""מ או לאחריות לה או בנוגע לעונש שנקבע לה"" תחול אף ביחס למעשים שקדמו לחקיקתה מנגד ביחס למקרה שבו הפך פסק הדין לחלוט קובע סעיף 5 ב כי נורמה המקלה בעונש קרי במקרה שבו העונש החדש שנקבע בחקיקה הוא קל במידתו או בסוגו יהיה העונש שהוטל על האדם העונש המירבי שנקבע במסגרת השינוי החקיקתי ויראוהו כאילו הוטל מלכתחילה 25 יחד עם זאת תיקון מס 137 קובע כללים ספציפיים באשר לתחולתו במישור הזמן הוראת סעיף 25 לתיקון שכותרתו ""תחילה תחולה והוראות מעבר"" קובעת כדלקמן "" א תחילתו של חוק זה שישה חודשים מיום פרסומו להלן יום התחילה והוא יחול על עבירות שבוצעו מיום התחילה ואילך ב על עבירה שבוצעה לפני יום התחילה וטרם ניתן פסק דין חלוט בעניינה יחולו הוראות סעיף 5 א לחוק העיקרי לעניין זה בבואו לקבוע מהו הדין המקל על העושה יבחן בית המשפט את מלוא ההסדר הקבוע בחוק העיקרי כנוסחו בחוק זה לעומת ההסדר שהיה קבוע בחוק העיקרי לעניין גרימת מוות ערב יום התחילה להלן הדין הישן ג על עבירה שבוצעה לפני יום התחילה וניתן פסק דין חלוט בעניינה יחול הדין הישן ואולם לעניין מי שהורשע בעבירה לפי סעיף 300א לחוק העיקרי כנוסחו ערב יום התחילה יראו אותו כמי שהורשע בעבירה לפי סעיף 301ב א או ב 2 או 3 לחוק העיקרי כנוסחו בחוק זה וענשו המרבי יהיה העונש שנקבע באותו סעיף לפי העניין כאמור בסעיף 5 ב לחוק העיקרי"" ההדגשות אינן במקור ח""מ עינינו הרואות כי סעיף 25 א קובע את תחילתו של תיקון מס 137 ואילו סעיפים 25 ב ו ג קובעים לכאורה הסדר ייחודי הנוגע לתחולת הנורמות שנקבעו בתיקון ביחס למעשים שקדמו למועד תחילת התיקון בהתאם לאמור בסעיף 25 א תחילתו של התיקון בכללותו ובלשון המחוקק ""תחילתו של חוק זה"" היא מחצית השנה לאחר פרסומו הואיל ו תיקון מס 137 פורסם בס""ח 2779 בתאריך 10 01 2019 תחילתו היא בתאריך 10 07 2019 תחילתו של התיקון היא תחילת תוקפו השוו סעיף 21 ל חוק הפרשנות התשמ""א 1981 במועד שקדם לתאריך תחילתו אין תוקף לתיקון כולו והנוסח התקף הוא הדין הישן קרי חוק העונשין בנוסחו לפני התיקון אין איפוא להחיל במישרין את הנורמות שקבע התיקון באמצעות שימוש בסעיפים 25 ב ו ג לתיקון לפני שהגיע מועד תחילת התיקון רק מעת תחילתו של התיקון הוא תאריך 10 07 2019 יש לעשות שימוש בהוראות סעיף 25 ב ו ג ולהחיל את תיקון מס 137 גם ביחס למעשים שבוצעו לפני תחילתו של התיקון במקרים המתאימים לכך בהתאם לאמור לגישתי הדין שחל בעניינו של המערער הוא חוק העונשין בנוסחו לפני התיקון מחמת מסקנה זו ערכתי את הדיון בסעיף 300א א ל חוק העונשין בנוסחו לפני התיקון עם זאת התיקון צריך לשיטתי להקרין על ההתייחסות והפרשנות הנדרשת גם לגבי מקרה כמו זה שלפנינו השוו אהרן ברק פרשנות במשפט כרך שני 348 347 1993 סיכום 26 מסקנתו של חברי באשר לאי תחולת סעיף 300א א ל חוק העונשין כמו גם פסק דינו המקורי של בית המשפט המחוזי הנכבד מבוסס על הפרשנות המצמצמת לסעיף כפי שהראיתי לעיל לשיטתי פרשנות זו אינה מתחייבת מלשון הסעיף והיא גם לא מגשימה באופן ראוי את תכליתו ואיננה מתחשבת די בהוראת סעיף 34כא ל חוק העונשין 27 זה המקום להעיר כי אין לכחד שקביעות ממצאי העובדה והמהימנות של הערכאה הדיונית ביחס לחוות הדעת הפסיכיאטריות במקרה זה והימנעותו של המערער מלהעיד הקשו במידה מסוימת על החלת סעיף 300א א ל חוק העונשין אולם בשים לב ל תכלית הסעיף שבמרכז דיוננו כאן ובהוראת סעיף 34כא הנ""ל ובהתחשב בחלק מחוות דעת המומחים ובמיוחד חוות הדעת השניה שהמליצה על ענישה מופחתת הרי שהשתת עונש על המערער שתנאי הסעיף מתקיימים בו כך שהעונש יהלום את מעשיו ואת אשמו מצדיקים להטיל על המערער עונש מופחת במידה המוצעת על ידי קרי להעמיד את מאסרו על 20 שנים 28 לגישתו של בית המשפט המחוזי הנכבד עלה בידי המערער להוכיח כי הוא לקה באופן מתמשך "" בהפרעה דלוזיונאלית הקשורה בקיומן של מחשבות השווא הנוגעות לנאמנותה של אשתו וככל הנראה גם במחשבות יחס כלפי אחרים ככל שהם כרוכים בקנאה הפתולוגית שקננה בקרבו של הנאשם"" עמוד 68 לפסק הדין של בית המשפט המחוזי הנכבד בשים לב לכך כי מדובר בהפרעה מתמשכת שתסמיניה השפיעו באופן מהותי על התנהגותו של המערער אני סבור כי בנסיבות מקרה זה מדובר בהפרעה נפשית חמורה הגם שאין חולק על כך שנותר גם לו תחום תפקוד ""רגיל"" בהקשר זה יש אף להזכיר את חוות הדעת האחרות שבית המשפט המחוזי הנכבד העדיף שלא לקבל את מסקנתן אשר ייחסו למערער אפילו הפרעות נפשיות חמורות מזו כך לדוגמא בחוות הדעת החמישית האחרונה שניתנה על ידי צוות הפסיכיאטרים המחוזיים שמונו על ידי בית משפט זה צוין כי בעת ביצוע העבירה ""הנאשם סבל ממצב פסיכוטי שהתבטא במחשבת שווא של רדיפה וגדלות ממצבו הפסיכוטי הנבדק היה משוכנע שהשם מורה לו ומדריך אותו לפגוע ברב כפי שפנחס פגע בנשיא שבט בנימין"" ראו עמוד 13 לחוות הדעת 29 אכן חוות הדעת הפסיכיאטריות הסותרות שבפנינו העלו סימני שאלה באשר לסוגיה האם ההפרעה הנפשית שממנה סבל המערער בעת הרצח פגעה במידה ניכרת ביכולת ההבנה או הרצון שלו בעת ביצוע המעשה ואולם הנני סבור כי הצטברותם של כלל הנתונים והנסיבות במקרה זה בייחוד חוות הדעת שצויינו לעיל השניה שהמליצה על ענישה מופחתת והחמישית מטים את הכף במאזן הסתברויות לכיוון שמחשבות השווא שמהם סבל המערער הגבילו במידה ניכרת את יכולות ההבנה או הרצון שלו בעת ביצוע הרצח 30 זאת ועוד אחרת אני רואה להדגיש כאן כי שאלת תחולת סעיף 300א א ל חוק העונשין לא קיבלה התייחסות מצד בית המשפט המחוזי הנכבד במסגרת הכרעת הדין המשלימה מתאריך 07 09 2017 משכך השאלה האם הוכחו במידה מספקת תנאי סעיף 300א א נותרה למעשה בלא מענה מעבר לכך ההתייחסות של בית המשפט המחוזי הנכבד לשאלה זו במסגרת הכרעת הדין המקורית ממילא התבססה על הפרשנות המצמצמת פרשנות שלדעתי אין היא מבוססת כדבעי כאמור 31 סוף דבר אם תשמע דעתי אציע לחברי לקבל את הערעור באופן חלקי ולגזור על המערער 20 שנות מאסר מכוח סעיף 300 א ל חוק העונשין חלף מאסר העולם שנגזר עליו המשנה לנשיאה השופט ג קרא לאחר שעיינתי בחוות דעתם המקיפות והמנומקות של חבריי המשנה לנשיאה ח מלצר והשופט י אלרון החלטתי לצרף את דעתי לתוצאה אליה הגיע השופט אלרון הן באשר לאי תחולת סייג אי שפיות הדעת שבסעיף 34ח לחוק העונשין והן להנמקתו לדחות את ערעור המערער להטיל עליו ענישה מופחתת בהתאם לסעיף 300א א לחוק העונשין תחת עונש מאסר העולם שהוטל עליו בבית המשפט קמא ש ו פ ט לפיכך הוחלט ברוב דעות לדחות את הערעור כאמור בפסק דינו של כב השופט י אלרון ובהסכמת השופט ג קרא כנגד דעתו החולקת של המשנה לנשיאה השופט ח מלצר ניתן היום כ""ד בסיון התשע""ט 27 6 2019 המשנה לנשיאה ש ו פ ט ש ו פ ט _________________________ 14018280_J24 docx עע סח מרכז מידע טל 077 2"
HUGGINGFACE-89dcc28b147a,2026-05-26T07:21:27+03:00,manual_review_sentence_relief,sentence_relief_only,"רות קיומה היא מהותית ואינה זניחה או דמיונית לאפשרות כזו צריכה להיות אחיזה סבירה בחומר הראיות ועליה לעמוד במבחני השכל הישר וניסיון החיים "" ע""פ 2132 04 קייס נ מדינת ישראל בפסקה 6 לפסק דינה של השופטת א פרוקצ יה 28 5 2007 ההדגשות הוספו ג ק 44 בענייננו המערער טען בערעורו כי ישנם שלושה תרחישים סבירים אלא שחומר הראיות מלמדנו כפי שקבע בית המשפט קמא כי התרחישים החלופיים שהעלה המערער אינם סבירים כלל ועיקר 45 לתרחיש לפיו אכרם הוא הדוקר בו דבק המערער בערעורו לא נמצאה אחיזה ראייתית כזכור בהתבסס על כתמי התזת הדם נקבע כי הדקירה התבצעה בזמן המאבק בתוך הבית לגרסת המערער אותה קיבל בית המשפט קמא בעת המאבק בתוך הבית המנוח לפת את צווארו של המערער כך שהם עמדו צמודים זה מול זה אכרם באותו שלב עמד מאחורי המערער אחז בו וניסה לחלצו כפי שנקבע ועל כך אין מחלוקת המערער הוא היחיד מבין השניים שהיה מצויד במברג שבאמצעותו היה ניתן לגרום לדקירה העמוקה בערעורו המערער שב והעלה את האפשרות כי אכרם הוציא מתיקו כלי אחר ובאמצעותו ביצע את הדקירה אפשרות זו נדונה ונדחתה על ידי בית המשפט קמא ""לא רק שלא עולה מחומר הראיות שהיו מברגים נוספים כי אם גם לא עולה סיטואציה שבה אכרם פתח את התיק הקטן כדי להוציא נשק קר אחר מה עוד שאכרם והנאשם הופתעו על ידי המנוח כך שספק אם יכול היה אכרם לעשות כך"" פסקה 336 להכרעת הדין לכך יש להוסיף כי כלי אפשרי כאמור לא נמצא בזירת האירוע וגם המערער לא תיאר כלי אפשרי כאמור או מסר שראה בידיו של אכרם כלי כאמור גם לאחר האירוע זאת ועוד המערער העיד שהוא והאדי נטלו עוד בהיותם ברכב כל אחד מברג שאורכו מעל ל 25 ס""מ מאחר שאלו לא נכנסו לתיק הקטן שנשא אכרם שמתואר כפאוץ פרוטוקול עמ 941 ש 13 12 על כן לא סביר גם כי אכרם נשא בתיקו כלי אחר שהיה עשוי לגרום לדקירה שאורכה 12 11 ס""מ בבית החזה של המנוח כמו כן על פי חוות דעת המומחה מרבית החבלות שנגרמו למנוח ובהן הדקירה הקטלנית נמצאו בחלק הקדמי של גופו מכאן ברי כי מי שביצע את הדקירה היה צריך לעמוד מול המנוח בא כוח המערער טען כי מדובר במאבק דינמי במהלכו ייתכן כי השתנו המיקומים של כלל המעורבים באופן שאיפשר לאכרם לבצע את הדקירה אולם לא כך לפי גרסת המערער לפיה במהלך כל המאבק אחז בו המנוח בצווארו אכרם לגרסת המערער עמד תחילה מאחוריו ובהמשך ""עקף"" את המנוח והמערער שנאבקו זה מול זה ועמד מאחורי המנוח מכאן עולה כי במהלך כל המאבק אכרם לא עמד מול המנוח ואזור הפציעות היה ""כלוא"" בין המערער לבין המנוח מה שמקשה מאוד על האפשרות כי אכרם הוא שביצע את הדקירה לבסוף יצוין כי נוכח קרבתו של המערער למנוח במהלך המאבק ומיד לאחריו סביר היה כי ככל שאכרם דקר את המנוח היה המערער מבחין בכך עם זאת המערער העיד כי כלל לא הבחין בהנפה של חפץ חד לעברו של המנוח לא ראה את הדקירה ולא שמע את רעש החבטות במנוח או את צעקות הכאב פרוטוקול עמ 834 לטענתו בשל החושך ששרר במקום ייתכן שאכרם דקר את המנוח מבלי ששם לב גם טענה זו נדחתה על ידי בית המשפט קמא ובדין כך ""לפי הסיטואציה שתיאר הנאשם לא היה חייץ בינו לבין המנוח כך שאילו היה אכרם האדם שדקר את המנוח וחתך אותו בפלג הגוף הקדמי היה הנאשם גם בתנאי החשיכה חייב לראות זאת או לפחות לחוש בתנועה חריגה"" שם יתרה מכך המערער העיד כי במקום לא שררה עלטה מוחלטת ואור מבחוץ חדר פנימה והאיר את אזור הכניסה פרוטוקול עמ 844 843 בתנאים אלו לא ייתכן כי במרחק כה קצר סנטימטרים ספורים לא יבחין המערער במתרחש לכך יש להוסיף כי סביר שדקירה משמעותית שכזו עוררה תגובות פיזיות כלשהן או לכל הפחות תנועה חריגה ולא ניתן לקבל את גרסת המערער לפיה לא שמע ולא הרגיש את פעולת הדקירה נוכח כל האמור לא נפל פגם במסקנתו של בית המשפט קמא כי לתרחיש לפיו אכרם הוא הדוקר אין אחיזה בחומר הראיות 46 אשר לתרחיש לפיו האדי דקר את המנוח הרי ש הראיות האובייקטיביות שנמצאו במקום כתמי התזת הדם מצביעות על כך שהמנוח נדקר בתוך הבית פסקה 76 להכרעת הדין מאחר שהאדי גם לגרסת המערער בחקירתו הנגדית סעיף 340 להכרעת הדין פרוטוקול עמ 879 874 עמד מחוץ לדלת הבית לא ניתן להניח באופן מתקבל על הדעת כי האדי הוא שדקר את המנוח למעשה במהלך הדיון בערעור בחר בא כוח המערער שלא להתבסס על תרחיש זה ולא בכדי 47 למען שלמות התמונה יוער כי במהלך עדותו בבית המשפט קמא טען המערער לקיומה של אפשרות נוספת עליה לא חזר במסגרת ערעורו לפיה אדם זר אלמוני הוא שביצע את הדקירה פרוטוקול עמ 904 903 גם תרחיש זה נדון ונדחה על ידי בית המשפט קמא בהיותו תיאורטי בלבד ומסקנה זו מקובלת עליי ""במקרה הנדון אין לקבל את האפשרות שלפיה אלמוני דקר את המנוח לפי הממצאים העובדתיים שנקבעו אכרם והנאשם והם בלבד נכנסו לתוך הבית והאדי נותר בחוץ כדי לתצפת מלבד המנוח לא הגיע אדם אחר למקום לאחר שהמנוח נכנס לבית הוא שהה בו ביחידות עם הנאשם ואכרם המנוח נדקר ונחתך בתוך הבית לרבות הדקירה הקטלנית לאחר מכן יצאו אכרם הנאשם והמנוח מהבית והאדי הצטרף למאבק בין הנאשם לבין המנוח לאחר שהמנוח הוכה על ידי האדי ואכרם הוא התמוטט ונפל ארצה ואז ברחו השלושה מן המקום האפשרות שמאן דהוא דקר את המנוח לאחר שהשלושה ברחו מהמקום עד שהמנוח נמצא על ידי אשתו ללא רוח חיים כעבור זמן קצר היא אפשרות תיאורטית ובלתי סבירה לחלוטין ונראה כי גם הנאשם בעדותו אישר למעשה שאפשרות זו אינה סבירה עמ 766 ו 779 לפרו "" פסקה 341 להכרעת הדין 48 לסגירת המעגל אדגיש כי כלל הממצאים המתוארים מובילים למסקנה כי התרחיש האפשרי היחידי הוא שמערער דקר את המנוח המערער הוא היחיד מהשלושה בעל הצורך הדחוף והמידי להשתחרר מאחיזת המנוח הוא היחיד מהשלושה ששהה במבואת הבית והחזיק כלי שיכול לגרום לדקירה הקטלנית והוא היחיד מהשלושה שעמד פנים מול פנים עם המנוח במנח המאפשר את הדקירה שנמצאה על גופת המנוח ובל נשכח כי גרסתו של המערער למאבק התפתחה על מנת לקרב את יתר המעורבים לדקירה וכי בחקירתו הנגדית הודה המערער כי במהלך המאבק הוא הכה את המנוח באגרופים בפניו פרוטוקול עמ 898 897 ומכאן שידיו היו חופשיות לשלוף את המברג מחגורת מכנסיו ולדקור את המנוח נוסף לכל האמור ראוי להזכיר כי במהלך חקירתו במשטרה כשעומת המערער עם אכרם ת 7ב ועם האדי ת 8ב ולאחר שהוטח במערער כי השניים הפלילו אותו השיב המערער כי לא אכרם ולא האדי הם שדקרו את המנוח וגם בעדותו בבית המשפט קמא התקשה המערער לאשר את ההיתכנות שאכרם או האדי הם שביצעו את הדקירה שהביאה למות המנוח פרוטוקול עמ 896 במצב דברים זה הימנעותו של המערער מלספק כל הסבר סביר לעובדות שהוצגו בפני בית המשפט קמא המסבכות אותו ברצח או להפנות אצבע מאשימה למעורבים הנוספים בפרשה מחזקות את המסקנה כי הוא שדקר את המנוח 49 לסיכום נקודה זו סבורני כי אשמתו של המערער הוכחה מעבר לספק סביר בדרך של אלימינציה משנקבע כי הובאו ראיות מספיקות להוכחה כי המערער הוא שדקר את המנוח ומשהאפשרויות האחרות שהוצעו על ידי המערער נדחו מאחר שלא נמצאו סבירות על פי חומר הראיות התרחיש הסביר היחיד שמתקבל על הדעת הוא שהמערער דקר את המנוח כפי שקבע בית המשפט קמא היסוד הנפשי של המערער 50 כאמור המערער טען כי הרשעתו ברצח אינה יכולה לעמוד משיחסו החפצי למות המנוח היה של קלות דעת ומשכך יש להרשיעו בהריגה לטענתו יש לאמץ את עמדתה של השופטת ד ברק ארז בעניין טמטאווי לפיה נדרש יסוד חפצי של כוונה או אדישות ואין די בקלות דעת לשם הרשעה בסעיף 300 א 3 לחוק העונשין המערער ציין כי אמנם עניין טמטאווי עסק בעבירת הרצח לפי סעיף 300 א 4 אך עם זאת צוין שם כי "" לכאורה המסקנות שאליהן הגענו בהתייחס לסעיף 300 א 4 לחוק העונשין עשויות לחול גם על פרשנותו של סעיף 300 א 3 שמעורר שאלה פרשנית דומה "" מכיוון שהשאלה לא התעוררה בעניין טמטאווי היא הותרה בצריך עיון והמערער מבקש כי נאמץ עמדה זו כעת 51 לא מצאתי כי יש בטענות אלו כדי להשליך על הרשעת המערער בית המשפט קמא קבע כממצא שבעובדה כי המערער היה אדיש לאפשרות גרימת מותו של המנוח ולא מצאתי להתערב בקביעה זו קלות דעת מוגדרת בסעיף 20 א לחוק העונשין כ"" נטילת סיכון בלתי סביר לאפשרות גרימת התוצאות האמורות מתוך תקווה להצליח למנען "" ובפסיקה הודגש כי ""קלות דעת משמעה שהאדם אינו רוצה שהתוצאה תתממש ואף פועל כדי למנוע את התממשותה מתוך תקווה שיש לה יסוד אובייקטיבי למנוע את התוצאה"" ע""פ 3328 14 אבו חאמד נ מדינת ישראל בפסקה 20 7 12 2017 להלן עניין אבו חאמד אין במעשיו של המערער כל פעולה ממנה ניתן ללמוד כי הוא פעל מתוך תקווה להצליח למנוע את תוצאת מותו של המנוח ההפך פועלו דווקא מלמד על שוויון נפש המערער היה מודע לאפשרות שההתפרצות ""תסתבך"" שכן היא בוצעה בשעת ערב מוקדמת מבלי שהיה לשלושה מידע מוקדם על המקום המערער בחר במודע שלא לברוח דרך החלון ממנו נכנס אלא להתקדם לכיוון דלת הכניסה מה שמלמד על שוויון נפש לאפשרות כי יאלץ להיאבק במנוח שהגיע מכיוון הדלת גם לאחר שנתפס עמדה למערער האפשרות להשלים עם תפיסתו אך הוא בחר להימלט ""בכל מחיר"" הוא צפה אפשרות התפתחותו של עימות אלים בינו לבין המנוח שסביר היה להניח כי יבקש למנוע את השלמת העבירה ודקר את המנוח בחזהו באמצעות המברג הארוך שהיה בחזקתו מה שמלמד על אדישות לאפשרות קטילת המנוח אדישותו של המערער נלמדת ביתר שאת מפועלו לאחר הדקירה המערער הפקיר את המנוח בכניסה לבית מבלי להזעיק עזרה ונסע יחד עם האחרים לאכול במסעדה אשר על כן בדין קבע בית המשפט קמא כי המערער פעל באדישות לתוצאה הקטלנית משנותרה על כנה הקביעה כי המערער פעל באדישות הרי שהרשעתו תעמוד על כנה גם אם תאומץ הפרשנות שהוצעה בעניין טמטאווי ומשכך איני נדרש אליה ראו והשוו עניין אבו חאמד בפסקה 22 בנקודה זו יוער כי ביום 10 1 2019 פורסם ברשומות תיקון לחוק העונשין כחלק מהרפורמה בעבירות ההמתה חוק העונשין תיקון מס 137 ס""ח התשע""ט 230 להלן התיקון ויום תחילתו נקבע לשישה חודשים מיום הפרסום בהתאם להוראת המעבר שנקבעה בתיקון וכמצוות סעיף 5 א לחוק העונשין על עבירה שבוצעה לפני יום התחילה וטרם ניתן פסק דין חלוט בעניינה "" יחול על הענין החיקוק המקל עם העושה "" על פי התיקון שונה נוסחו של סעיף 300 לחוק העונשין והסעיף הרלוונטי לענייננו לאחר התיקון מצוי בסעיף 301א א 2 שכותרתו ""רצח בנסיבות מחמירות"" ""הגורם בכוונה או באדישות למותו של אדם באחת מהנסיבות המפורטות להלן דינו מאסר עולם ועונש זה בלבד 2 המעשה נעשה במטרה לאפשר ביצוע עבירה אחרת או להקל את ביצועה או במטרה להסתיר את ביצועה של עבירה אחרת או לאפשר הימלטות מן הדין לאחר ביצוע העבירה האחרת לעניין זה ""עבירה אחרת"" עבירה שעונשה שבע שנות מאסר או יותר"" ההדגשה הוספה ג ק מכאן כי החוק לאחר התיקון קובע כי נדרש יסוד נפשי מסוג כוונה או אדישות לשם הרשעה ובמובן זה מקל עם הנאשם ביחס להוראה שלפני התיקון עם זאת משנקבע כי בעניינו המערער פעל באדישות אין בכך כדי להשליך על הרשעתו עוד יוער כי הסעיף לאחר התיקון קובע כי כאשר עסקינן ברצח במטרה לאפשר ביצוע עבירה אחרת על אותה עבירה אחרת להיות כזו שעונשה שבע שנות מאסר או יותר מאחר שהעונש המקסימאלי הקבוע בחוק בעבור עבירת ההתפרצות למקום מגורים בה הורשע המערער עומד על שבע שנות מאסר גם נתון זה אינו משליך על ההרשעה למען שלמות התמונה יודגש כי העונש על עבירה של רצח בנסיבות מחמירות לפי סעיף 301א א 2 לאחר התיקון זהה לעונש על עבירה לפי סעיף 300 א 3 לפני התיקון והוא ""מאסר עולם ועונש זה בלבד"" 52 נוכח כל האמור לא מצאתי עילה להתערבות בהכרעת הדין הערעור על גזר הדין 53 משלא מצאתי להתערב בהרשעת המערער בעבירת הרצח נותר על כנו עונש מאסר העולם שהושת עליו 54 אשר לפיצוי לאור פסיקתו של בית משפט זה בעניין טווק אציע כי נקבל את המתווה שהציעה משפחת המנוח לו הסכימה המשיבה ועליו לא חלק המערער לפיו הפיצוי שנפסק לטובת הנכדים יוותר על כנו ויעמוד על סך של 30 000 ש""ח והפיצוי לאלמנת המנוח יעמוד על 228 000 ש""ח זאת חלף הסכומים שפסק בית המשפט קמא 55 סוף דבר לו תשמ"
HUGGINGFACE-eb11a99ff93f,2026-05-26T07:21:27+03:00,manual_review_sentence_relief,sentence_relief_only," חוק שחרור על תנאי תמצית טענות הצדדים 7 תחילה המערער הגיש ערעור גם על הכרעת הדין וגם על גזר הדין למעט לעניין רכיב הפיצויים אלא שבמהלך הדיון שהתקיים לפנינו ביום 16 9 2019 חזר בו המערער מערעורו בדבר הכרעת הדין כך שנותר הערעור על גזר הדין בלבד 8 המערער טען כי יש להפחית מהעונש שהושת עליו בגין עבירת האינוס זאת משום שלא היו הוכחות מספקות לכך שהאינוס נעשה בברוטאליות וכי אין הצדקה עניינית להחמיר עמו פעם נוספת בקביעת מתחם ענישה גבוה לעבירת האינוס לאחר שהושת עליו מאסר עולם בגין עבירת הרצח לחלופין היה מקום לחפוף את עונש המאסר בגין עבירת האינוס לעונש מאסר העולם ולו באופן חלקי 9 בנוסף טען המערער כי בהתבסס על תכליתו של סעיף 30ב לחוק שחרור על תנאי על ההיסטוריה החקיקתית שלו ועל יישומו בפסיקה בית המשפט המחוזי שגה בקביעתו שעבירת הרצח בוצעה בנסיבות חריגות בחומרתן לשיטתו המחוקק כיוון בסעיף זה לקבוצה קטנה ומצומצמת של מקרים ובהם הצטברות מאפיינים חריגים כגון אכזריות יוצאת דופן של מעשה הרצח ריבוי קורבנות או היות הקורבנות חסרי ישע במקרה דנן החומרה העיקרית הינה במעשי המין שבוצעו במנוחה לפני המתתה ואלה קיבלו מענה נפרד בענישתו 10 מנגד המשיבה טענה כי העונש שהושת בגין עבירת האינוס ראוי בנסיבות העניין זאת לאור אכזריות המעשים ועברו הפלילי הכבד של המערער ומשום שהוא אף לא הביע חרטה או נטל אחריות על מעשיו כלל על כן היה מקום להטיל עליו את הענישה המקסימלית האפשרית ולקבוע כי העונש בגין עבירת האינוס יושת במצטבר למאסר העולם 11 כמו כן המקרה שלפנינו נופל בגדר המקרים של רצח חריג בחומרתו כעולה מלשון סעיף 30ב לחוק שחרור על תנאי כאשר מהצעת החוק עולה כי המחוקק כיוון ל""מעשי רצח חריגים אכזריים או מרובי קורבנות"" מהגדרה זו אנו למדים כי הסעיף רלוונטי גם למקרים חריגים ואכזריים שאינם מרובי קורבנות סעיף זה אינו מוסיף שנות מאסר על העונש שהושת על המערער אלא רק מסייג את אפשרות קציבת העונש בעתיד על כן אין ממש בטענת המערער כי החלת הסעיף מחמירה איתו באופן שאינו ראוי דיון והכרעה 12 עלינו להכריע אפוא בשלוש שאלות האחת העונש הראוי שיש להשית על המערער בגין עבירת האינוס השנייה השתת העונש בגין עבירת האינוס במצטבר או בחופף ולו באופן חלקי לעונש מאסר עולם שהושת בגין עבירת הרצח השלישית הקביעה כי מדובר ברצח בנסיבות חריגות בחומרתן באופן המצדיק את הפעלת סעיף 30ב לחוק שחרור על תנאי חומרת העונש בעבירת האינוס וריצויו בחפיפה או במצטבר 13 הלכה ידועה היא כי אין ערכאת הערעור נוהגת להתערב בגזר דין שניתן על ידי הערכאה הדיונית למעט במקרים בהם העונש שהושת חורג באופן קיצוני ממדיניות הענישה הראויה והמקובלת במקרים דומים ראו לדוגמה לאחרונה ע""פ 279 19 פלוני נ מדינת ישראל פסקה 17 25 9 2019 ע""פ 779 19 אבו מדיעם נ מדינת ישראל פסקה 26 22 7 2019 ע""פ 4074 18 פלוני נ מדינת ישראל פסקה 12 22 7 2019 14 העונש המרבי הקבוע בחוק בגין עבירת האינוס בנסיבות בהן הורשע המערער הכוללות גרימת חבלה גופנית או נפשית הוא 20 שנות מאסר סעיף 345 ב 3 לחוק העונשין כאשר העונש המרבי בגין עבירת אינוס שלא בנסיבות אלו הוא 16 שנות מאסר סעיף 345 א לחוק העונשין טענת המערער היא כי אין להחמיר אתו פעם נוספת ובמצטבר בעת ענישתו על האינוס בשל האלימות שביצע לאחר שכבר הוטל עליו עונש מאסר עולם בגין הרצח בשל אותם מעשים אלימים ולפיכך יש להפחית מהעונש שהוטל עליו בגין עבירה זו 15 אינני מקבל טענה זו מעשי האלימות שבוצעו במהלך האינוס מצדיקים מענה גמולי נפרד מהעונש על מעשה הרצח לבדו נקבע זה מכבר בבית משפט זה כי ניתן להרשיע נאשם הן בביצוע אונס בנסיבות מחמירות והן בביצוע עבירות אלימות גם כאשר עבירות האלימות נעשו בהקשר של עבירת האונס עצמו ע""פ 889 15 מהרט נ מדינת ישראל פסקה 6 לפסק דינה של השופטת כתוארה אז א חיות 15 5 2016 וראו דעתו החולקת בעניין זה של השופט מ מזוז בכל מקרה לא בכך עסקינן בענייננו שכן העונש שהושת על המערער בגין רצח המנוחה לא טמן בחובו את העונש שהושת עליו בגין מעשה האינוס והאלימות שביצע במנוחה עובר להירצחה אין המדובר אפוא ב""החמרה כפולה"" בשל אותם מעשים אלא בעונש הולם עבור כל עבירה בנפרד עבירה של רצח ועבירה של אינוס תוך גרימת חבלה גופנית או נפשית העובדה כי הנאשם רצח את המנוחה ונענש על כך אין בה כדי להפחית מחומרת מעשה האונס האלים שביצע עובר לרצח כנגזרת מכך אין בה כדי להקל בעונש שיש להשית עליו בגין מעשה זה ראו והשוו ע""פ 8027 13 פלוני נ מדינת ישראל פסקה 125 27 5 2018 ע""פ 9804 02 שר נ מדינת ישראל פ""ד נח 4 461 470 469 477 476 2004 להלן עניין שר 16 מכל מקום בהתחשב במכלול נסיבותיו הקשות והחריגות של המקרה העונש שהושת על המערער בגין עבירה זו סביר ובוודאי שאינו חורג ממדיניות הענישה הראויה באופן המצדיק את התערבותנו השוו ע""פ 2832 14 בינסטוק נ מדינת ישראל פסקה 19 20 7 2015 וההפניות שם ע""פ 6614 07 הינדאווי נ מדינת ישראל 6 7 2009 17 ובאשר לשאלת חפיפת העונשים או הטלתם במצטבר לפי מצוות סעיף 40יג לחוק העונשין ועל פי פסיקת בית משפט זה בהתאם לעיקרון ההלימה בשלב גזירת דינו של עבריין על בית המשפט לתת ביטוי עונשי לכל מעשה שבו הוא הורשע על כן הוראה לפיה העונשים ירוצו במצטבר היא הכלל והחלטה על חפיפת העונשים במיוחד כאשר מדובר בענישה בגין עבירת רצח ועבירה נוספת היא זו המצריכה הנמקה מיוחדת ע""פ 8686 15 גריבוב נ מדינת ישראל פסקה 52 3 10 2017 ע""פ 4087 14 סקורדוק נ מדינת ישראל פסקה 68 5 1 2017 ע""פ 7907 14 ואזנה נ מדינת ישראל פסקאות 18 12 22 2 2015 הכרעה בסוגיה זו נעשית בראי נסיבותיו של כל מקרה כאשר יש לתת את הדעת לשני שיקולים מרכזיים השיקול הראשון זיקתן של העבירות בהן הורשע הנאשם כאשר זיקה חזקה עשויה להצדיק חפיפת העונשים השיקול השני מהותן וחומרתן של העבירות ע""פ 1707 08 אריש נ מדינת ישראל פסקה ל""ח 25 11 2008 ע""פ 2134 12 ליושצנקו נ מדינת ישראל פסקה 13 27 8 2015 להלן עניין ליושצנקו הרשעה של עבריין בעבירות חמורות בעבירות שבוצעו בנסיבות קשות או בברוטאליות או בעבירות הפוגעות באינטרסים היקרים לנו כחברה בדגש על עבירות אלימות בכלל ועבירת רצח בפרט עשויה להצדיק ענישה מצטברת ע""פ 6535 01 קוזירוב נ מדינת ישראל פ""ד נז 3 562 571 2003 עניין שר בעמ 477 בנוסף לשיקולים אלו בית המשפט רשאי להתחשב גם בנסיבותיו האישיות של נאשם לרבות גילו היעדר עבר פלילי והאם הודה במעשים או הביע עליהם חרטה עניין ליושצנקו ע""פ 9059 03 יוסבשוילי נ מדינת ישראל פסקה 8 21 3 2007 18 העבירות בהן הורשע המערער הן מהחמורות שבספר החוקים ומעשיו ברוטאליים עד כדי כך שהדמיון מתקשה לתפסם לאחר שהמערער אנס את המנוחה באלימות קשה הוא רצח אותה ואף אפשר לכלבתו לאכול חלקים מגופתה ההתעללות במנוחה לפני ואחרי מותה הייתה כה מזעזעת כאשר השוטרים שהגיעו לדירתו למחרת היום מצאו גופה מרוטשת וכמעט בלתי ניתנת לזיהוי מעשיו של המערער בכל אחת מהעבירות חמורים עד מאוד אין במעשיו כדי להצדיק הקלה משמעותית בעונשו שעה שמדובר במעשים חמורים אשר אינם מתלכדים זה עם זה זאת ועוד יש אף ליתן משקל לערכים המוגנים השונים העומדים ביסוד כל אחת מהעבירות 19 כמו כן אין מילים שיוכלו לתאר את הנזק שגרם המערער למנוחה ולמשפחתה בתסקיר נפגעי העבירה פורטו בהרחבה הנזקים והטראומה שעברו על בנה ואחותה של המנוחה שניהם מתמודדים כיום עם נזק משמעותי ובולט הקשור לשינוי הדרסטי שחל בתפיסת עולמם ההתרשמות מהם הייתה כי שניהם חווים את החיים שמסביבם כבלתי ניתנים לשליטה הם מתנהלים בתחושה כי לא ניתן לחזות את אירועי החיים ובהרגשה כי היחסים עם הסביבה אינם בטוחים עוד שניהם חשים בדידות איומה והם נותרו ללא משענת ועם קושי עצום להיאחז בגורם כלשהו על מנת להתנחם ולהירגע 20 בנוסף רישומו הפלילי של המערער מונה רשימה מכובדת של עבירות הכוללות גם עבירות אלימות בתחילת דרכו העבריינית בשנת 2000 הורשע המערער פעמיים בעבירת היעדר מן השירות שלא ברשות ונדון למאסר בפועל לתקופה של 65 ימים בשנת 2001 הורשע בעבירות תקיפת שוטר בעת מילוי תפקידו הפרעה לשוטר במילוי תפקידו ובאיומים ונדון בין היתר למאסר מותנה של שישה חודשים בשנת 2003 הורשע בעבירות קשירת קשר לעשות פשע ניסיון לפריצה בהחזקת מכשירי פריצה ונדון בין היתר למאסר בפועל של שלושה חודשים בשנת 2006 הורשע בעבירות סחיטה בכוח תקיפה סתם שוד מזוין וסחיטה באיומים ונדון בין היתר למאסר בפועל של שנה ושישה חודשים בשנת 2009 הורשע בעבירות התפרצות וגניבה ונדון בין היתר ל 18 חודשים מאסר בפועל בשנת 2011 הורשע בעבירות שוד והדחה בחקירה ונדון בין היתר למאסר בפועל של 50 חודשים על פניו אפוא המערער הולך וחזק בהתנהגותו הפלילית האלימה יתר על כן בענייננו זולת חזרתו מהערעור על הכרעת הדין הוא לא הביע חרטה או הודה במעשיו בשום שלב 21 חרף האמור יש להתחשב בזיקה מסוימת הקיימת בין האלימות שנלוותה לשתי העבירות זאת בשים לב לכך שאותם מעשי אלימות אשר גרמו למותה של המנוחה ביניהם השימוש בסכין יוחסו למערער גם בעבירת הרצח וגם במסגרת הנסיבות המחמירות שנלוו לעבירת האינוס כך בית המשפט גם ייחס את סימני המאבק שנמצאו על גופתה של המנוחה ל""פצעי הגנה"" הן למעשה הרצח והן למעשה האינוס וזאת מבלי להבחין בין השניים על כן מבלי שיש בכך כדי להפחית מחומרתם של אותם מעשים מצאנו לנכון להורות ולו במקצת על חפיפה מסוימת של העונשים שהוטלו על המערער זאת באופן שבו 3 שנים מתוך העונש שהושת עליו בגין מעשה האינוס יישא המערער בחופף למאסר העולם שהושת עליו בגין מעשה הרצח רצח בנסיבות חריגות בחומרתן 22 לפי סעיף 29 לחוק שחרור על תנאי ועדת שחרורים מיוחדת רשאית להמליץ לנשיא המדינה לקצוב את עונשו של מי שנגזר עליו עונש מאסר עולם לאחר שחלפו 7 שנים לפחות מתחילת המאסר ובלבד שהתקופה שתמליץ לקצוב לא תפחת מ 30 שנים בשנת 2014 תוקן החוק חוק שחרור על תנאי ממאסר תיקון מס 14 התשע""ה 2014 במסגרתו נחקק סעיף 30ב שנוסחו כדלהלן 30 ב א בית משפט שהרשיע אדם ברצח רשאי לקבוע לעניין המלצה לקציבת עונש מאסר עולם שאותו אדם ביצע את המעשה בנסיבות חריגות בחומרתן ב קבע בית המשפט כאמור בסעיף קטן א יחולו הוראות סעיף 29 בשינויים אלה 1 על אף האמור בסעיף קטן א ועדת שחרורים מיוחדת לא תמליץ להקל בעונשו של האסיר בטרם חלפו לפחות 15 שנים מהיום שבו החל לשאת את מאסרו ובלבד שהתקופה שתמליץ לקצוב לא תפחת מ 40 שנים 2 בסעיפים קטנים ב ו ה במקום ""מ 30 שנים"" יקראו ""מ 40 שנים"" כלומר מי שבית המשפט קבע בעניינו כי ביצע רצח בנסיבות חריגות בחומרתן ועדת השחרורים המיוחדת לא תמליץ על הקלה בעונשו בטרם חלוף 15 שנים מראשית מאסרו ותקופת המאסר עליה תמליץ לא תפחת מ 40 שנים 23 התיקון לחוק לא נועד לחול על כל מקרה של רצח הגם שכל רצח הוא חמור וראו דברי ההסבר להצעת חוק שחרור על תנאי ממאסר תיקון מס 14 אסיר עולם שהורשע ברצח חריג בחומרתו התשע""ד 2014 מדובר אך במקרים המוגדרים כחריגים כאכזריים או שיש בהם מרובי קורבנות וראו דוגמאות שהועלו בדיון שהתקיים בכנסת על התיקון לחוק פרוטוקול מס 208 מיום 30 6 2014 בוועדת החוקה חוק ומשפט של הכנסת 24 תחולתו של הסעיף נדונה עד עתה בבית משפט זה רק בהזדמנויות בודדות נאמר כי מצד אחד יש ליישם את הסעיף במשורה עם זאת מצד שני הצטברות של מספר רכיבים בעלי חומרה יתרה איננה תנאי להפעלת הסעיף ע""פ 7899 16 אבו חאשיה נ מדינת ישראל 16 10 2018 להלן עניין אבו חאשיה כן ראו רע""ב 3340 16 גנאמה נ ועדת השחרורים המיוחדת 22 05 2016 במקרים שנדונו עד כה דובר במעשה טרור שנעשה במקום הומה אדם כאשר הרוצח התכוון לבצע טבח אכזרי רב נפגעים או במקרה אכזרי במיוחד של חטיפה ביצוע מעשים מיניים קשים ורצח 25 בנוסף על האמור סקירה של פסיקות בתי המשפט המחוזיים מגלה מספר מקרים נוספים שנכנסו בגדרי סעיף 30ב למשל עבירות רצח שביצעו הורים בילדיהם באכזריות קיצונית תפ""ח מחוזי מרכז 9248 07 14 מדינת ישראל נ לוי 5 6 2016 שדן באב שרצח באכזריות את שני ילדיו על ידי שיסוף גרונם תפ""ח מחוזי ב""ש 53758 07 13 מדינת ישראל נ אמטיראת 15 12 2015 שדן באב שרצח את שתי בנותיו הפעוטות בחניקה ולאחר מכן תלה אותן ולמשל מקרי רצח אכזריים במיוחד של קורבנות תמימים שנקלעו בדרכם של העבריינים לעיתים לאחר תקיפות מיניות ברוטאליות תפ""ח מחוזי י ם 28279 11 14 מדינת ישראל נ נחמני פסקה 12 29 4 2019 שדן ברצח נערה לאחר שעברה תקיפה והתעללות מינית ברוטאלית תפ""ח מחוזי ב""ש 6482 07 14 מדינת ישראל נ שאכר 19 11 2017 שדן ברצח צעירה שבוצע לאחר אונס והתעללות מינית 26 בנוסף ובדומה לנסיבות עניין אבו חאשיה הוחל הסעיף בעבר במקרים מסוימים גם במעשי רצח שהתרחשו כחלק מפעולת טרור ראו למשל תפ""ח מחוזי ת""א 23881 12 15 מדינת ישראל נ חליל 28 11 2016 שדן ברצח שני קרבנות בעת פיגוע בבניין ""פנורמה"" בתל אביב תפ""ח מחוזי ת""א 6256 07 16 מדינת ישראל נ מחאמרה 29 11 2017 שדן בפיגוע ירי שהתרחש במתחם ""שרונה"" בתל אביב בו נהרגו שלושה קרבנות ברם נוכח הוראת סעיף 40 לחוק המאבק בטרור התשע""ו 2016 המחילה הסדר זהה לזה שבסעיף 30ב לחוק שחרור על תנאי על מי שנידון בעבירת טרור למאסר עולם אין עוד צורך בשימוש בסעיף 30ב לחוק האמור בעבירות טרור 27 אין ספק כי כל מקרה יבחן בהתאם לנסיבותיו ואין לקבוע מסגרת נוקשה של קטגוריות עליהן יחול הסעיף עם זאת ניתן למנות כאמור נסיבות חריגות בחומרתן המצדיקות עיכוב עיתוי המלצת ועדת השחרורים והגבלת תקופת קציבת עונש מאסר עולם אלימות וברוטאליות חריגות במיוחד אכזריות קיצונית והתעללות נפשית ופיזית של הנאשם בקורבן ביצוע רצח על ידי קרובו של הקורבן רצח או ניסיון רצח של קורבנות רבים היות הקורבנות צעירים או היותם חסרי ישע תקיפה ובכלל זה תקיפה מינית ברוטאלית שקדמה לרצח למותר לציין כי אין מדובר ברשימה סגורה 28 במאמר מוסגר יצוין כי אך לאחרו"
HUGGINGFACE-6b7ae11720f4,2026-05-26T07:21:27+03:00,manual_review_sentence_relief,sentence_relief_only,"דיניות הענישה הנוהגת במקרים דומים עוד נטען כי נהג האוטובוס נסע במהירות מופרזת של כ 105 קמ""ש אף שהמהירות המותרת בכביש עמדה על 85 קמ""ש באופן אשר היה בו כדי לתרום לחומרת תוצאות התאונה לטענת המשיב היה על בית המשפט המחוזי להתחשב בכך בעת גזירת עונשו ומשלא עשה כן יש להקל בעונש שהושת עליו לבסוף טוען המשיב כי בית המשפט המחוזי לא העניק משקל מספק לנסיבותיו האישיות ובכלל זה ל""עברו התעבורתי הקל"" כלשונו ולהמלצת שירות המבחן שלא להשית עליו עונש מאסר בפועל לנוכח השלכותיו על המערער ועל משפחתו דיון והכרעה 9 אקדים ואומר כי אני סבור שדין הערעור על קולת העונש להתקבל ואילו דין הערעור על חומרת העונש להידחות וכך אציע לחבריי לעשות אמנם בית משפט זה ייטה שלא להתערב בחומרת העונש שהוטל על ידי הערכאה הדיונית אלא במקרים חריגים ראו למשל ע""פ 105 17 זיתוני נ מדינת ישראל בפסקה 2 לחוות דעתי 26 12 2017 אולם במקרה דנן אני סבור כי העונש אשר נגזר על המשיב סוטה לקולא באופן קיצוני ממדיניות הענישה הנוהגת ואין בו כדי לבטא באופן הולם את חומרת מעשיו 10 מאות בני אדם מוצאים את מותם מדי שנה בכבישים אין המדובר ביד הגורל בלבד לא אחת תאונות קטלניות מתרחשות כתוצאה מקלות דעתם של נהגים הנוטלים סיכונים בלתי סבירים ומפרים את הוראות כללי התעבורה על מנת לקצר את משך זמן נסיעתם עד להגעה למחוז חפצם בית משפט זה שב והדגיש את הצורך בענישה מחמירה ומרתיעה בגין עבירות תעבורה המביאות לגדיעתם של חיי אדם בטרם עת מדיניות ענישה זו נחוצה לשם הרתעת הרבים מפני ביצוע עבירות תעבורה ומפני נטילת סיכונים בלתי סבירים אשר יש בהם כדי לסכן חיי אדם בכך תורמת מערכת המשפט את חלקה במאבק המתמשך בתאונות הדרכים הגובות קורבנות כה רבים כעניין שבשגרה ראו גם רע""פ 9094 18 בושרי נ מדינת ישראל 2 1 2019 זאת ועוד נקבע כי על רמת הענישה בגין הרשעה בעבירות תעבורה קטלניות להלום את חומרת המעשים ותוצאותיהם ואילו נסיבותיו האישיות של נאשם במקרים אלו מתגמדות לנוכח התוצאות הקשות להן גרם ראו למשל ע""פ 8464 15 פנזין נ מדינת ישראל בפסקה 7 30 10 2017 11 במקרה דנן לחובת המשיב לא פחות מ 9 עבירות תעבורה בהן עבירה של אי ציות לרמזור אדום ועבירה של אי מתן זכות קדימה בעקבותיה גרם לתאונת דרכים נוספת ונגרם נזק לכלי הרכב אשר היו מעורבים בה קנסות על סך אלפי שקלים אשר הושתו על המשיב ועונש של שלילת רישיונו לפרק זמן מסוים לא היה בהם כדי להוות עבורו גורם מרתיע עבירות התעבורה הקודמות אותן ביצע המשיב הסתיימו למרבה המזל מבלי שגרם לפגיעות בנפש ובגוף אולם לא לעולם חוסן התגרות המשיב בגורלו ובגורל חבריו הביאה זו הפעם לתוצאה מרה ומזעזעת שלושה בני אדם נהרגו וילדים התייתמו מאבותיהם חרטתו של המשיב אף אם היא כנה אין בה כדי להשיב לחיים את ההרוגים 12 לנוכח תוצאותיהם הקשות של מעשי המשיב אני סבור כי העונש אשר גזר עליו בית המשפט המחוזי אינו מבטא את גודל האסון שגרם עת נכנס בקלות דעת לצומת סואן בעוד הרמזור בכיוון נסיעתו אדום עונש זה אינו עולה בקנה אחד עם רמת הענישה אשר הותוותה בפסיקותיו של בית משפט זה כלפי העבירות בהן הורשע המשיב בנסיבות דומות שכללה לעיתים עונשים של 7 ו 8 שנות מאסר בפועל ראו למשל ע""פ 8191 09 ג בארה נ מדינת ישראל 24 5 2010 וע""פ 6087 08 שרביט נ מדינת ישראל 23 3 2009 סטייה זו ממדיניות הענישה הנוהגת מצדיקה לטעמי את התערבותנו כערכאת ערעור בעונשו של המשיב תוך התחשבות בהלכה כי אין זה מדרכה של ערכאת הערעור למצות את הדין 13 אשר על כן הערעור על קולת העונש מתקבל ואילו הערעור על חומרת העונש נדחה המשיב ירצה עונש של חמש וחצי שנות מאסר בפועל תחת 45 חודשי המאסר בפועל שנגזרו עליו בבית המשפט המחוזי יתר רכיבי הענישה יוותרו על כנם ניתן היום ט בחשון התש""פ 7 11 2019 ש ו פ ט "
HUGGINGFACE-a8c46f7e7f77,2026-05-26T07:21:27+03:00,manual_review_sentence_relief,sentence_relief_only,"ה לחוקריו כי רכש את המשקאות בחנות באזור עפולה רק בחקירתו השנייה מיום 5 10 2016 כ 6 ימים לאחר שרכש את המשקאות מאותה חנות בנסיבות אלה אין לראות בהגעת החוקרים לחנות ארבעה ימים לאחר מכן מחדל חקירתי הערעור על חומרת העונש 39 בערעורו על חומרת העונש טוען המערער כי יש להקל בעונשו לנוכח תחולת תיקון 137 לחוק העונשין אשר נכנס לתוקף ביום 10 7 2019 לשיטתו בעוד שבהוראות חוק העונשין עובר לתיקון 137 העונש על עבירה של רצח בכוונה תחילה היה עונש של מאסר עולם חובה הרי שלאחר התיקון מורה סעיף 301א א לחוק כי עונש מאסר עולם חובה יוטל רק על מי שרצח ""בנסיבות מחמירות"" בהתאם לעילות המנויות בסעיף לטענת המערער משלא מתקיימת בעניינו אחת מהנסיבות המחמירות המנויות בסעיף ומשאין חובת עונש מאסר עולם מנדטורי על פי דין מסור לבית המשפט שיקול דעת בגזירת עונשו המערער סבור אפוא כי לנוכח מחדל החקירה לו הוא טוען יש לגזור עליו עונש שאינו מאסר עולם 40 המשיבה בתגובתה לא חלקה כי תיקון 137 לחוק העונשין חל בעניינו של המערער משטרם ניתן פסק דין חלוט בעניינו אולם טענה כי בנסיבות המקרה דנן מתקיימת הנסיבה המחמירה המנויה בסעיף 300א א 9 לחוק העונשין אשר לפיה הרצח בוצע "" תוך יצירת סכנה ממשית לחייו של אדם אחר נוסף על הקורבן "" לשיטת המשיבה משירה המערער 8 כדורים אל עבר המנוח בלב רחבת ריקודים הומה אדם ופצע בפועל שניים נוספים יצר סכנה ממשית לחייהם של אחרים שהיו בקרבת המנוח לנוכח זאת סבורה המשיבה כי חלה בעניינו של המערער הוראת סעיף 301א א לחוק העונשין הקובעת עונש של מאסר עולם חובה בגין ביצוע עבירת רצח לחלופין טוענת המשיבה כי אף אם לא מתקיימות בנסיבות המקרה אחת מהנסיבות המחמירות שבגינן יש להשית על המערער עונש מאסר עולם חובה הרי שמכל מקום עונש זה הולם את נסיבותיה החמורות של עבירת הרצח במקרה דנן 41 כאמור הצדדים אינם חלוקים על כך שתיקון 137 לחוק העונשין חל על עניינו של המערער אכן סעיף 5 לחוק העונשין שכותרתו ""שינוי חיקוק לאחר עשיית העבירה"" קובע בסעיף קטן א כי ""נעברה עבירה ובטרם ניתן פסק דין חלוט לגביה חל שינוי בנוגע להגדרתה או לאחריות לה או בנוגע לעונש שנקבע לה יחול על הענין החיקוק המקל עם העושה "" מהוראה זו עולה כי מקום בו נעשה שינוי חקיקתי בטרם הפך פסק דין לחלוט תחול הנורמה המקלה על הנאשם אף ביחס לעבירות שבוצעו קודם לאותו חיקוק לצד זאת תיקון 137 לחוק קבע כללים ספציפיים באשר לתחולתו בזמן כך סעיף 25 א ל תיקון קובע כי ""תחילתו של חוק זה שישה חודשים מיום פרסומו להלן יום התחילה והוא יחול על עבירות שבוצעו מיום התחילה ואילך"" סעיף 25 ב לתיקון לחוק מוסיף וקובע כי ""על עבירה שבוצעה לפני יום התחילה וטרם ניתן פסק דין חלוט בעניינה יחולו הוראות סעיף 5 א לחוק העיקרי לעניין זה בבואו לקבוע מהו הדין המקל על העושה יבחן בית המשפט את מלוא ההסדר הקבוע בחוק העיקרי כנוסחו בחוק זה לעומת ההסדר שהיה קבוע בחוק העיקרי לעניין גרימת מוות ערב יום התחילה להלן הדין הישן "" נמצאנו למדים אפוא שבמקרה בו ביצע נאשם עבירה בטרם נכנס תיקון 137 לחוק העונשין לתוקף אולם בטרם ניתן פסק דין חלוט בעניינו נכנס התיקון לחוק לתוקפו יחול על הנאשם שהורשע בביצוע עבירת רצח הדין המקל עמו על כן ככל שתיקון 137 לחוק העונשין מקל עם המערער יש להחילו במסגרת הדיון בערעורו על גזר הדין וראו והשוו ע""פ 8328 17 ג בר נ מדינת ישראל פסקה 12 לפסק דינו של חברי השופט נ הנדל 28 7 2019 ע""פ 1828 14 דהאן נ מדינת ישראל בפסקאות 22 23 לפסק דינו של השופט ח מלצר 27 6 2019 לנוכח האמור אפנה עתה לדון האם יש בתיקון 137 לחוק העונשין כדי להקל בדינו של המערער 42 סעיף 301א א לחוק העונשין במתכונתו לאחר תיקון 137 מורה כי עונשו של מי שגרם בכוונה או באדישות למותו של אדם אחר באחת הנסיבות המחמירות המנויות בסעיף הוא עונש של מאסר עולם חובה אחת הנסיבות הללו המנויה בסעיף 301א א 9 היא כי ""המעשה בוצע תוך יצירת סכנה ממשית לחייו של אדם אחר נוסף על הקורבן"" 43 משהועלתה ההצעה לתיקון חוק העונשין לקריאה ראשונה בפני הכנסת הוצע לקבוע כנסיבה מחמירה לביצוע עבירת הרצח מקרים שבהם המעשה ""בוצע תוך יצירה סכנה ממשית לפגיעה חמורה בגופו של אדם אחר נוסף על הקורבן"" הצעת חוק העונשין תיקון מס 124 עבירות המתה התשע""ו 2015 ה""ח 972 בדברי ההסבר לתיקון לחוק בהתייחס לנוסחה דאז של הנסיבה המוצעת נכתב כי ""מוצע לקבוע כנסיבה מחמירה מקרה שבו העבירה בוצעה תוך יצירת סכנה לאדם אחר מלבד הקרבן במקרה זה הפגיעה בערך של חיי אדם קשה יותר משום שהעושה חושף אנשים נוספים פרט לקרבן לסכנה של פגיעה חמורה למשל במקרה של הנחת פצצה במקום שבו שוהים אנשים אחרים מלבד הקרבן המיועד או הצתה של מקום כאמור הנסיבה המחמירה המוצעת בפסקה זו תחול גם במקרה שלא נגרמה בפועל פגיעה באדם נוסף או לא נעשה ניסיון לפגוע באדם נוסף אך נוצרה סכנה ממשית לפגיעה כאמור"" שם בעמ 173 44 ואולם בסופו של יום נוסח החקיקה אשר התקבל בכנסת צמצם את תחולתה של הנסיבה ונקבע כאמור כי נסיבה זו תתקיים רק במקרים שבהם המעשה בוצע ""תוך יצירה סכנה ממשית לחייו של אדם אחר נוסף על הקרבן"" לאמור נסיבה מחמירה זו חלה אך ורק במקרים שבהם לא זו בלבד שהנאשם גדע בכוונה או באדישות את חייו של הקרבן אלא הוסיף ויצר במעשיו סכנה ממשית לחייהם של אחרים 45 נמצאנו למדים כי ההחמרה בעונשו של נאשם אשר גרם למותו של אדם אחר בכוונה או באדישות ואגב זאת יצר סכנה ממשית אף לחיים של אדם אחר מוצדקת בשל הזלזול העמוק שמבטא מעשה זה בערך המקודש של חיי אדם מטעם זה קבע המחוקק כי העונש הראוי לביצוע עבירה בנסיבות אלו הוא עונש של מאסר עולם חובה עונש זה מביא לידי ביטוי את מידת האשם הגבוהה של מבצע העבירה מגלם את ההוקעה הר"
HUGGINGFACE-047748cb2db9,2026-05-26T07:21:27+03:00,manual_review_sentence_relief,sentence_relief_only,"רור מלשון הסעיף ודבר זה גם זכה להדגשה בדברי ההסבר להצעת החוק בהם נאמר כדלקמן ""יודגש כי סמכות זו של בית המשפט מוגבלת על פי המוצע לנסיבות שבהן המעשה אינו מבטא דרגת אשמה חמורה במיוחד ואינה מאפשרת לבית המשפט לשקול שיקולים נוספים חיצוניים לנסיבות המעשה שיש בהם כדי להפחית מאשמתו של הנאשם כגון נסיבותיו האישיות של העושה יצוין כי נציגי הסניגוריה הציבורית בצוות קרמניצר סברו בדעת מיעוט כי יש לתת לבית המשפט נוסף על הסמכות להרשיע בעבירת הרצח הבסיסית כאמור בסעיף 301א ב המוצע גם שיקול דעת לסטות מעונש החובה כשהוא מרשיע נאשם בעבירה של רצח בנסיבות מחמירות זאת לאור עמדתם כי יש לאפשר לבית המשפט להתחשב במכלול הנסיבות הרלוונטיות לענישה ובכלל זה נסיבותיו האישיות של העושה ולא להגבילו לנסיבות הנוגעות למידת האשמה שבמעשה"" שם בעמ 174 173 36 כפי שטענה המדינה בעיקרי הטיעון שהניחה לפנינו רוב הנסיבות עליהן נסמך המערער אינן נוגעות למעשה הרצח שביצע ומשכך אין בכוחן להביא להפעלת סעיף 301א ב לחוק העונשין החדש לטובתו גילו הצעיר של המערער בוודאי אינו יכול לשמש נסיבה מיוחדת שמפחיתה מחומרת מעשיו כל אימת שהינו בר עונשין התנהלותם של המדובב ושל גורמי החקירה ביחס למערער אינה מורידה מדרגת האשמה שדבקה במעשהו אשר קדם לאותה התנהלות כך הוא גם לגבי הפער הנטען שבין תוצאות ההליך המשפטי בעניינו של המערער לבין תוצאות ההליכים המשפטיים בעניינם של שותפיו לדבר עבירה לקיחת האחריות על מעשי המערער אף היא אינה מעלה ואינה מורידה לעניין חומרת מעשה הרצח ג"
HUGGINGFACE-c3413672b5fd,2026-05-26T07:21:27+03:00,manual_review_sentence_relief,sentence_relief_only," לחוק העונשין תרומתו של המסייע היא חיצונית אין הוא חלק פנימי של המשימה העבריינית עצמה אין הוא היוזם אין הוא המחליט על הביצוע ואין הוא שולט על הביצוע אין הוא אדון לביצוע הוא מבצע מעשי עזר הנפרדים מביצוע העבירה על ידי העבריין העיקרי ושיש בהם כדי לאפשר את הביצוע להקל עליו או לאבטח אותו המסייע אינו משתתף אפוא בביצוע העבירה עצמה אלא חלקו מתבטא בפעולות החיצוניות לעבירה טול את ראובן ושמעון המתכננים ביצוע שוד תוך חלוקת תפקידים ביניהם הם זקוקים לאדם שיסיע אותם למקום השוד הם מבקשים מלוי להסיעם והוא עושה כן לוי הוא מסייע לראובן ושמעון שהינם עבריינים עיקריים בצוותא"" ע""פ 4389 93 מרדכי נ מדינת ישראל פ ד נ 3 239 250 וראו גם ע""פ 3596 93 אבו סרור נ מדינת ישראל פ ד נב 2 481 449 1998 ע""פ 2796 95 פלונים נ מדינת ישראל פ ד נא 3 388 406 405 1997 ע""פ 4087 14 סקורדוק נ מדינת ישראל פסקה 64 5 1 2017 ע""פ 275 09 ע ולמה נ מדינת ישראל פסקה 64 28 7 2011 67 סיכומם של דברים באשר להכרעת הדין לאחר בחינת מכלול הראיות שעמדו בפני בתי משפט קמא אני סבור כי הכרעות הדין בעניינם של המערערים מבוססות היטב בחומר הראיות ובדין ואין כל עילה העשויה להצדיק את התערבותנו בממצאים ובמסקנות שנקבעו אשר על כן אציע לחבריי כי נדחה את ערעוריהם של המערערים על הכרעות הדין ונותיר את ההרשעות על כנן הערעורים על גזרי הדין 68 כמצוין לעיל שלושת הערעורים של המערערים מופנים לחלופין גם כלפי גזרי הדין כאשר ערעורם של יורי ורוני מופנה רק נגד רכיב הפיצויים בעונש אתייחס תחילה לסוגיית הפיצויים המשותפת לכל המערערים א הפיצויים 69 כידוע פיצוי לטובת נפגע עבירה אשר נפסק מכוחו של סעיף 77 א לחוק העונשין אינו בבחינת עונש נוסף המוטל על הנאשם בביצוע העבירה אלא בבחינת פיצוי שנועד בעיקרו לשפות את הנפגע על הנזק והסבל שנגרמו לו עקב ביצוע העבירה פיצוי זה הוא בעל גוון אזרחי מובהק אך הוא מושפע מהסביבה הפלילית ומהנורמות המאפיינות אותה ע""פ 2965 13 מדינת ישראל נ אלרפעיה פסקה 27 2 7 2014 רע""פ 9727 05 פלוני נ מדינת ישראל פסקאות 14 13 8 8 2007 רע""ב 3749 17 סטצנקו נ בית המשפט המחוזי מרכז לוד פסקאות 20 18 27 3 2018 פיצוי זה נקבע בדרך של אומדן והוא איננו אמור לשקף במדויק את הנזק הממשי שנגרם לנפגע העבירה על פי רוב פיצוי כאמור הוא פיצוי חלקי בלבד מסיבה זו אף הוגבל בחוק שיעור הפיצוי שניתן לפסוק מכוח סעיף 77 א לחוק העונשין ראו גם רע""פ 2976 01 אסף נ מדינת ישראל פ ד נו 3 418 464 ומתן פיצוי כאמור אינו מעמיד מחסום בפני נפגע העבירה בבואו להגיש תובענת נזיקין נגד העבריין התערבות ערכאת הערעור בשיעור הפיצוי שנקבע על ידי הערכאה הדיונית הינה מצומצמת ושמורה למקרים חריגים בהם חרגה הערכאה הדיונית באופן קיצוני משיעור הפיצוי הראוי ע""פ 6452 09 עלי נ מדינת ישראל 22 7 2010 ע""פ 8745 08 פלוני נ מדינת ישראל 30 11 2011 ע""פ 8465 14 כרכי נ מדינת ישראל 24 8 2015 ע""פ 2951 12 ביאדסה נ מדינת ישראל 2 8 2012 המקרה דנן אינו נמנה על מקרים אלו 70 טענת המערערים לענין זה כמפורט בראשית הדברים הינה כי בהתאם להלכת טווק סמכות בית המשפט להטיל פיצוי לטובת נפגעי העבירה מוגבלת לסכום המקסימלי הקבוע בחוק 258 000 יהיה מספר הנאשמים בביצוע העבירה שהורשעו בה אשר יהא וזאת מכיוון שלטענתם מדובר בסכום מקסימלי ל""מקרה המתה אחד"" 71 דינה של טענה זו להידחות הלכת טווק עוסקת בשאלת גובה הפיצוי במקרה של ריבוי נפגעים בשל מעשה של נאשם אחד בעניין זה נקבע כי סכום הפיצוי שיוטל על הנאשם לא יעלה על סכום הפיצוי המקסימלי הקבוע בחוק אף כאשר מעשי הנאשם פגעו ביותר מנפגע עבירה אחד הלכה זו אינה עוסקת בשאלת גובה הפיצוי מקום בו יש ריבוי נאשמים ואין כל מקום לגזור גזירה שווה למצב בו מספר נאשמים מורשעים בגין אותו מעשה עבירה מבחינת תכלית הגבלת סכום הפיצוי מסקנה זו עולה בבירור גם מלשון הוראת החוק המסמיכה את בית המשפט להטיל חיוב בפיצויים הקובעת לאמור "" א הורשע אדם רשאי בית המשפט לחייבו בשל כל אחת מן העבירות שהורשע בהן לשלם לאדם שניזוק על ידי העבירה סכום שלא יעלה על 258 000 שקלים חדשים לפיצוי הנזק או הסבל שנגרם לו "" החיוב בפיצוי והמגבלה על שיעורו מתייחסים לכל אדם שהורשע לפיכך מקום בו מורשעים נאשמים אחדים גם אם באותו מעשה עבירה סמכות בית המשפט להטיל על העבריין לפצות את קורבן העבירה על פי שיקול דעתו מתייחסת לכל אדם שהורשע בעבירה כאשר לגבי כל אחד מאלה קיימת ההגבלה על שיעור הפיצוי המקסימלי הקבוע בחוק 72 בענייננו נפסק כי על כל אחד מהמערערים לשלם למשפחת המנוח פיצוי בסך 200 000 סכום הנמוך מהתקרה הקבועה בחוק איני סבור כי יש עילה להתערבותנו בקביעת הסכומים שנקבעו אשר בהתחשב באופי הפגיעה הקשה במשפחת המנוח אין גם לומר כי הם בלתי סבירים ב ערעור רפי על חומרת עונש המאסר שהושת עליו 73 טענתו של רפי הינה בתמצית כי לאור נסיבות ביצוע העבירה המצביעות על חלקו המוגבל בביצוע העבירה ונוכח עברו הפלילי הדל מאוד והיותו אב ל 5 ילדים העונש שהוטל עליו חורג לחומרה באופן המצדיק הקלה בעונשו 74 כידוע נקודת המוצא היא כי אין מדרכה של ערכאת הערעור להתערב בחומרת העונש שהוטל על ידי הערכאה הדיונית אלא במקרים חריגים בהם נפלה בגזר הדין טעות מהותית או שעה שהעונש שנגזר על ידה חורג באופן ממשי מרמת הענישה המקובלת או הראויה בנסיבות דומות לאחר בחינת מכלול הנסיבות והשיקולים אני סבור כי העונש שהוטל על רפי בגין הסעתם של יורי ורוני 13 שנות מאסר לריצוי בפועל חורג מהענישה הנוהגת בעבירות של סיוע לרצח ואינו מתחייב לדעתי מעקרון ההלימה ולפיכך יש הצדקה להקל בעונש המאסר שהושת עליו כפי שיפורט להלן 75 כזכור רפי הואשם תחילה בביצוע עבירת רצח כמבצע בצוותא אולם הוא זוכה מעבירת רצח והורשע חלף כך בעבירה של סיוע לרצח ממכלול הראיות בתיק שנסקרו לעיל בתמצית עולה כי רפי לא היה מעורב בתכנון הרצח או בביצועו הוא לא ידע על זהות הקורבן ועל סיבת הפגיעה בו וחלקו התמצה בהסעתם של יורי ורוני למקום האירוע והסעתם חזרה מהמקום רפי גם לא קיבל כל חלק בתמורה שהסתבר בדיעבד שיורי ורוני קיבלו בגין ביצוע הרצח אמנם אין להקל ראש כלל ועיקר בחומרת מעשיו אלה כאשר הוא מודע כפי שנקבע שהוא מסייע לעבירת רצח אף אם כדבריו לא האמין שהם יבצעו את זממם אך גם בין מסייעים לרצח יש רמת מעורבות שונה ממקרה למקרה המשליכה על חומרת מעשיהם ועל העונש ההולם 76 ואכן עיון בפסיקה מלמד כי קיים מנעד רחב למדיי של עונשים בעבירה של סיוע לרצח כאשר עונשו של המסייע נבחן בהתאם למאפייני הסיוע שהגיש פסקי הדין עליהם הסתמך בית המשפט המחוזי בעניינו של רפי עוסקים בנסיבות שונות מהותית לחומרה מאלה במקרה דנן באופן שאינם יכולים לבסס את מתחם הענישה שנקבע בעניינו של רפי 15 10 שנות מאסר בפועל ואת העונש שנקבע בגדרו כך ע""פ 5812 14 גורליק נ מדינת ישראל 29 11 2015 הנזכר בגזר הדין במקרה זה נדחה ערעורה של מי שהורשעה בסיוע לרצח של גרושתו של בעלה והעלמת הגופה באמצעות חומצה ונגזר עליה עונש של 15 שנות מאסר תוך שצוין במפורש כי "" המערערת הייתה מעורבת בכל שלבי התכנון שאפשרו את הרצח וסילוק הגופה "" ובהתאם לכך מתחם הענישה שנקבע באותו עניין נע בין 16 12 שנות מאסר וכך גם בע""פ 635 05 דענא נ מדינת ישראל 26 11 2007 שגם אותו הזכיר בית משפט קמא שם נדחה ערעור על עונשו של מי שסייע לאחיו לרצוח את המנוח ונידון לעונש של 14 שנות מאסר באותו מקרה נקבע כי המערער היה שותף פעיל בביצוע העבירה וכי הוא סייע להתגשמותה בכל מהלכי ביצועה החל בהבאת המנוח לזירת האירוע עובר דרך שלילת כושר התנגדותו לדקירות הרבות בגופו בכך שקפץ על גבו חסם את פיו והפילו ארצה המשך בטשטוש הראיות לאחר מעשה באמצעות שטיפת הרצפה ואחד הקירות וגרירת הגופה אל חורשת עצים וכלה באיומים שהשמיע כלפי גיסו לבל יפצה פה לעומת זאת במקרים אחרים של הרשעה בסיוע לרצח הוטלו עונשים מתונים בהרבה כך למשל בע""פ 6162 16 תופיק דלו נ מדינת ישראל 4 2 2018 בו נדונו ערעורים הדדיים נקבע כי מידת מעורבותו של המערער במעשה הרצח הייתה כזו ש "" אך כפסע היה בין הרשעתו בעבירת הרצח לבין הרשעתו כמסייע "" ובשל כך הוחמר עונשו ל 10 5 שנות מאסר חלף 8 5 שנות מאסר שנגזרו עליו בבית המשפט המחוזי תוך שנקבע שמתחם הענישה ההולם הוא בין 9 ל 14 שנות מאסר וכך גם בשני פסקי דין הדומים יותר לענייננו בע""פ 4770 14 אגייב נ מדינת ישראל 5 11 2015 נדחה ערעורו של מי שהורשע בסיוע לרצח כפול קשירת קשר לפשע ונהיגה ללא רישיון והושת עליו עונש של 8 5 שנות מאסר לאחר שנקבע אמנם כי מעשיו תרמו תרומה של ממש לביצוע העבירה אך הוא לא היה חוליה דומיננטית בשרשרת העבריינית מתחם הענישה במקרה זה הועמד על 11 7 שנות מאסר וכן פסק הדין בע""פ 4317 97 פוליאקוב נ מדינת ישראל פ""ד נג 1 289 1999 בו אחד המעורבים ברצח ששימש בדומה למקרה דנן כנהג שהסיע את מבצעי הרצח הורשע בסיוע לרצח ונגזרו עליו 6 שנות מאסר ומתוכן ארבע שנים בפועל והיתרה על תנאי 77 לאור המפורט לעיל אני סבור כאמור כי הן מתחם הענישה שנקבע והן העונש שנקבע בגדרו חורגים לחומרה מרמת הענישה הנוהגת מעורבותו של רפי באירוע הרצח הייתה מוגבלת כאמור ובמובן זה מקומו הוא בחלקו התחתון של המנעד של מסייע גם נסיבותיו האישיות של רפי אין בהם כדי להצדיק החמרה בעונשו לפיכך אני סבור כי יש להקל בעונש המאסר שהושת על רפי ולהעמיד את מתחם העונש ההולם בעניינו על 13 8 שנות מאסר ובגדרו לגזור עליו עונש של 9 שנות מאסר לריצוי בפועל 78 סוף דבר אציע לחבריי לדחות את ערעוריהם של יורי ושל רוני ולקבל באופן חלקי את ערעורו של רפי על גזר הדין באופן שעונש המאסר בפועל שהושת עליו יועמד על 9 שנים כאשר יתר רכיבי גזר הדין יישארו על כנם ש "
HUGGINGFACE-0db82fe6d11a,2026-05-26T07:21:27+03:00,manual_review_sentence_relief,sentence_relief_only," מצב הדברים הכולל בשלב הזה אינטרס של המערערת בהפחתה מתקופת המאסר ואינטרס של המשיבה לשמר את ההרשעה בהריגה ב""כ הצדדים שמעו את דברינו ואת תמצית נימוקינו כך גם משפחת המנוח ולאחר מכן באו בדברים עם לקוחותיהם ובינם לבין עצמם והודיעו על הסכמה וקבלת הצעתנו החלטנו אפוא להפחית שנה מתקופת המאסר במקום 4 שנים תרצה המערערת 3 שנות מאסר הכרעת הדין המרשיעה בעבירת הריגה תעמוד בתוקפה וכך גם שאר רכיבי גזר הדין אנו משתתפים בצערה של משפחת המנוח ניתן היום י""ג באייר התש""פ 7 5 2020 ש ו פ ט ש ו פ ט ש ו פ ט _________________________ 19081560_O08 docx שצ מרכז מידע טל 077 2703333 3852 אתר אינטרנט http supreme court gov i l"
HUGGINGFACE-473f9ebe47ed,2026-05-26T07:21:27+03:00,manual_review_sentence_relief,sentence_relief_only,"אחור ומפנות מקומן לשיקולי הרתעה דיון והכרעה 11 לאחר עיון בגזר הדין ובחינת טענות ב""כ הצדדים מזה ומזה באתי לכלל מסקנה כי נכון יהיה להפחית מקצת מתקופת המאסר שהושתה על המערער 12 אכן חומרתן של העבירות אותן ביצע המערער מופלגת לא בנקל לא בחופזה באתי לכלל מסקנה כי יש להקל הקלת מה בעונשו של המערער מקובל על דעתי לחלוטין המסר שביקש בית המשפט המחוזי להעביר בגזר הדין אכן בתי המשפט נוקטים יד קשה ובלתי מתפשרת וכך צריך להיות כלפי מעשי טרור שמבוצעים על רקע לאומני ""על בית המשפט לדבר בעניין זה בקול ברור צלול ומחמיר"" ע""פ 10111 16 יחיא נ מדינת ישראל פסקה 3 15 02 2018 צדק בית המשפט המחוזי בקובעו כי במצבים מעין אלו נסיבותיו האישיות של הנאשם נדחקות אחור ועיקר כובד המשקל ניתן לשיקולי הגמול וההרתעה ע""פ 7367 18 כורד נ מדינת ישראל פסקה 15 02 05 2019 זאת ועוד ברי כי שיקולי ההרתעה קיבלו משנה תוקף על רקע גל הטרור שפקד את המדינה בעת ההיא שם פסקה 14 ע""פ 1299 17 דוויאת נ מדינת ישראל פסקה 10 13 01 2019 13 יחד עם זאת מדיניות הענישה מבחינה בין רמות חומרה שונות של מעשי הניסיון היא מתחשבת בשלב בו סוכל הניסיון ויותר מכך בתוצאותיו המוחשיות בנוגע לענייננו נודעת חשיבות מסוימת לעובדה שתושיית השוטרים מנעה מן המערער לפגוע בנפש אדם ולפיכך באורח נס ניסיון הרצח נגמר בלא תוצאות של ממש מעשי המערער חמורים עד מאד על כך אין עוררין ואולם שיטת המשפט שלנו מכירה במעמדן של תוצאות המעשה במסגרת גזירת הדין של הנאשם סעיף 40ט א 4 לחוק ע""פ 2418 17 קוטינה נ מדינת ישראל פסקאות 25 24 25 10 2018 14 עיינתי בפסקי הדין שהגישו ב""כ שני הצדדים כמו גם בפסקי דין נוספים ומצאתי כי על דרך הכלל ענישה ברמת חומרה דומה לזו של המערער נגזרה במקרים שבהם נפגעה בפועל שלמות גופו של אדם סברתי אפוא כי בשים לב למדיניות הענישה הנוהגת בהתחשב בכך שזו העבירה הראשונה העומדת לחובתו של המערער ובהתחשב בנסיבותיו האישיות יש להקל במקצת בעונשו וזאת מבלי להפחית כמלוא הנימה מחומרת מעשיו מן התוצאות ההרסניות שעלולות היו להיגרם כתוצאה מהם ומן ההכרח בענישה קשה 15 נוכח האמור אציע להפחית שנתיים מעונשו של המערער כך שיעמוד על 14 שנות מאסר בפועל יתר רכיבי העונש יוותרו על כנם ש ו פ ט השופט מ מזוז אני מסכים ש ו פ ט השופט א שטיין אני מסכים ש ו פ ט לפיכך הוחלט כאמור בפסק"
HUGGINGFACE-226ffb1b03ea,2026-05-26T07:21:27+03:00,manual_review_sentence_relief,sentence_relief_only,"ן המערערים לעניין העונש 9 כאמור לאור הרפורמה בעבירות ההמתה המדינה הסכימה להמיר את עבירת ההריגה שהעונש בצידה הוא 20 שנה לעבירה של המתה בקלות דעת שהעונש בצידה הוא 12 שנה יכול הטוען לטעון כי מאחר שהעונש המכסימלי בגין המעשה הופחת על ידי המחוקק באופן כה משמעותי יש להפחית מיניה וביה מהעונש שהוטל על המערערים על פי הדין הישן ולא היא המעשה ונסיבותיו אינם מושפעים מכותרת העבירה וכאשר בית המשפט המחוזי השית על המערערים עונש מאסר של עשר שנים הוא ראה נגד עיניו יסוד נפשי של קלות דעת כפי שעולה גם מסעיף 133 להכרעת הדין של המערערת בו מציין בית המשפט כי מי שמבצע הצתה נוטל על עצמו סיכון גם אם יש להניח שהוא עושה זאת ""בהנחה ובתקווה שהסיכון לא יתממש משמעות התנהגות כזאת מלמדת על מצב נפשי של קלות דעת בנוגע להתרחשות"" הדגשה הוספה י""ע עם זאת בהינתן השיקולים לקולה עליהם עמדנו לעיל ובעיקר נסיבותיה האישיות המיוחדות של המערערת והיעדר עבר פלילי של המערער הגענו למסקנה כי יש להעמיד את עונשם של המערערים על תשע שנים דהיינו הפחתה של שנה 10 הפיצוי תסקירי נפגעי העבירה מדברים בעד עצמם ומלמדים על הפגיעה והנזקים שנגרמו לבעלה של המנוחה ולמשפחתה כפי שעלה גם מהדברים הנרגשים שנשאו בפנינו בתום הדיון עם זאת אנו סבורים כי לא היה מקום להטיל על כל אחד מהמערערים לשאת בפיצוי בשיעור הכמעט מכסימלי על פי החוק אנו מעמידים אפו"
